datetime,Load(KW)
01/01/2019 00:00,3969.1272363591193
01/01/2019 01:00,3622.909834170177
01/01/2019 02:00,3523.2542906958943
01/01/2019 03:00,3518.9067176387443
01/01/2019 04:00,3522.1333881656274
01/01/2019 05:00,4064.0020790833873
01/01/2019 06:00,5239.238519191155
01/01/2019 07:00,5303.504902534141
01/01/2019 08:00,4483.451956898824
01/01/2019 09:00,4436.658003788366
01/01/2019 10:00,4215.221546782576
01/01/2019 11:00,4573.642074736561
01/01/2019 12:00,4580.5097028983955
01/01/2019 13:00,4115.021512917657
01/01/2019 14:00,5002.126578251315
01/01/2019 15:00,5722.611102493825
01/01/2019 16:00,5732.121868730889
01/01/2019 17:00,4957.600887737255
01/01/2019 18:00,5839.182116456064
01/01/2019 19:00,6183.853583914372
01/01/2019 20:00,6456.533541288167
01/01/2019 21:00,5691.040069939716
01/01/2019 22:00,5103.518039563496
01/01/2019 23:00,4266.066154121912
02/01/2019 00:00,3846.9800246537206
02/01/2019 01:00,3650.106091440935
02/01/2019 02:00,3336.761532912123
02/01/2019 03:00,3403.078405593078
02/01/2019 04:00,3483.1351360477047
02/01/2019 05:00,4056.935112166007
02/01/2019 06:00,4911.953392969264
02/01/2019 07:00,5472.22463850666
02/01/2019 08:00,4545.6586411151275
02/01/2019 09:00,4227.073715056503
02/01/2019 10:00,4380.132748255657
02/01/2019 11:00,4468.565333153757
02/01/2019 12:00,4575.994215948524
02/01/2019 13:00,4108.945923215713
02/01/2019 14:00,5064.910573203676
02/01/2019 15:00,5855.1766964524095
02/01/2019 16:00,6042.718894128636
02/01/2019 17:00,4936.549231182249
02/01/2019 18:00,5981.873941659243
02/01/2019 19:00,6399.119138227508
02/01/2019 20:00,5910.277986951208
02/01/2019 21:00,5606.112019875887
02/01/2019 22:00,5022.816238352429
02/01/2019 23:00,4597.883541717677
03/01/2019 00:00,3951.165187632764
03/01/2019 01:00,3445.581797443711
03/01/2019 02:00,3489.70199819876
03/01/2019 03:00,3326.274210921711
03/01/2019 04:00,3475.0177145644425
03/01/2019 05:00,4167.853143934603
03/01/2019 06:00,5156.969520842162
03/01/2019 07:00,5328.986874885487
03/01/2019 08:00,4433.009749394351
03/01/2019 09:00,4325.103073559518
03/01/2019 10:00,4317.131056811477
03/01/2019 11:00,4774.200518847021
03/01/2019 12:00,4482.128654601956
03/01/2019 13:00,4341.284615144293
03/01/2019 14:00,5100.019171358624
03/01/2019 15:00,5611.913614476537
03/01/2019 16:00,6055.853485916166
03/01/2019 17:00,5111.127049569596
03/01/2019 18:00,5989.732345295692
03/01/2019 19:00,6651.857905344786
03/01/2019 20:00,6251.697224815287
03/01/2019 21:00,5618.956817222274
03/01/2019 22:00,5148.419802939264
03/01/2019 23:00,4662.1801058085175
04/01/2019 00:00,3906.6466920484054
04/01/2019 01:00,3808.7652085955406
04/01/2019 02:00,3184.476968372663
04/01/2019 03:00,3448.1247563779484
04/01/2019 04:00,3556.312809101826
04/01/2019 05:00,4056.0371299914245
04/01/2019 06:00,5016.020310332741
04/01/2019 07:00,4875.034338341153
04/01/2019 08:00,4517.531262701767
04/01/2019 09:00,4412.37031926575
04/01/2019 10:00,4464.1743933506295
04/01/2019 11:00,4566.330885181458
04/01/2019 12:00,4437.201260225297
04/01/2019 13:00,4299.88588351582
04/01/2019 14:00,5419.965131332706
04/01/2019 15:00,5878.207833773214
04/01/2019 16:00,5817.795703461406
04/01/2019 17:00,4986.924310327489
04/01/2019 18:00,6020.181822164144
04/01/2019 19:00,6645.099297823499
04/01/2019 20:00,6054.342473068184
04/01/2019 21:00,5673.526351479502
04/01/2019 22:00,5033.287442634019
04/01/2019 23:00,4260.883173737054
05/01/2019 00:00,3353.7535906317285
05/01/2019 01:00,3116.517836544856
05/01/2019 02:00,2938.1356517463014
05/01/2019 03:00,2840.247267257127
05/01/2019 04:00,2886.972534839957
05/01/2019 05:00,3434.936798308928
05/01/2019 06:00,4208.196735897451
05/01/2019 07:00,4300.4697945165
05/01/2019 08:00,3846.6721072680702
05/01/2019 09:00,3755.7400727229933
05/01/2019 10:00,3839.053506346544
05/01/2019 11:00,3963.3316466262113
05/01/2019 12:00,3895.2408652462
05/01/2019 13:00,3702.4724722083456
05/01/2019 14:00,4225.731394035488
05/01/2019 15:00,4943.744534861523
05/01/2019 16:00,5034.067181562282
05/01/2019 17:00,4483.096885169749
05/01/2019 18:00,5072.850528336063
05/01/2019 19:00,5538.4867855866805
05/01/2019 20:00,5251.435700521563
05/01/2019 21:00,4699.615578726715
05/01/2019 22:00,4477.64594155164
05/01/2019 23:00,3873.5186924989166
06/01/2019 00:00,3403.1094858973793
06/01/2019 01:00,3007.937035206147
06/01/2019 02:00,3061.3140341596695
06/01/2019 03:00,2740.0828028491364
06/01/2019 04:00,3068.073592091388
06/01/2019 05:00,3707.444675194612
06/01/2019 06:00,4125.562286524182
06/01/2019 07:00,4331.665304439534
06/01/2019 08:00,3876.9306968597693
06/01/2019 09:00,3654.7116804519524
06/01/2019 10:00,3464.424642392025
06/01/2019 11:00,3950.79216122747
06/01/2019 12:00,3742.188933476679
06/01/2019 13:00,3763.4816354371137
06/01/2019 14:00,4360.158603160828
06/01/2019 15:00,5177.737383710516
06/01/2019 16:00,4906.912359900297
06/01/2019 17:00,4134.270611524207
06/01/2019 18:00,5226.819144917976
06/01/2019 19:00,5286.15225810601
06/01/2019 20:00,5292.782092144593
06/01/2019 21:00,5061.360663720941
06/01/2019 22:00,4120.445542938184
06/01/2019 23:00,3809.049665567175
07/01/2019 00:00,3941.3408787765934
07/01/2019 01:00,3723.3281482257757
07/01/2019 02:00,3327.8492394440277
07/01/2019 03:00,3231.843962854384
07/01/2019 04:00,3602.590584909642
07/01/2019 05:00,4129.214520641254
07/01/2019 06:00,5039.84083581928
07/01/2019 07:00,5238.031184557913
07/01/2019 08:00,4454.727627358654
07/01/2019 09:00,4396.017802209782
07/01/2019 10:00,4312.233467439586
07/01/2019 11:00,4539.045499951668
07/01/2019 12:00,4802.0382876829235
07/01/2019 13:00,4427.656949985974
07/01/2019 14:00,5086.572647657189
07/01/2019 15:00,5935.450017354074
07/01/2019 16:00,5738.887769081009
07/01/2019 17:00,5027.2682584308095
07/01/2019 18:00,6211.341050463231
07/01/2019 19:00,6298.464548900793
07/01/2019 20:00,6363.342880267733
07/01/2019 21:00,5800.805183826213
07/01/2019 22:00,5218.8075042065175
07/01/2019 23:00,4710.1445830053935
08/01/2019 00:00,3882.059716595905
08/01/2019 01:00,3555.737235022024
08/01/2019 02:00,3363.872475393137
08/01/2019 03:00,3282.790280586457
08/01/2019 04:00,3538.845491448681
08/01/2019 05:00,4134.637492347924
08/01/2019 06:00,5043.772296528458
08/01/2019 07:00,5312.797261214703
08/01/2019 08:00,4549.273783099444
08/01/2019 09:00,4555.966451017139
08/01/2019 10:00,4240.710540033981
08/01/2019 11:00,5016.971060123029
08/01/2019 12:00,4632.856667918841
08/01/2019 13:00,4253.339789151272
08/01/2019 14:00,5105.628049504335
08/01/2019 15:00,5905.051263039427
08/01/2019 16:00,5872.118316365497
08/01/2019 17:00,5016.500118799035
08/01/2019 18:00,6087.921104670828
08/01/2019 19:00,6443.341328138917
08/01/2019 20:00,6027.487587137023
08/01/2019 21:00,5469.454578889011
08/01/2019 22:00,5024.974301383968
08/01/2019 23:00,4571.0475214052685
09/01/2019 00:00,3935.968655576948
09/01/2019 01:00,3502.040069691374
09/01/2019 02:00,3474.055917935028
09/01/2019 03:00,3404.049523411835
09/01/2019 04:00,3452.997404427683
09/01/2019 05:00,4111.624752820757
09/01/2019 06:00,5010.985236855396
09/01/2019 07:00,5006.390115915041
09/01/2019 08:00,4596.311140635515
09/01/2019 09:00,4439.044827849395
09/01/2019 10:00,4413.539949899176
09/01/2019 11:00,4785.090243847839
09/01/2019 12:00,4359.5514564764535
09/01/2019 13:00,4242.774930172396
09/01/2019 14:00,5356.6058761415725
09/01/2019 15:00,5910.519357892094
09/01/2019 16:00,6003.094994785594
09/01/2019 17:00,5478.957605101576
09/01/2019 18:00,6105.506534056136
09/01/2019 19:00,6677.435750295525
09/01/2019 20:00,6361.603579195001
09/01/2019 21:00,5841.821224838835
09/01/2019 22:00,5045.028120495934
09/01/2019 23:00,4558.021528387679
10/01/2019 00:00,3820.177895291772
10/01/2019 01:00,3612.1536172603955
10/01/2019 02:00,3405.776051270435
10/01/2019 03:00,3373.415562804677
10/01/2019 04:00,3793.3562900675774
10/01/2019 05:00,3863.4825114906034
10/01/2019 06:00,5105.235351119028
10/01/2019 07:00,4933.333170491164
10/01/2019 08:00,4483.116695209676
10/01/2019 09:00,4508.217681783622
10/01/2019 10:00,4282.8932375087925
10/01/2019 11:00,4488.478042044414
10/01/2019 12:00,4449.914691464209
10/01/2019 13:00,4454.605557982476
10/01/2019 14:00,5159.517289430868
10/01/2019 15:00,5858.598864747163
10/01/2019 16:00,5919.832279736541
10/01/2019 17:00,4815.293856384106
10/01/2019 18:00,6388.783595549793
10/01/2019 19:00,6580.2550117200235
10/01/2019 20:00,5808.859094756721
10/01/2019 21:00,5761.900657664447
10/01/2019 22:00,4992.081675329249
10/01/2019 23:00,4570.517353345584
11/01/2019 00:00,3817.8671081030143
11/01/2019 01:00,3625.4776647783024
11/01/2019 02:00,3508.4585960465306
11/01/2019 03:00,3452.5518827498477
11/01/2019 04:00,3419.324658880584
11/01/2019 05:00,4051.6791020103587
11/01/2019 06:00,4930.9761445173535
11/01/2019 07:00,5082.541297768589
11/01/2019 08:00,4788.352094730349
11/01/2019 09:00,4418.639644721134
11/01/2019 10:00,4112.954872138051
11/01/2019 11:00,4766.173702449486
11/01/2019 12:00,4837.015159177448
11/01/2019 13:00,4500.819910243862
11/01/2019 14:00,5034.655144777879
11/01/2019 15:00,5736.241109259804
11/01/2019 16:00,6136.43985958612
11/01/2019 17:00,4807.032688605194
11/01/2019 18:00,6082.62344644
11/01/2019 19:00,6607.514820049519
11/01/2019 20:00,6012.619174164345
11/01/2019 21:00,5719.617859157079
11/01/2019 22:00,4597.947315506806
11/01/2019 23:00,4319.592957710351
12/01/2019 00:00,3299.0347180506633
12/01/2019 01:00,2976.5444019923025
12/01/2019 02:00,3081.5503060417122
12/01/2019 03:00,2737.6551734198724
12/01/2019 04:00,2975.190575188267
12/01/2019 05:00,3492.4822566910348
12/01/2019 06:00,4435.757537410889
12/01/2019 07:00,4216.712518338559
12/01/2019 08:00,4000.256922654579
12/01/2019 09:00,3711.8991730052703
12/01/2019 10:00,3526.4645481423454
12/01/2019 11:00,3997.3403184350095
12/01/2019 12:00,3888.458211123319
12/01/2019 13:00,3643.9421766274263
12/01/2019 14:00,4493.224430952536
12/01/2019 15:00,4890.487748692371
12/01/2019 16:00,5042.100197227621
12/01/2019 17:00,4257.529020735269
12/01/2019 18:00,5345.06477012803
12/01/2019 19:00,5285.007641831064
12/01/2019 20:00,5593.304934326928
12/01/2019 21:00,4585.150657908603
12/01/2019 22:00,4309.506667926101
12/01/2019 23:00,3854.925058687251
13/01/2019 00:00,3352.2448846712546
13/01/2019 01:00,3034.532788245763
13/01/2019 02:00,2919.3430716087755
13/01/2019 03:00,2818.072436570687
13/01/2019 04:00,2961.6845903414664
13/01/2019 05:00,3567.506329055861
13/01/2019 06:00,4297.452458224051
13/01/2019 07:00,4314.927744404101
13/01/2019 08:00,3969.693726055084
13/01/2019 09:00,3744.969443102642
13/01/2019 10:00,3722.057376935521
13/01/2019 11:00,4017.1552984964246
13/01/2019 12:00,3769.243702289713
13/01/2019 13:00,3648.3990780983604
13/01/2019 14:00,4584.357236657835
13/01/2019 15:00,5038.277502646395
13/01/2019 16:00,5021.836592548003
13/01/2019 17:00,4189.298864429934
13/01/2019 18:00,5297.865696283704
13/01/2019 19:00,5391.421412046632
13/01/2019 20:00,5343.191250821396
13/01/2019 21:00,4840.829893976516
13/01/2019 22:00,4300.948305440939
13/01/2019 23:00,3912.93472648295
14/01/2019 00:00,4007.692385853195
14/01/2019 01:00,3726.78644167311
14/01/2019 02:00,3591.455959162182
14/01/2019 03:00,3367.270432330114
14/01/2019 04:00,3619.6176386049538
14/01/2019 05:00,4054.654671958564
14/01/2019 06:00,5050.896834102059
14/01/2019 07:00,5163.909566540992
14/01/2019 08:00,4560.732674524131
14/01/2019 09:00,4443.546525307421
14/01/2019 10:00,4169.721788692481
14/01/2019 11:00,4929.613012767097
14/01/2019 12:00,4410.254078728904
14/01/2019 13:00,4206.580145760416
14/01/2019 14:00,5458.374520064006
14/01/2019 15:00,5959.043306270584
14/01/2019 16:00,6022.439209853743
14/01/2019 17:00,5003.87979898949
14/01/2019 18:00,6000.494588898955
14/01/2019 19:00,6283.630742765465
14/01/2019 20:00,6198.664626118148
14/01/2019 21:00,5613.448949018769
14/01/2019 22:00,5242.194394787299
14/01/2019 23:00,4436.888942793999
15/01/2019 00:00,3813.99812863772
15/01/2019 01:00,3602.9239492419924
15/01/2019 02:00,3498.9139719736595
15/01/2019 03:00,3308.239469633951
15/01/2019 04:00,3459.5562943771824
15/01/2019 05:00,4122.670525045006
15/01/2019 06:00,5039.0115209098585
15/01/2019 07:00,5105.307916121992
15/01/2019 08:00,4483.23859915602
15/01/2019 09:00,4395.991116195854
15/01/2019 10:00,4088.9483880885537
15/01/2019 11:00,4442.596489672292
15/01/2019 12:00,4449.486247115637
15/01/2019 13:00,4337.645253434603
15/01/2019 14:00,5324.302054978581
15/01/2019 15:00,6078.432604028598
15/01/2019 16:00,6063.858078323936
15/01/2019 17:00,4887.734816933718
15/01/2019 18:00,5999.275542264676
15/01/2019 19:00,6263.236502629587
15/01/2019 20:00,6181.165109774243
15/01/2019 21:00,5680.230878933503
15/01/2019 22:00,5142.5101051454185
15/01/2019 23:00,4345.952118155357
16/01/2019 00:00,3971.782589456602
16/01/2019 01:00,3805.2831249651013
16/01/2019 02:00,3444.8234215275475
16/01/2019 03:00,3405.704606048638
16/01/2019 04:00,3620.489257373967
16/01/2019 05:00,4043.487147410677
16/01/2019 06:00,5035.878998514085
16/01/2019 07:00,5186.108426835388
16/01/2019 08:00,4560.825461744525
16/01/2019 09:00,4264.360454628017
16/01/2019 10:00,4277.79317249188
16/01/2019 11:00,4707.748205220824
16/01/2019 12:00,4745.4722666934385
16/01/2019 13:00,4491.233781550727
16/01/2019 14:00,5615.847583448575
16/01/2019 15:00,5686.802699178237
16/01/2019 16:00,6066.458245724004
16/01/2019 17:00,4938.313427783483
16/01/2019 18:00,6397.041902016772
16/01/2019 19:00,6300.863627117002
16/01/2019 20:00,6028.799688845463
16/01/2019 21:00,5626.8171015150765
16/01/2019 22:00,4768.677228908358
16/01/2019 23:00,4386.2583937438585
17/01/2019 00:00,3821.7843809168817
17/01/2019 01:00,3654.413977856014
17/01/2019 02:00,3491.5342848365035
17/01/2019 03:00,3554.5578889876206
17/01/2019 04:00,3648.1860262571345
17/01/2019 05:00,4021.916326898631
17/01/2019 06:00,4867.427156307431
17/01/2019 07:00,5260.655483188963
17/01/2019 08:00,4367.387184732209
17/01/2019 09:00,4605.462491646413
17/01/2019 10:00,4425.900811361237
17/01/2019 11:00,4573.162565894848
17/01/2019 12:00,4313.7856218687775
17/01/2019 13:00,4542.913957099695
17/01/2019 14:00,5256.973725869237
17/01/2019 15:00,6036.952435662054
17/01/2019 16:00,5628.974268643672
17/01/2019 17:00,4822.988683493014
17/01/2019 18:00,6003.644290688951
17/01/2019 19:00,6466.551245056184
17/01/2019 20:00,6101.095752552684
17/01/2019 21:00,5836.915100545839
17/01/2019 22:00,4930.071868872057
17/01/2019 23:00,4437.514361180851
18/01/2019 00:00,3924.963745138414
18/01/2019 01:00,3694.145854349172
18/01/2019 02:00,3529.8823654048906
18/01/2019 03:00,3251.612319939554
18/01/2019 04:00,3383.802609920766
18/01/2019 05:00,4249.6263543847535
18/01/2019 06:00,5052.119532992747
18/01/2019 07:00,5067.742005645309
18/01/2019 08:00,4759.11590826066
18/01/2019 09:00,4380.7496755040665
18/01/2019 10:00,4425.882481235753
18/01/2019 11:00,4647.845433002902
18/01/2019 12:00,4828.637535652025
18/01/2019 13:00,4595.493479453101
18/01/2019 14:00,5235.700676610741
18/01/2019 15:00,5990.459605739454
18/01/2019 16:00,6026.2090380988
18/01/2019 17:00,5112.952805055259
18/01/2019 18:00,5828.935618295274
18/01/2019 19:00,6590.354290011008
18/01/2019 20:00,6380.977962441098
18/01/2019 21:00,5427.530596611555
18/01/2019 22:00,4912.402832298721
18/01/2019 23:00,4183.911795146097
19/01/2019 00:00,3297.3554521785686
19/01/2019 01:00,3158.865677527935
19/01/2019 02:00,3070.0885532976013
19/01/2019 03:00,2866.735671283405
19/01/2019 04:00,3162.3004096584255
19/01/2019 05:00,3334.8030388007205
19/01/2019 06:00,4034.6335074147596
19/01/2019 07:00,4399.184326117509
19/01/2019 08:00,3909.911709540813
19/01/2019 09:00,3707.12032909687
19/01/2019 10:00,3408.0939199901454
19/01/2019 11:00,3932.1413393944085
19/01/2019 12:00,3714.1070861345816
19/01/2019 13:00,3785.3098232188954
19/01/2019 14:00,4533.147981403628
19/01/2019 15:00,4808.173267363517
19/01/2019 16:00,4947.522254911587
19/01/2019 17:00,4041.951058063644
19/01/2019 18:00,5092.700782661357
19/01/2019 19:00,5646.1109863267775
19/01/2019 20:00,5101.453806692745
19/01/2019 21:00,4944.019328636968
19/01/2019 22:00,4260.35194340169
19/01/2019 23:00,3697.963825774222
20/01/2019 00:00,3313.5487180776786
20/01/2019 01:00,2996.261604991477
20/01/2019 02:00,2888.891582212635
20/01/2019 03:00,2757.586010848743
20/01/2019 04:00,3192.7014462091324
20/01/2019 05:00,3482.5177850094733
20/01/2019 06:00,4162.657350979924
20/01/2019 07:00,4434.814750832936
20/01/2019 08:00,3852.349298947789
20/01/2019 09:00,3686.161045465082
20/01/2019 10:00,3700.3988659506854
20/01/2019 11:00,4032.2808717605576
20/01/2019 12:00,3803.8574237966486
20/01/2019 13:00,3646.6583011603598
20/01/2019 14:00,4446.836407205061
20/01/2019 15:00,4606.004920749831
20/01/2019 16:00,4796.573015570217
20/01/2019 17:00,4345.789804537358
20/01/2019 18:00,5354.08831619277
20/01/2019 19:00,5447.824986772349
20/01/2019 20:00,5347.837241939723
20/01/2019 21:00,4915.8496257992865
20/01/2019 22:00,4729.094571207416
20/01/2019 23:00,3915.298260074621
21/01/2019 00:00,3895.842004620723
21/01/2019 01:00,3533.7123163128695
21/01/2019 02:00,3289.5388261767343
21/01/2019 03:00,3385.6905696271574
21/01/2019 04:00,3466.565582668179
21/01/2019 05:00,3918.1221339013237
21/01/2019 06:00,4905.220423693934
21/01/2019 07:00,5015.942787511873
21/01/2019 08:00,4777.6682975647755
21/01/2019 09:00,4481.066595688155
21/01/2019 10:00,4273.627592463877
21/01/2019 11:00,4844.389406731033
21/01/2019 12:00,4558.054971370826
21/01/2019 13:00,4252.79933072044
21/01/2019 14:00,5516.138954600155
21/01/2019 15:00,5914.906627468389
21/01/2019 16:00,5727.791801414817
21/01/2019 17:00,4883.25568950984
21/01/2019 18:00,5845.017789312219
21/01/2019 19:00,6189.569196318531
21/01/2019 20:00,6356.441129813926
21/01/2019 21:00,6058.070128121933
21/01/2019 22:00,4879.50446899073
21/01/2019 23:00,4531.817016553201
22/01/2019 00:00,3834.513035256497
22/01/2019 01:00,3584.835135615921
22/01/2019 02:00,3394.6788207531413
22/01/2019 03:00,3277.9262438423593
22/01/2019 04:00,3552.2132592120506
22/01/2019 05:00,3990.723867331762
22/01/2019 06:00,5042.836779702717
22/01/2019 07:00,5176.336743146977
22/01/2019 08:00,4514.90151270625
22/01/2019 09:00,4246.738202309735
22/01/2019 10:00,4200.685132953582
22/01/2019 11:00,4743.565332942943
22/01/2019 12:00,4615.837627321656
22/01/2019 13:00,4237.571544699223
22/01/2019 14:00,5290.8196353310905
22/01/2019 15:00,5952.010225031675
22/01/2019 16:00,5615.676799879921
22/01/2019 17:00,4991.358147385067
22/01/2019 18:00,5883.374050865273
22/01/2019 19:00,6567.988371175207
22/01/2019 20:00,6042.986422613414
22/01/2019 21:00,5419.598888865222
22/01/2019 22:00,4844.518025661204
22/01/2019 23:00,4462.978789071314
23/01/2019 00:00,3941.3220723757236
23/01/2019 01:00,3539.3028835361047
23/01/2019 02:00,3522.3111819034148
23/01/2019 03:00,3197.4120728736684
23/01/2019 04:00,3540.018349506241
23/01/2019 05:00,3944.058403452666
23/01/2019 06:00,4904.4305848924
23/01/2019 07:00,5191.521654657149
23/01/2019 08:00,4430.118106641137
23/01/2019 09:00,4315.235529483308
23/01/2019 10:00,4403.696486707255
23/01/2019 11:00,4558.173477234311
23/01/2019 12:00,4661.509296388487
23/01/2019 13:00,4217.644552659201
23/01/2019 14:00,5358.943100567627
23/01/2019 15:00,6072.532478813766
23/01/2019 16:00,5473.3976687911745
23/01/2019 17:00,4793.886249954236
23/01/2019 18:00,6106.6197257347985
23/01/2019 19:00,6418.1153371569
23/01/2019 20:00,6253.461663053566
23/01/2019 21:00,5626.027664336891
23/01/2019 22:00,5106.430573166709
23/01/2019 23:00,4435.736498498403
24/01/2019 00:00,4047.860614275268
24/01/2019 01:00,3665.7674908378945
24/01/2019 02:00,3491.103656811943
24/01/2019 03:00,3323.5691668235895
24/01/2019 04:00,3495.1630902871098
24/01/2019 05:00,4039.639424304037
24/01/2019 06:00,5061.444446876355
24/01/2019 07:00,5118.676599112669
24/01/2019 08:00,4587.032534852094
24/01/2019 09:00,4637.411091796996
24/01/2019 10:00,4386.362596405728
24/01/2019 11:00,4593.082684416482
24/01/2019 12:00,4711.375609331217
24/01/2019 13:00,4312.155184546113
24/01/2019 14:00,4952.560677934499
24/01/2019 15:00,5644.763936042359
24/01/2019 16:00,5579.960375826262
24/01/2019 17:00,4859.508354774837
24/01/2019 18:00,6006.016800142834
24/01/2019 19:00,6782.21530366456
24/01/2019 20:00,6245.257451073455
24/01/2019 21:00,5692.187605050135
24/01/2019 22:00,5219.929855182512
24/01/2019 23:00,4160.928948159227
25/01/2019 00:00,3938.4935958373662
25/01/2019 01:00,3722.1322272608236
25/01/2019 02:00,3302.7957422788086
25/01/2019 03:00,3480.6171175549343
25/01/2019 04:00,3583.0699104660916
25/01/2019 05:00,4041.759911711475
25/01/2019 06:00,5097.2099926919045
25/01/2019 07:00,5537.2983713635995
25/01/2019 08:00,4572.311103846355
25/01/2019 09:00,4398.108953746581
25/01/2019 10:00,4215.741787923409
25/01/2019 11:00,4520.191181533681
25/01/2019 12:00,4660.778563772048
25/01/2019 13:00,4253.480413488367
25/01/2019 14:00,5286.42557173868
25/01/2019 15:00,5737.389546016088
25/01/2019 16:00,5996.698269545687
25/01/2019 17:00,4960.461440930874
25/01/2019 18:00,6189.541230701906
25/01/2019 19:00,6358.647838156462
25/01/2019 20:00,6134.5279442555375
25/01/2019 21:00,5561.604921693742
25/01/2019 22:00,5025.31376703341
25/01/2019 23:00,4506.993755368371
26/01/2019 00:00,3399.7144577508902
26/01/2019 01:00,3006.7516450413655
26/01/2019 02:00,3014.323848022168
26/01/2019 03:00,2976.7065808842153
26/01/2019 04:00,3052.38759397373
26/01/2019 05:00,3674.7095295770987
26/01/2019 06:00,4153.209980958995
26/01/2019 07:00,4241.989344655616
26/01/2019 08:00,3659.112376536749
26/01/2019 09:00,3877.3038416790473
26/01/2019 10:00,3704.7806958998135
26/01/2019 11:00,3936.1079187219925
26/01/2019 12:00,3897.8405118688293
26/01/2019 13:00,3585.4674078854114
26/01/2019 14:00,4812.825449825756
26/01/2019 15:00,4966.860351729056
26/01/2019 16:00,5041.478724263639
26/01/2019 17:00,4265.4986693088185
26/01/2019 18:00,5175.922529941322
26/01/2019 19:00,5525.698357260822
26/01/2019 20:00,5132.2464079127485
26/01/2019 21:00,4939.25929563646
26/01/2019 22:00,4573.6509427188885
26/01/2019 23:00,3940.9637585206456
27/01/2019 00:00,3483.105704929213
27/01/2019 01:00,3044.8750329131553
27/01/2019 02:00,2850.4705829079603
27/01/2019 03:00,2849.5835577185803
27/01/2019 04:00,3020.0328057784072
27/01/2019 05:00,3593.032934599161
27/01/2019 06:00,4036.0261545532303
27/01/2019 07:00,4608.727666360109
27/01/2019 08:00,3847.052206570907
27/01/2019 09:00,3663.238404026457
27/01/2019 10:00,3523.1295048234997
27/01/2019 11:00,3746.9452667947976
27/01/2019 12:00,3960.8308898794535
27/01/2019 13:00,3718.9219613977207
27/01/2019 14:00,4310.315845073286
27/01/2019 15:00,4755.450939831089
27/01/2019 16:00,4974.368082501275
27/01/2019 17:00,4383.630168137422
27/01/2019 18:00,5062.559650376827
27/01/2019 19:00,5241.3175032033805
27/01/2019 20:00,5218.154524869277
27/01/2019 21:00,4830.524538773972
27/01/2019 22:00,3978.957532229334
27/01/2019 23:00,3781.8973214218113
28/01/2019 00:00,3883.755490776002
28/01/2019 01:00,3713.9839626557364
28/01/2019 02:00,3647.8053147922183
28/01/2019 03:00,3478.881809275479
28/01/2019 04:00,3518.437151105024
28/01/2019 05:00,3956.887982609926
28/01/2019 06:00,5388.427672274198
28/01/2019 07:00,5193.359917340886
28/01/2019 08:00,4549.400303649223
28/01/2019 09:00,4362.440385591377
28/01/2019 10:00,4300.052290678489
28/01/2019 11:00,4618.361743419341
28/01/2019 12:00,4469.238160711364
28/01/2019 13:00,4293.978978183628
28/01/2019 14:00,5269.916696728507
28/01/2019 15:00,5725.904992765538
28/01/2019 16:00,5785.325018327749
28/01/2019 17:00,4926.9813233178975
28/01/2019 18:00,5956.783447709635
28/01/2019 19:00,6748.808785723698
28/01/2019 20:00,5692.744363690377
28/01/2019 21:00,5917.4751160646365
28/01/2019 22:00,5283.596833072867
28/01/2019 23:00,4179.344982792844
29/01/2019 00:00,3870.644006680726
29/01/2019 01:00,3597.4609438852194
29/01/2019 02:00,3310.164964956572
29/01/2019 03:00,3286.625905212607
29/01/2019 04:00,3428.8719584202126
29/01/2019 05:00,4307.898145719661
29/01/2019 06:00,5142.664917263657
29/01/2019 07:00,5381.907970371418
29/01/2019 08:00,4645.954111337098
29/01/2019 09:00,4217.730347627221
29/01/2019 10:00,4207.385783312415
29/01/2019 11:00,4706.54818300583
29/01/2019 12:00,4380.7712136719165
29/01/2019 13:00,4458.979978402816
29/01/2019 14:00,5237.06778476528
29/01/2019 15:00,5755.347291302459
29/01/2019 16:00,6037.840527760811
29/01/2019 17:00,4976.7573120510415
29/01/2019 18:00,5937.696851893134
29/01/2019 19:00,6682.0394271620335
29/01/2019 20:00,5984.02167232377
29/01/2019 21:00,5835.726559123487
29/01/2019 22:00,5183.823499812537
29/01/2019 23:00,4415.164724476257
30/01/2019 00:00,3949.1137199010673
30/01/2019 01:00,3501.453464273308
30/01/2019 02:00,3551.905893432429
30/01/2019 03:00,3346.4832972664663
30/01/2019 04:00,3491.4262593020376
30/01/2019 05:00,4221.549975271318
30/01/2019 06:00,4896.550903219474
30/01/2019 07:00,4965.099761113705
30/01/2019 08:00,4335.136865002001
30/01/2019 09:00,4444.9679113078355
30/01/2019 10:00,4110.448380050553
30/01/2019 11:00,4882.635752202761
30/01/2019 12:00,4263.472780529463
30/01/2019 13:00,4587.78149764221
30/01/2019 14:00,5308.494147237215
30/01/2019 15:00,5803.911569552745
30/01/2019 16:00,5815.107237656716
30/01/2019 17:00,4970.108315952521
30/01/2019 18:00,5995.92270515263
30/01/2019 19:00,6671.185502140827
30/01/2019 20:00,6205.793569477457
30/01/2019 21:00,5755.686196437369
30/01/2019 22:00,5037.641508422572
30/01/2019 23:00,4448.936569418176
31/01/2019 00:00,3946.9629964361457
31/01/2019 01:00,3451.352221625456
31/01/2019 02:00,3316.3160908798136
31/01/2019 03:00,3440.1858549800163
31/01/2019 04:00,3565.2320475693514
31/01/2019 05:00,4070.1600660042773
31/01/2019 06:00,5005.01633425029
31/01/2019 07:00,5238.207470935521
31/01/2019 08:00,4473.863285613795
31/01/2019 09:00,4263.66698672351
31/01/2019 10:00,4299.765097591099
31/01/2019 11:00,4502.306003690146
31/01/2019 12:00,4603.195882198346
31/01/2019 13:00,4142.616030520178
31/01/2019 14:00,5437.966967073694
31/01/2019 15:00,5903.326862768895
31/01/2019 16:00,5957.157513454901
31/01/2019 17:00,5056.088706883548
31/01/2019 18:00,6302.620303433265
31/01/2019 19:00,6653.957319290539
31/01/2019 20:00,5843.047876867188
31/01/2019 21:00,5509.896477514483
31/01/2019 22:00,4997.7302206024115
31/01/2019 23:00,4460.038282094512
01/02/2019 00:00,3971.5846034060505
01/02/2019 01:00,3558.792320232431
01/02/2019 02:00,3475.464538441277
01/02/2019 03:00,3288.8906937557367
01/02/2019 04:00,3481.977473306922
01/02/2019 05:00,3920.036633876233
01/02/2019 06:00,4863.702694839252
01/02/2019 07:00,4973.929927553822
01/02/2019 08:00,4414.366491462567
01/02/2019 09:00,4503.593358818134
01/02/2019 10:00,4152.899561195636
01/02/2019 11:00,5004.75517765935
01/02/2019 12:00,4614.800894627675
01/02/2019 13:00,4389.807617448069
01/02/2019 14:00,5139.2623062129815
01/02/2019 15:00,5943.090912381916
01/02/2019 16:00,5809.659192422166
01/02/2019 17:00,4929.276804080033
01/02/2019 18:00,6463.722583735982
01/02/2019 19:00,6438.840940015692
01/02/2019 20:00,6397.833874412392
01/02/2019 21:00,5608.977136814772
01/02/2019 22:00,5087.853898606027
01/02/2019 23:00,4693.299847182244
02/02/2019 00:00,3261.697159992293
02/02/2019 01:00,3260.4390402768167
02/02/2019 02:00,3000.0595673352555
02/02/2019 03:00,2812.111480692035
02/02/2019 04:00,3072.1936377058305
02/02/2019 05:00,3580.3382667046003
02/02/2019 06:00,4331.228946529274
02/02/2019 07:00,4198.950347718686
02/02/2019 08:00,3781.0552641698782
02/02/2019 09:00,3683.2055324382263
02/02/2019 10:00,3625.338990128585
02/02/2019 11:00,4016.0958905175403
02/02/2019 12:00,3885.981430194471
02/02/2019 13:00,3562.1057270241868
02/02/2019 14:00,4534.9773329379595
02/02/2019 15:00,5038.309486406776
02/02/2019 16:00,5109.375700104187
02/02/2019 17:00,4309.959978624119
02/02/2019 18:00,5229.942505186323
02/02/2019 19:00,5564.443376266648
02/02/2019 20:00,5245.844355093277
02/02/2019 21:00,4627.687546374881
02/02/2019 22:00,4385.017353598995
02/02/2019 23:00,3811.669549336783
03/02/2019 00:00,3351.3061544338607
03/02/2019 01:00,2973.8573113697257
03/02/2019 02:00,2842.4108925127225
03/02/2019 03:00,2950.749941772027
03/02/2019 04:00,3011.414745233575
03/02/2019 05:00,3549.9624054688816
03/02/2019 06:00,4255.524717723463
03/02/2019 07:00,4410.461137409455
03/02/2019 08:00,3974.179562995734
03/02/2019 09:00,3653.3124559296025
03/02/2019 10:00,3643.930008318344
03/02/2019 11:00,3888.0043592712054
03/02/2019 12:00,3814.990274346664
03/02/2019 13:00,3676.3420935335243
03/02/2019 14:00,4513.715335397997
03/02/2019 15:00,4876.619150587042
03/02/2019 16:00,5214.2922650216615
03/02/2019 17:00,4062.566036493539
03/02/2019 18:00,5073.690772330611
03/02/2019 19:00,5416.424196282559
03/02/2019 20:00,5485.108975301139
03/02/2019 21:00,4899.091349347968
03/02/2019 22:00,4463.232460514751
03/02/2019 23:00,3619.2454109483233
04/02/2019 00:00,3942.181805968244
04/02/2019 01:00,3735.094305034342
04/02/2019 02:00,3464.631450860044
04/02/2019 03:00,3472.7150385245354
04/02/2019 04:00,3492.004560092144
04/02/2019 05:00,4265.793202074586
04/02/2019 06:00,5347.239894166232
04/02/2019 07:00,5127.719714306902
04/02/2019 08:00,4486.7223185179
04/02/2019 09:00,4555.9468581991505
04/02/2019 10:00,4477.213542182434
04/02/2019 11:00,4565.692197211528
04/02/2019 12:00,4490.176013477698
04/02/2019 13:00,4328.695233346757
04/02/2019 14:00,5062.336673277292
04/02/2019 15:00,5660.381322497144
04/02/2019 16:00,5733.663124664604
04/02/2019 17:00,4798.173474555123
04/02/2019 18:00,5996.453910794501
04/02/2019 19:00,6502.822897738539
04/02/2019 20:00,6472.276760435737
04/02/2019 21:00,5558.237432990185
04/02/2019 22:00,5243.600525197628
04/02/2019 23:00,4427.940440488004
05/02/2019 00:00,3905.046645533173
05/02/2019 01:00,3711.649799375063
05/02/2019 02:00,3339.692812638356
05/02/2019 03:00,3403.755984721138
05/02/2019 04:00,3564.762429154263
05/02/2019 05:00,4153.21439732308
05/02/2019 06:00,5045.644815469636
05/02/2019 07:00,5566.009326609572
05/02/2019 08:00,4460.496322648514
05/02/2019 09:00,4296.056390797322
05/02/2019 10:00,4194.738770461551
05/02/2019 11:00,4561.153414698933
05/02/2019 12:00,4460.544461157208
05/02/2019 13:00,4521.323117046093
05/02/2019 14:00,5499.899058757139
05/02/2019 15:00,5721.133999200291
05/02/2019 16:00,5764.129658221032
05/02/2019 17:00,4980.757896662417
05/02/2019 18:00,5903.2551219628385
05/02/2019 19:00,6580.063766996959
05/02/2019 20:00,6222.249931442708
05/02/2019 21:00,5469.300407480493
05/02/2019 22:00,5329.652604742428
05/02/2019 23:00,4696.652559321016
06/02/2019 00:00,3838.954260494574
06/02/2019 01:00,3595.686251748587
06/02/2019 02:00,3485.73938130653
06/02/2019 03:00,3398.9149180047452
06/02/2019 04:00,3617.1266838715246
06/02/2019 05:00,4339.567938781079
06/02/2019 06:00,4975.695971938037
06/02/2019 07:00,5059.9952201917795
06/02/2019 08:00,4359.326374318118
06/02/2019 09:00,4269.871554528886
06/02/2019 10:00,4270.40181356215
06/02/2019 11:00,4888.169007661022
06/02/2019 12:00,4476.88487852899
06/02/2019 13:00,4394.909060450243
06/02/2019 14:00,5272.501027427798
06/02/2019 15:00,6028.321986982599
06/02/2019 16:00,6359.907783059752
06/02/2019 17:00,4833.082325866693
06/02/2019 18:00,5914.561255751876
06/02/2019 19:00,6659.72849966889
06/02/2019 20:00,6311.116783202286
06/02/2019 21:00,6047.290679111058
06/02/2019 22:00,5182.421891005066
06/02/2019 23:00,4408.513904984088
07/02/2019 00:00,3980.1488733383903
07/02/2019 01:00,3759.003908784819
07/02/2019 02:00,3541.1700539930857
07/02/2019 03:00,3416.361596173422
07/02/2019 04:00,3660.556453731216
07/02/2019 05:00,4236.319035833896
07/02/2019 06:00,5209.667144387525
07/02/2019 07:00,5285.040280912435
07/02/2019 08:00,4524.700915892773
07/02/2019 09:00,4384.814798084799
07/02/2019 10:00,4429.372106610548
07/02/2019 11:00,4524.770542107278
07/02/2019 12:00,4597.796256162986
07/02/2019 13:00,4314.08520242711
07/02/2019 14:00,5279.648954463903
07/02/2019 15:00,6044.048378055936
07/02/2019 16:00,5945.641897461001
07/02/2019 17:00,4918.141914568779
07/02/2019 18:00,5757.815746276195
07/02/2019 19:00,6602.016852698274
07/02/2019 20:00,6304.361844000552
07/02/2019 21:00,6101.703752289953
07/02/2019 22:00,5046.1727168121215
07/02/2019 23:00,4485.849631782522
08/02/2019 00:00,3940.109065383206
08/02/2019 01:00,3810.163250953385
08/02/2019 02:00,3446.2194733155234
08/02/2019 03:00,3393.3184786233815
08/02/2019 04:00,3611.7371794437013
08/02/2019 05:00,4115.662334663945
08/02/2019 06:00,4935.254823548439
08/02/2019 07:00,5214.335749100513
08/02/2019 08:00,4693.97021147462
08/02/2019 09:00,4231.159344266732
08/02/2019 10:00,4291.701964527758
08/02/2019 11:00,4541.025738178362
08/02/2019 12:00,4710.534236351072
08/02/2019 13:00,4166.111257454278
08/02/2019 14:00,5186.6489409037285
08/02/2019 15:00,5886.670246471267
08/02/2019 16:00,6189.399600394783
08/02/2019 17:00,4901.612422283767
08/02/2019 18:00,5902.719114033562
08/02/2019 19:00,6821.874331541773
08/02/2019 20:00,5915.93839694457
08/02/2019 21:00,5351.885150683812
08/02/2019 22:00,5160.432447910349
08/02/2019 23:00,4389.427107393842
09/02/2019 00:00,3222.378346746671
09/02/2019 01:00,3158.0135192595135
09/02/2019 02:00,2959.1712909950484
09/02/2019 03:00,2811.9731652922956
09/02/2019 04:00,2899.189255208707
09/02/2019 05:00,3569.891618123124
09/02/2019 06:00,4334.850455482314
09/02/2019 07:00,4393.416864867596
09/02/2019 08:00,4079.5133343579323
09/02/2019 09:00,3591.6351675752267
09/02/2019 10:00,3467.1648026167168
09/02/2019 11:00,3860.843284838113
09/02/2019 12:00,3860.088788560896
09/02/2019 13:00,3737.8492288490593
09/02/2019 14:00,4451.385119615652
09/02/2019 15:00,4999.9357233267765
09/02/2019 16:00,4836.318401130575
09/02/2019 17:00,4355.419408049618
09/02/2019 18:00,5089.720213597305
09/02/2019 19:00,5672.811990176063
09/02/2019 20:00,5310.960289018792
09/02/2019 21:00,4937.1092495355915
09/02/2019 22:00,4403.219437147805
09/02/2019 23:00,3838.946007370202
10/02/2019 00:00,3388.3191037884135
10/02/2019 01:00,3215.604151067855
10/02/2019 02:00,2955.004518772434
10/02/2019 03:00,2921.218051868649
10/02/2019 04:00,3006.8759266422517
10/02/2019 05:00,3629.1355132050357
10/02/2019 06:00,4165.633673479112
10/02/2019 07:00,4644.604306304502
10/02/2019 08:00,3860.7182338458433
10/02/2019 09:00,3551.482109461932
10/02/2019 10:00,3647.4163391985585
10/02/2019 11:00,3862.1273864543336
10/02/2019 12:00,3962.857076745169
10/02/2019 13:00,3638.108071276915
10/02/2019 14:00,4423.816613171942
10/02/2019 15:00,4667.214713489463
10/02/2019 16:00,4956.802491988072
10/02/2019 17:00,3871.0428373097443
10/02/2019 18:00,4859.848816297287
10/02/2019 19:00,5614.046160343634
10/02/2019 20:00,5380.836421360394
10/02/2019 21:00,4932.536604265036
10/02/2019 22:00,4203.6324262492635
10/02/2019 23:00,3782.6454848725293
11/02/2019 00:00,3910.4273302999295
11/02/2019 01:00,3511.576077821526
11/02/2019 02:00,3611.9768461221233
11/02/2019 03:00,3453.723671363922
11/02/2019 04:00,3523.5368708165247
11/02/2019 05:00,4096.051110526346
11/02/2019 06:00,5033.521487031669
11/02/2019 07:00,4866.610205455746
11/02/2019 08:00,4513.778825589628
11/02/2019 09:00,4276.281887008224
11/02/2019 10:00,4146.202750741081
11/02/2019 11:00,4599.333910393894
11/02/2019 12:00,4792.749384425446
11/02/2019 13:00,4449.529907854417
11/02/2019 14:00,5184.709211329902
11/02/2019 15:00,5920.786695611539
11/02/2019 16:00,6159.929185067119
11/02/2019 17:00,5047.534602206685
11/02/2019 18:00,6013.438296645595
11/02/2019 19:00,6332.123143144154
11/02/2019 20:00,6314.146957161238
11/02/2019 21:00,5797.488367069764
11/02/2019 22:00,5229.981943247358
11/02/2019 23:00,4541.470246783574
12/02/2019 00:00,4033.989297101199
12/02/2019 01:00,3579.5844290102796
12/02/2019 02:00,3592.691368907164
12/02/2019 03:00,3385.0985692919185
12/02/2019 04:00,3767.8816223473627
12/02/2019 05:00,4008.1297967254177
12/02/2019 06:00,5262.761748031501
12/02/2019 07:00,5214.929975642637
12/02/2019 08:00,4458.630298856899
12/02/2019 09:00,4302.226440085573
12/02/2019 10:00,4233.5688213708145
12/02/2019 11:00,4697.474176022639
12/02/2019 12:00,4618.827831455243
12/02/2019 13:00,4290.463657884172
12/02/2019 14:00,5271.245812710922
12/02/2019 15:00,6194.891819102238
12/02/2019 16:00,6218.134100075286
12/02/2019 17:00,4975.587493166103
12/02/2019 18:00,6009.543704352008
12/02/2019 19:00,6480.702888721505
12/02/2019 20:00,6298.430897624456
12/02/2019 21:00,5554.036560608937
12/02/2019 22:00,5053.873894587862
12/02/2019 23:00,4233.466149366825
13/02/2019 00:00,3957.6890524712258
13/02/2019 01:00,3708.634964859157
13/02/2019 02:00,3406.001778029414
13/02/2019 03:00,3524.051046694564
13/02/2019 04:00,3416.614437151426
13/02/2019 05:00,3912.9503912706377
13/02/2019 06:00,5035.932923281749
13/02/2019 07:00,5346.999439964603
13/02/2019 08:00,4777.22983530714
13/02/2019 09:00,4305.50084586058
13/02/2019 10:00,4412.979490738812
13/02/2019 11:00,4633.091411689333
13/02/2019 12:00,4523.949320605574
13/02/2019 13:00,4481.331174692754
13/02/2019 14:00,5378.332052477559
13/02/2019 15:00,5545.5240959787825
13/02/2019 16:00,6173.618122374762
13/02/2019 17:00,5114.641280028732
13/02/2019 18:00,5890.0480431494625
13/02/2019 19:00,6534.126445809861
13/02/2019 20:00,6276.261372702526
13/02/2019 21:00,5774.658647313182
13/02/2019 22:00,5009.115573713035
13/02/2019 23:00,4366.75630638847
14/02/2019 00:00,3907.851855843893
14/02/2019 01:00,3765.991645161967
14/02/2019 02:00,3512.4620948288143
14/02/2019 03:00,3327.7348154114134
14/02/2019 04:00,3629.167617348156
14/02/2019 05:00,3742.998815682488
14/02/2019 06:00,5174.64239674059
14/02/2019 07:00,4913.581884412425
14/02/2019 08:00,4498.053994569078
14/02/2019 09:00,4218.959073240602
14/02/2019 10:00,4108.620694894289
14/02/2019 11:00,4799.983110357477
14/02/2019 12:00,4483.693863611025
14/02/2019 13:00,4410.980920382507
14/02/2019 14:00,5267.674677630632
14/02/2019 15:00,5904.102777413011
14/02/2019 16:00,5925.374554434264
14/02/2019 17:00,4722.265208680281
14/02/2019 18:00,6182.10872511286
14/02/2019 19:00,6361.79774656195
14/02/2019 20:00,5895.794907686466
14/02/2019 21:00,5656.258930348184
14/02/2019 22:00,5322.51009296976
14/02/2019 23:00,4570.221671144477
15/02/2019 00:00,3869.9442140045307
15/02/2019 01:00,3599.8820141506867
15/02/2019 02:00,3422.751912984628
15/02/2019 03:00,3574.807054306393
15/02/2019 04:00,3587.6923243751376
15/02/2019 05:00,4145.551588546237
15/02/2019 06:00,5156.862062237924
15/02/2019 07:00,5221.287564563019
15/02/2019 08:00,4512.160175256411
15/02/2019 09:00,4339.884452965038
15/02/2019 10:00,4265.46789029337
15/02/2019 11:00,4633.270395511828
15/02/2019 12:00,4646.766860490675
15/02/2019 13:00,4372.403248772411
15/02/2019 14:00,5391.042490139596
15/02/2019 15:00,5806.704947915119
15/02/2019 16:00,5925.696147590535
15/02/2019 17:00,4616.887109341724
15/02/2019 18:00,6167.713203988097
15/02/2019 19:00,6524.572960260624
15/02/2019 20:00,6369.76879976314
15/02/2019 21:00,5231.996733637706
15/02/2019 22:00,5412.295301391677
15/02/2019 23:00,4437.887355279352
16/02/2019 00:00,3434.7378876053667
16/02/2019 01:00,2995.8289670464915
16/02/2019 02:00,2991.6891012788124
16/02/2019 03:00,2769.982514748447
16/02/2019 04:00,2958.57273785308
16/02/2019 05:00,3678.5956215002266
16/02/2019 06:00,4227.589553499929
16/02/2019 07:00,4435.271218052113
16/02/2019 08:00,3966.2691416353314
16/02/2019 09:00,3765.940695678396
16/02/2019 10:00,3649.8486984082356
16/02/2019 11:00,3985.8502607281816
16/02/2019 12:00,4144.078075533712
16/02/2019 13:00,3704.3457141815893
16/02/2019 14:00,4510.8858483238155
16/02/2019 15:00,5103.629052261169
16/02/2019 16:00,5191.645119821192
16/02/2019 17:00,4323.266479462317
16/02/2019 18:00,5200.0647005462515
16/02/2019 19:00,5300.619624620357
16/02/2019 20:00,5514.514076694068
16/02/2019 21:00,4702.878627670202
16/02/2019 22:00,4368.525265264663
16/02/2019 23:00,3702.350064995204
17/02/2019 00:00,3317.826195954283
17/02/2019 01:00,3122.798960041443
17/02/2019 02:00,2966.006388144101
17/02/2019 03:00,2896.583078965929
17/02/2019 04:00,3160.952321201319
17/02/2019 05:00,3526.170664069294
17/02/2019 06:00,4220.768520513492
17/02/2019 07:00,4533.975798583792
17/02/2019 08:00,4003.307484733812
17/02/2019 09:00,3574.099260717067
17/02/2019 10:00,3698.5712433188837
17/02/2019 11:00,4025.617545017585
17/02/2019 12:00,3830.8691641959963
17/02/2019 13:00,3863.907534436926
17/02/2019 14:00,4463.65026520754
17/02/2019 15:00,4966.3193632193625
17/02/2019 16:00,4998.896987391141
17/02/2019 17:00,4176.556091097866
17/02/2019 18:00,4934.489433165301
17/02/2019 19:00,5251.706557418882
17/02/2019 20:00,5508.375088357539
17/02/2019 21:00,4746.6219822176245
17/02/2019 22:00,4200.461332386602
17/02/2019 23:00,3543.351886875094
18/02/2019 00:00,3835.883493471455
18/02/2019 01:00,3493.597979947506
18/02/2019 02:00,3626.3490578484193
18/02/2019 03:00,3467.0955793460407
18/02/2019 04:00,3473.8228895441207
18/02/2019 05:00,4369.309699269687
18/02/2019 06:00,5149.581092219111
18/02/2019 07:00,5133.630761495513
18/02/2019 08:00,4206.518575348373
18/02/2019 09:00,4665.6401668470635
18/02/2019 10:00,4096.45192164847
18/02/2019 11:00,4409.487005465334
18/02/2019 12:00,4687.004171186915
18/02/2019 13:00,4685.129493153442
18/02/2019 14:00,5494.165326347744
18/02/2019 15:00,5919.272066180023
18/02/2019 16:00,6017.231169380193
18/02/2019 17:00,5037.0413950151315
18/02/2019 18:00,6139.368619377391
18/02/2019 19:00,6511.923386821331
18/02/2019 20:00,6203.933264425023
18/02/2019 21:00,5719.090522983147
18/02/2019 22:00,4977.997226679527
18/02/2019 23:00,4419.024724585682
19/02/2019 00:00,3712.2229952961193
19/02/2019 01:00,3627.2672131316212
19/02/2019 02:00,3353.5999082372714
19/02/2019 03:00,3253.7376922751405
19/02/2019 04:00,3566.192806465468
19/02/2019 05:00,4263.663520723106
19/02/2019 06:00,5140.059477271252
19/02/2019 07:00,4939.898678871807
19/02/2019 08:00,4412.489981468391
19/02/2019 09:00,4488.81092094844
19/02/2019 10:00,4148.656307896344
19/02/2019 11:00,4607.1915109618885
19/02/2019 12:00,4622.540857609424
19/02/2019 13:00,4238.777863435419
19/02/2019 14:00,5291.775989974117
19/02/2019 15:00,5587.8471319754035
19/02/2019 16:00,5805.095944926142
19/02/2019 17:00,4958.416350394627
19/02/2019 18:00,5715.832095471883
19/02/2019 19:00,6542.780307899271
19/02/2019 20:00,6180.95644206274
19/02/2019 21:00,5824.820536959512
19/02/2019 22:00,5127.413184028544
19/02/2019 23:00,4638.930800995999
20/02/2019 00:00,3925.542027385417
20/02/2019 01:00,3591.1346792415898
20/02/2019 02:00,3468.780172006896
20/02/2019 03:00,3419.998380872354
20/02/2019 04:00,3552.2492733734634
20/02/2019 05:00,4097.73394932524
20/02/2019 06:00,4896.90386239006
20/02/2019 07:00,5081.052666248347
20/02/2019 08:00,4356.149575794727
20/02/2019 09:00,4594.738566901707
20/02/2019 10:00,4115.137600625039
20/02/2019 11:00,4542.029816558507
20/02/2019 12:00,4449.491288794722
20/02/2019 13:00,4482.8064557996595
20/02/2019 14:00,5228.423328561252
20/02/2019 15:00,6038.685711698579
20/02/2019 16:00,5792.304754063789
20/02/2019 17:00,4952.4067208678935
20/02/2019 18:00,5852.2698673019295
20/02/2019 19:00,6873.015797054208
20/02/2019 20:00,5964.255364530102
20/02/2019 21:00,5783.106785894829
20/02/2019 22:00,5190.0385722989
20/02/2019 23:00,4511.873491032424
21/02/2019 00:00,3889.111032778343
21/02/2019 01:00,3623.831368831094
21/02/2019 02:00,3460.6425048492097
21/02/2019 03:00,3350.309486426597
21/02/2019 04:00,3649.6178226368215
21/02/2019 05:00,4364.163540442891
21/02/2019 06:00,4918.588601553337
21/02/2019 07:00,4971.112076502453
21/02/2019 08:00,4535.45612155368
21/02/2019 09:00,4703.45937253391
21/02/2019 10:00,4171.587175240846
21/02/2019 11:00,4866.538840386362
21/02/2019 12:00,4776.380333560378
21/02/2019 13:00,4293.097655159987
21/02/2019 14:00,5365.143279230308
21/02/2019 15:00,6105.157131917198
21/02/2019 16:00,5844.510747316516
21/02/2019 17:00,4881.304673322878
21/02/2019 18:00,5897.950319335215
21/02/2019 19:00,6260.8677744816205
21/02/2019 20:00,6064.134342843543
21/02/2019 21:00,5519.460175874768
21/02/2019 22:00,5098.4078176161365
21/02/2019 23:00,4353.607273913769
22/02/2019 00:00,3938.2790489938047
22/02/2019 01:00,3468.189549173336
22/02/2019 02:00,3490.4066551166916
22/02/2019 03:00,3449.298499554748
22/02/2019 04:00,3334.8935996705072
22/02/2019 05:00,4138.6776007873095
22/02/2019 06:00,5186.483216527986
22/02/2019 07:00,4996.021185388559
22/02/2019 08:00,4775.680687874334
22/02/2019 09:00,4420.478081618651
22/02/2019 10:00,4184.239632123469
22/02/2019 11:00,4630.689537652159
22/02/2019 12:00,4623.669749040776
22/02/2019 13:00,4375.554274102501
22/02/2019 14:00,5360.359752072615
22/02/2019 15:00,5660.028294482109
22/02/2019 16:00,5941.786565544859
22/02/2019 17:00,4703.004719740517
22/02/2019 18:00,5982.6702996462645
22/02/2019 19:00,6282.341848018696
22/02/2019 20:00,6048.1312455117795
22/02/2019 21:00,5942.328854399385
22/02/2019 22:00,5259.947821186322
22/02/2019 23:00,4537.989634781867
23/02/2019 00:00,3215.289779919146
23/02/2019 01:00,3062.9471045302625
23/02/2019 02:00,3044.5959675029007
23/02/2019 03:00,2872.538416134351
23/02/2019 04:00,3224.775335042197
23/02/2019 05:00,3519.8861654731236
23/02/2019 06:00,4276.409781170537
23/02/2019 07:00,4365.663593993667
23/02/2019 08:00,3880.8605702446844
23/02/2019 09:00,3693.7866308985754
23/02/2019 10:00,3710.6388772475752
23/02/2019 11:00,4055.8417044640632
23/02/2019 12:00,3774.2306796726725
23/02/2019 13:00,3562.5634201576777
23/02/2019 14:00,4236.837742426741
23/02/2019 15:00,5023.0813558501595
23/02/2019 16:00,4858.6553978817665
23/02/2019 17:00,3904.980964986228
23/02/2019 18:00,5161.774280130159
23/02/2019 19:00,5899.342203213082
23/02/2019 20:00,5255.952572932503
23/02/2019 21:00,4992.8853722817885
23/02/2019 22:00,4339.847718868337
23/02/2019 23:00,3776.829479559811
24/02/2019 00:00,3415.878941719064
24/02/2019 01:00,3065.3715208101626
24/02/2019 02:00,2961.2504317049297
24/02/2019 03:00,2887.982814999273
24/02/2019 04:00,2954.5638687883384
24/02/2019 05:00,3582.372123814673
24/02/2019 06:00,4229.5950927052945
24/02/2019 07:00,4306.621145151086
24/02/2019 08:00,3927.5893520977284
24/02/2019 09:00,3610.7400285566723
24/02/2019 10:00,3636.524346900872
24/02/2019 11:00,3941.6039007454
24/02/2019 12:00,3991.296807183287
24/02/2019 13:00,3763.604736439248
24/02/2019 14:00,4480.468497393048
24/02/2019 15:00,5069.0613788968185
24/02/2019 16:00,5234.56076668653
24/02/2019 17:00,4244.464130818441
24/02/2019 18:00,5103.879663613914
24/02/2019 19:00,5272.819019595966
24/02/2019 20:00,5088.933800003272
24/02/2019 21:00,4825.775759807711
24/02/2019 22:00,4250.058627525039
24/02/2019 23:00,3766.819702511845
25/02/2019 00:00,3917.496480763515
25/02/2019 01:00,3695.8106672104936
25/02/2019 02:00,3448.7904751944993
25/02/2019 03:00,3414.264530201652
25/02/2019 04:00,3553.910819191567
25/02/2019 05:00,3850.197276316656
25/02/2019 06:00,4861.286285788104
25/02/2019 07:00,5161.740854940173
25/02/2019 08:00,4382.467394707902
25/02/2019 09:00,4444.171465910143
25/02/2019 10:00,4470.95272136434
25/02/2019 11:00,4808.044977330162
25/02/2019 12:00,4518.381056333346
25/02/2019 13:00,4560.837420690964
25/02/2019 14:00,5298.6270711046045
25/02/2019 15:00,5761.936699379484
25/02/2019 16:00,5802.961504114355
25/02/2019 17:00,4866.734418862526
25/02/2019 18:00,5932.796730340277
25/02/2019 19:00,6490.463627055357
25/02/2019 20:00,6214.3925752960295
25/02/2019 21:00,5730.3735971572805
25/02/2019 22:00,5159.962404584563
25/02/2019 23:00,4615.735239676972
26/02/2019 00:00,4022.256913717721
26/02/2019 01:00,3475.938235723377
26/02/2019 02:00,3191.3017949699606
26/02/2019 03:00,3459.4737994792054
26/02/2019 04:00,3401.598387383567
26/02/2019 05:00,4065.1527420421116
26/02/2019 06:00,4826.654063461837
26/02/2019 07:00,4903.8978934355855
26/02/2019 08:00,4621.369052695339
26/02/2019 09:00,4465.025033034517
26/02/2019 10:00,4200.718594466006
26/02/2019 11:00,4277.897396400013
26/02/2019 12:00,4472.978601147155
26/02/2019 13:00,4416.9137869795595
26/02/2019 14:00,5041.057807506787
26/02/2019 15:00,5852.819042631516
26/02/2019 16:00,5909.034759974546
26/02/2019 17:00,4996.652230259725
26/02/2019 18:00,6024.234152324389
26/02/2019 19:00,6268.943679031131
26/02/2019 20:00,6406.609483275826
26/02/2019 21:00,5702.599479779742
26/02/2019 22:00,5089.027975581041
26/02/2019 23:00,4331.77534030977
27/02/2019 00:00,3858.8416882378306
27/02/2019 01:00,3541.432631791104
27/02/2019 02:00,3438.16843366896
27/02/2019 03:00,3537.95467375853
27/02/2019 04:00,3401.0639415289597
27/02/2019 05:00,3894.6328976651994
27/02/2019 06:00,5223.024853121146
27/02/2019 07:00,5151.595039772794
27/02/2019 08:00,4456.221751628321
27/02/2019 09:00,4501.7942370988885
27/02/2019 10:00,4196.986165991914
27/02/2019 11:00,4892.545642674054
27/02/2019 12:00,4639.98603699746
27/02/2019 13:00,4301.699218697973
27/02/2019 14:00,5616.500496673905
27/02/2019 15:00,5715.027637285465
27/02/2019 16:00,6043.362469464281
27/02/2019 17:00,4955.397469504513
27/02/2019 18:00,6237.1188731362245
27/02/2019 19:00,6759.951414319114
27/02/2019 20:00,6190.537985809364
27/02/2019 21:00,5600.340858467907
27/02/2019 22:00,5163.481903552524
27/02/2019 23:00,4365.941827067937
28/02/2019 00:00,4147.071665509685
28/02/2019 01:00,3652.90146603437
28/02/2019 02:00,3418.2223655953067
28/02/2019 03:00,3383.794307938439
28/02/2019 04:00,3403.700270841711
28/02/2019 05:00,3973.4527993165657
28/02/2019 06:00,5182.39311413045
28/02/2019 07:00,5081.986845710113
28/02/2019 08:00,4404.675169187616
28/02/2019 09:00,4435.884337692993
28/02/2019 10:00,4426.704107941905
28/02/2019 11:00,4738.494869515631
28/02/2019 12:00,4683.385805536059
28/02/2019 13:00,4266.484060840235
28/02/2019 14:00,5050.094196556102
28/02/2019 15:00,6082.968887639075
28/02/2019 16:00,5854.52192388175
28/02/2019 17:00,4874.34251418853
28/02/2019 18:00,6241.882529258321
28/02/2019 19:00,6565.204824226129
28/02/2019 20:00,6269.184505456477
28/02/2019 21:00,6102.004160577943
28/02/2019 22:00,4994.8729884708355
28/02/2019 23:00,4580.598977684013
01/03/2019 00:00,5300.199949873976
01/03/2019 01:00,4961.660335896949
01/03/2019 02:00,4890.30896545187
01/03/2019 03:00,4622.213000690696
01/03/2019 04:00,4876.447679056657
01/03/2019 05:00,5715.41223760556
01/03/2019 06:00,6693.6527349390835
01/03/2019 07:00,6837.267278242029
01/03/2019 08:00,5959.654343013567
01/03/2019 09:00,5557.977343215287
01/03/2019 10:00,6140.10296514821
01/03/2019 11:00,6067.852822214858
01/03/2019 12:00,6111.662112426656
01/03/2019 13:00,5857.350897766082
01/03/2019 14:00,7202.717925847813
01/03/2019 15:00,8067.922810885684
01/03/2019 16:00,8204.718462348199
01/03/2019 17:00,6528.468760318229
01/03/2019 18:00,8080.582632774792
01/03/2019 19:00,8810.613215993155
01/03/2019 20:00,8304.973056123154
01/03/2019 21:00,8125.961520214302
01/03/2019 22:00,6992.296305902465
01/03/2019 23:00,6162.377266012942
02/03/2019 00:00,4586.916307730094
02/03/2019 01:00,4330.98387732684
02/03/2019 02:00,3996.0991870117373
02/03/2019 03:00,3719.3633259766048
02/03/2019 04:00,4128.018603649614
02/03/2019 05:00,4614.690988016205
02/03/2019 06:00,5661.360088528245
02/03/2019 07:00,6066.645566460107
02/03/2019 08:00,5423.897683223382
02/03/2019 09:00,5023.643780241263
02/03/2019 10:00,4961.392779787062
02/03/2019 11:00,5606.6170423930425
02/03/2019 12:00,5267.396465388486
02/03/2019 13:00,5412.287819212674
02/03/2019 14:00,6169.282637642647
02/03/2019 15:00,6340.327848536951
02/03/2019 16:00,6952.1605728354825
02/03/2019 17:00,5712.57841956078
02/03/2019 18:00,7170.203960564171
02/03/2019 19:00,7576.040204628158
02/03/2019 20:00,7082.747826690161
02/03/2019 21:00,6347.308438902509
02/03/2019 22:00,5820.451394736682
02/03/2019 23:00,4994.264150907877
03/03/2019 00:00,4419.150765388426
03/03/2019 01:00,4257.573064117235
03/03/2019 02:00,4173.626815033366
03/03/2019 03:00,3915.7429470011407
03/03/2019 04:00,3932.763432975879
03/03/2019 05:00,4769.44034117735
03/03/2019 06:00,5959.099319965525
03/03/2019 07:00,5852.710891501756
03/03/2019 08:00,5208.599214242144
03/03/2019 09:00,5022.652236010387
03/03/2019 10:00,4800.094287696414
03/03/2019 11:00,5437.959565053525
03/03/2019 12:00,5210.6495961501105
03/03/2019 13:00,5083.627123880658
03/03/2019 14:00,5904.849455444227
03/03/2019 15:00,6606.070674028974
03/03/2019 16:00,6945.846060728771
03/03/2019 17:00,5584.822206634543
03/03/2019 18:00,7260.747383888056
03/03/2019 19:00,7337.035741305503
03/03/2019 20:00,7160.230687843536
03/03/2019 21:00,6773.681892441276
03/03/2019 22:00,5607.951297891378
03/03/2019 23:00,4854.306428369364
04/03/2019 00:00,5048.975707734873
04/03/2019 01:00,5108.4331687120575
04/03/2019 02:00,4598.486994868645
04/03/2019 03:00,4902.26292853264
04/03/2019 04:00,4717.716119592694
04/03/2019 05:00,5567.907201108833
04/03/2019 06:00,7080.848438944737
04/03/2019 07:00,7435.963038108445
04/03/2019 08:00,6533.002022657663
04/03/2019 09:00,6120.512829131259
04/03/2019 10:00,5961.025360259551
04/03/2019 11:00,6387.102974881785
04/03/2019 12:00,6296.165995633456
04/03/2019 13:00,5808.734300552314
04/03/2019 14:00,6961.717891667099
04/03/2019 15:00,7874.402764189918
04/03/2019 16:00,7957.414625286699
04/03/2019 17:00,6554.3530674190515
04/03/2019 18:00,8290.967141310906
04/03/2019 19:00,8986.9321515981
04/03/2019 20:00,8389.592073410751
04/03/2019 21:00,8095.771044535575
04/03/2019 22:00,6654.7854595698645
04/03/2019 23:00,5994.420199197377
05/03/2019 00:00,5177.3655673502735
05/03/2019 01:00,4646.387203122992
05/03/2019 02:00,4664.301801432043
05/03/2019 03:00,4536.221055693714
05/03/2019 04:00,5016.839089359954
05/03/2019 05:00,5642.038860009029
05/03/2019 06:00,6559.80678858938
05/03/2019 07:00,7403.979814391491
05/03/2019 08:00,6377.872294351591
05/03/2019 09:00,6009.54305627301
05/03/2019 10:00,5744.0548956075045
05/03/2019 11:00,6094.919732939398
05/03/2019 12:00,6083.799934306685
05/03/2019 13:00,6099.317545422623
05/03/2019 14:00,7540.403120204741
05/03/2019 15:00,8239.800543015475
05/03/2019 16:00,7880.951803365937
05/03/2019 17:00,6421.514341230735
05/03/2019 18:00,8155.625384311198
05/03/2019 19:00,8273.048231823755
05/03/2019 20:00,8448.522205950092
05/03/2019 21:00,7717.822878318743
05/03/2019 22:00,6794.459070187789
05/03/2019 23:00,5740.994527732046
06/03/2019 00:00,5372.676056116291
06/03/2019 01:00,4843.341394015522
06/03/2019 02:00,4511.787576037068
06/03/2019 03:00,4160.540629467819
06/03/2019 04:00,4794.988720392217
06/03/2019 05:00,5831.652004609787
06/03/2019 06:00,7105.0396114776895
06/03/2019 07:00,6917.669862622271
06/03/2019 08:00,6041.346708958724
06/03/2019 09:00,5989.4630479824455
06/03/2019 10:00,5610.129627108111
06/03/2019 11:00,6332.36730470736
06/03/2019 12:00,6293.8992673828525
06/03/2019 13:00,6123.802751806507
06/03/2019 14:00,7115.456311147106
06/03/2019 15:00,7827.08085447819
06/03/2019 16:00,7787.580273264229
06/03/2019 17:00,6479.86884334534
06/03/2019 18:00,8066.120909256003
06/03/2019 19:00,8832.835213557244
06/03/2019 20:00,8596.729840046322
06/03/2019 21:00,7565.359088924501
06/03/2019 22:00,7199.374551729587
06/03/2019 23:00,5980.408214110816
07/03/2019 00:00,5287.758273215248
07/03/2019 01:00,4811.666723457032
07/03/2019 02:00,4335.834849009692
07/03/2019 03:00,4673.597782484671
07/03/2019 04:00,4905.032310598552
07/03/2019 05:00,5490.516569530415
07/03/2019 06:00,6781.351292794957
07/03/2019 07:00,7122.411608462816
07/03/2019 08:00,5864.093098465165
07/03/2019 09:00,5812.656097995655
07/03/2019 10:00,5921.155319046726
07/03/2019 11:00,6039.409320312906
07/03/2019 12:00,6206.683455329655
07/03/2019 13:00,5666.024556875169
07/03/2019 14:00,7236.765924248895
07/03/2019 15:00,7866.7794859583255
07/03/2019 16:00,7610.703158603012
07/03/2019 17:00,6876.8803076568465
07/03/2019 18:00,7942.3248428205
07/03/2019 19:00,8524.185672142059
07/03/2019 20:00,8417.747281027305
07/03/2019 21:00,8019.282270851214
07/03/2019 22:00,6680.805250293509
07/03/2019 23:00,6040.6068671199755
08/03/2019 00:00,5359.217972771723
08/03/2019 01:00,5024.343973968476
08/03/2019 02:00,4700.650692049622
08/03/2019 03:00,4502.719319084884
08/03/2019 04:00,4679.803077318535
08/03/2019 05:00,5551.560006491956
08/03/2019 06:00,6550.070936049032
08/03/2019 07:00,6399.15257734024
08/03/2019 08:00,6233.0780258524
08/03/2019 09:00,6066.570022361745
08/03/2019 10:00,5373.380040967273
08/03/2019 11:00,6085.451534281726
08/03/2019 12:00,6266.780397725033
08/03/2019 13:00,6270.971737269156
08/03/2019 14:00,7141.352078369259
08/03/2019 15:00,7703.20493711697
08/03/2019 16:00,7954.364456197995
08/03/2019 17:00,6918.769240269417
08/03/2019 18:00,7963.917933362276
08/03/2019 19:00,8527.08457222899
08/03/2019 20:00,8246.220755574821
08/03/2019 21:00,7530.439608884617
08/03/2019 22:00,6916.158898403707
08/03/2019 23:00,6323.327525942579
09/03/2019 00:00,4541.068752846671
09/03/2019 01:00,4152.026859594627
09/03/2019 02:00,3939.720752035784
09/03/2019 03:00,3688.4396815289474
09/03/2019 04:00,4187.176491458529
09/03/2019 05:00,4695.671897511442
09/03/2019 06:00,5721.440705152323
09/03/2019 07:00,6532.869926625581
09/03/2019 08:00,5276.495970352356
09/03/2019 09:00,4907.210344213803
09/03/2019 10:00,4852.970232297609
09/03/2019 11:00,5517.999275993915
09/03/2019 12:00,5247.395853121256
09/03/2019 13:00,4803.81635119609
09/03/2019 14:00,6233.656347070829
09/03/2019 15:00,6559.744908287865
09/03/2019 16:00,7180.581650435115
09/03/2019 17:00,5830.998182247479
09/03/2019 18:00,6810.4676995640575
09/03/2019 19:00,7711.45491912548
09/03/2019 20:00,7126.768242069067
09/03/2019 21:00,6757.903650862767
09/03/2019 22:00,5942.355020884024
09/03/2019 23:00,4994.904339097414
10/03/2019 00:00,4410.646973270703
10/03/2019 01:00,4312.971412175429
10/03/2019 02:00,3934.5979126273764
10/03/2019 03:00,3823.05985190028
10/03/2019 04:00,3962.2260696947005
10/03/2019 05:00,4766.474635111913
10/03/2019 06:00,6108.533152066298
10/03/2019 07:00,5770.84084886862
10/03/2019 08:00,5233.4247602830665
10/03/2019 09:00,5233.139056956894
10/03/2019 10:00,4904.102351978447
10/03/2019 11:00,5406.608986561852
10/03/2019 12:00,5062.947407360945
10/03/2019 13:00,5084.948702493154
10/03/2019 14:00,6032.30643742477
10/03/2019 15:00,6891.871931980441
10/03/2019 16:00,7040.686267416657
10/03/2019 17:00,6086.770275069087
10/03/2019 18:00,7023.143059685294
10/03/2019 19:00,7498.649063145715
10/03/2019 20:00,7153.765525727963
10/03/2019 21:00,6519.513649041284
10/03/2019 22:00,5916.656823947407
10/03/2019 23:00,5079.614245174749
11/03/2019 00:00,5317.890568837669
11/03/2019 01:00,5116.556452107871
11/03/2019 02:00,4534.7052285702675
11/03/2019 03:00,4708.540883211091
11/03/2019 04:00,4988.573080572319
11/03/2019 05:00,5517.636751467559
11/03/2019 06:00,6336.944495217037
11/03/2019 07:00,6885.954832674531
11/03/2019 08:00,6391.892768431515
11/03/2019 09:00,5902.347962305136
11/03/2019 10:00,5609.9705630457165
11/03/2019 11:00,6180.517792292588
11/03/2019 12:00,6307.657441392076
11/03/2019 13:00,6003.2768144167385
11/03/2019 14:00,7085.742965043074
11/03/2019 15:00,7788.535531762309
11/03/2019 16:00,7904.248611532306
11/03/2019 17:00,6460.825831411884
11/03/2019 18:00,8514.868517606645
11/03/2019 19:00,8652.070933141349
11/03/2019 20:00,8672.933566214657
11/03/2019 21:00,8105.954106957318
11/03/2019 22:00,7097.174822108738
11/03/2019 23:00,5951.377007164465
12/03/2019 00:00,5355.235894024536
12/03/2019 01:00,4918.427276760317
12/03/2019 02:00,4549.13141408236
12/03/2019 03:00,4597.152774673586
12/03/2019 04:00,4629.20540982641
12/03/2019 05:00,5734.544330812764
12/03/2019 06:00,6673.417588586263
12/03/2019 07:00,7056.177109570311
12/03/2019 08:00,6204.787858890629
12/03/2019 09:00,5860.524109899427
12/03/2019 10:00,5885.141667902861
12/03/2019 11:00,6186.141550730475
12/03/2019 12:00,6313.31969867817
12/03/2019 13:00,5667.903168497718
12/03/2019 14:00,7163.958752637944
12/03/2019 15:00,8333.283609601514
12/03/2019 16:00,7758.222999489203
12/03/2019 17:00,6509.597639830606
12/03/2019 18:00,8246.507994583048
12/03/2019 19:00,8783.617756510132
12/03/2019 20:00,8455.415868779846
12/03/2019 21:00,7865.917560329226
12/03/2019 22:00,7022.012160866962
12/03/2019 23:00,6230.176391362488
13/03/2019 00:00,5356.202359598219
13/03/2019 01:00,4886.375894719026
13/03/2019 02:00,4770.246621083615
13/03/2019 03:00,4812.34632401863
13/03/2019 04:00,4779.85491848392
13/03/2019 05:00,5375.363628231375
13/03/2019 06:00,6992.523355987007
13/03/2019 07:00,6988.519937196121
13/03/2019 08:00,5751.479518544458
13/03/2019 09:00,6056.556341817638
13/03/2019 10:00,5690.4702920729005
13/03/2019 11:00,6258.505615807083
13/03/2019 12:00,6213.775269514775
13/03/2019 13:00,5940.155019259412
13/03/2019 14:00,7288.798600212188
13/03/2019 15:00,7772.3137320346505
13/03/2019 16:00,8121.368453507854
13/03/2019 17:00,6592.9617057437445
13/03/2019 18:00,8301.30304675295
13/03/2019 19:00,8897.835663773627
13/03/2019 20:00,8132.584306135361
13/03/2019 21:00,8004.710887857188
13/03/2019 22:00,6780.003492772243
13/03/2019 23:00,6175.614322755388
14/03/2019 00:00,5349.451168049105
14/03/2019 01:00,5193.426201715568
14/03/2019 02:00,4644.552862390823
14/03/2019 03:00,4505.138390743798
14/03/2019 04:00,4796.154188469752
14/03/2019 05:00,5486.886532425027
14/03/2019 06:00,6930.164204206048
14/03/2019 07:00,6673.7531951705105
14/03/2019 08:00,5958.016567486061
14/03/2019 09:00,5717.193864719539
14/03/2019 10:00,5948.22884236121
14/03/2019 11:00,6597.601192509193
14/03/2019 12:00,6133.221285488446
14/03/2019 13:00,5876.486141224515
14/03/2019 14:00,7151.898658487674
14/03/2019 15:00,8149.700720261
14/03/2019 16:00,7775.733933833806
14/03/2019 17:00,6692.216711387335
14/03/2019 18:00,8358.89617532256
14/03/2019 19:00,8867.885028111637
14/03/2019 20:00,8414.989156561849
14/03/2019 21:00,7984.957783994831
14/03/2019 22:00,6331.9770074620255
14/03/2019 23:00,6152.066460360369
15/03/2019 00:00,5187.3256234766095
15/03/2019 01:00,4651.688746450175
15/03/2019 02:00,4747.609967053565
15/03/2019 03:00,4740.471839220355
15/03/2019 04:00,4779.161743521823
15/03/2019 05:00,5695.539137594985
15/03/2019 06:00,7095.094885415078
15/03/2019 07:00,7290.528382208114
15/03/2019 08:00,6455.196453008723
15/03/2019 09:00,6037.89905439801
15/03/2019 10:00,5796.437774066245
15/03/2019 11:00,5973.953503474461
15/03/2019 12:00,6107.083016253414
15/03/2019 13:00,5756.983449282733
15/03/2019 14:00,7601.714032415303
15/03/2019 15:00,7833.645921497985
15/03/2019 16:00,8027.8126853759195
15/03/2019 17:00,6754.633646345283
15/03/2019 18:00,8131.923256431738
15/03/2019 19:00,9180.816945018258
15/03/2019 20:00,8211.101311918694
15/03/2019 21:00,7797.408785523521
15/03/2019 22:00,6737.313510642156
15/03/2019 23:00,5790.679708091609
16/03/2019 00:00,4414.93496835374
16/03/2019 01:00,4179.0514745656565
16/03/2019 02:00,3923.326956073683
16/03/2019 03:00,3789.534034115423
16/03/2019 04:00,3907.0118965966567
16/03/2019 05:00,4694.928003533025
16/03/2019 06:00,5492.9064315606165
16/03/2019 07:00,6097.71092228357
16/03/2019 08:00,5242.558869788202
16/03/2019 09:00,4800.913504500788
16/03/2019 10:00,4870.246759948213
16/03/2019 11:00,5213.852524156847
16/03/2019 12:00,5279.699889971525
16/03/2019 13:00,5222.329531116972
16/03/2019 14:00,5725.100580835325
16/03/2019 15:00,6717.019261151794
16/03/2019 16:00,6765.852555630407
16/03/2019 17:00,5761.746761852755
16/03/2019 18:00,6947.256561311121
16/03/2019 19:00,7258.542249537329
16/03/2019 20:00,7044.213876516929
16/03/2019 21:00,6431.969247931611
16/03/2019 22:00,6046.251024761707
16/03/2019 23:00,5128.309186762168
17/03/2019 00:00,4753.994369971511
17/03/2019 01:00,4176.086400597313
17/03/2019 02:00,3890.0478003643852
17/03/2019 03:00,3694.183778403613
17/03/2019 04:00,3858.4514826911036
17/03/2019 05:00,4482.982702864617
17/03/2019 06:00,5798.687583005764
17/03/2019 07:00,6052.759585606621
17/03/2019 08:00,4981.553967246556
17/03/2019 09:00,5155.244584605608
17/03/2019 10:00,4844.607866102037
17/03/2019 11:00,5357.708275602329
17/03/2019 12:00,5482.564279091208
17/03/2019 13:00,5155.515839248318
17/03/2019 14:00,6017.494852283502
17/03/2019 15:00,6514.952916153443
17/03/2019 16:00,6359.638182891105
17/03/2019 17:00,5526.1417694605625
17/03/2019 18:00,6859.38137378092
17/03/2019 19:00,7206.141645902716
17/03/2019 20:00,7084.283871565572
17/03/2019 21:00,6604.519566774209
17/03/2019 22:00,5817.6693412142
17/03/2019 23:00,5025.093969445876
18/03/2019 00:00,5317.921315027302
18/03/2019 01:00,4987.256956315419
18/03/2019 02:00,4522.9420886135495
18/03/2019 03:00,4745.5629045538335
18/03/2019 04:00,4784.756414477233
18/03/2019 05:00,5540.381252239541
18/03/2019 06:00,6911.5405448898355
18/03/2019 07:00,7062.922288867875
18/03/2019 08:00,6328.425194204537
18/03/2019 09:00,5957.276105080441
18/03/2019 10:00,5677.091809281196
18/03/2019 11:00,6343.609003428214
18/03/2019 12:00,5941.396735283788
18/03/2019 13:00,5925.6359113859535
18/03/2019 14:00,7129.785226393086
18/03/2019 15:00,7826.0311437682185
18/03/2019 16:00,7967.407745474006
18/03/2019 17:00,6269.570329421455
18/03/2019 18:00,7987.6092122028995
18/03/2019 19:00,8760.884323631932
18/03/2019 20:00,8407.527471231972
18/03/2019 21:00,7513.149244688125
18/03/2019 22:00,7152.452187694913
18/03/2019 23:00,5872.773261842993
19/03/2019 00:00,5445.036303997012
19/03/2019 01:00,4985.079519473973
19/03/2019 02:00,4585.24917165704
19/03/2019 03:00,4795.331725922516
19/03/2019 04:00,4627.103895787267
19/03/2019 05:00,5689.937593434659
19/03/2019 06:00,6970.90072948806
19/03/2019 07:00,6872.741113397033
19/03/2019 08:00,6409.514282759373
19/03/2019 09:00,5862.0937579851825
19/03/2019 10:00,5833.438489026869
19/03/2019 11:00,6324.559881459021
19/03/2019 12:00,6127.709964043072
19/03/2019 13:00,6050.068739537727
19/03/2019 14:00,7306.791489491272
19/03/2019 15:00,7462.098830130641
19/03/2019 16:00,8311.223180428005
19/03/2019 17:00,6313.29718461298
19/03/2019 18:00,8372.868524679596
19/03/2019 19:00,9031.855472894531
19/03/2019 20:00,8093.54342475452
19/03/2019 21:00,7656.609180528985
19/03/2019 22:00,6662.224308111912
19/03/2019 23:00,5990.574331817767
20/03/2019 00:00,5242.254331916918
20/03/2019 01:00,5037.12467419489
20/03/2019 02:00,4859.70617997942
20/03/2019 03:00,4743.480171138651
20/03/2019 04:00,4718.015512465561
20/03/2019 05:00,5502.494585388244
20/03/2019 06:00,6425.957335237899
20/03/2019 07:00,6844.282447023171
20/03/2019 08:00,6330.587490178963
20/03/2019 09:00,6192.668351670159
20/03/2019 10:00,5569.189853554398
20/03/2019 11:00,6164.008827554191
20/03/2019 12:00,6147.626157409305
20/03/2019 13:00,5956.042316053564
20/03/2019 14:00,6963.558219160136
20/03/2019 15:00,7975.386966120908
20/03/2019 16:00,7884.553433268701
20/03/2019 17:00,6641.819069870852
20/03/2019 18:00,8254.396147899373
20/03/2019 19:00,8738.233254439501
20/03/2019 20:00,8257.85754098824
20/03/2019 21:00,7726.658650754891
20/03/2019 22:00,6872.533255621236
20/03/2019 23:00,5962.521109876317
21/03/2019 00:00,5250.070136390568
21/03/2019 01:00,5158.056241196727
21/03/2019 02:00,4754.584097398853
21/03/2019 03:00,4512.491673021827
21/03/2019 04:00,4899.289480185804
21/03/2019 05:00,5481.796740910456
21/03/2019 06:00,7005.932427980808
21/03/2019 07:00,7091.628446692457
21/03/2019 08:00,6132.694706770419
21/03/2019 09:00,5985.731857518174
21/03/2019 10:00,5510.802202178039
21/03/2019 11:00,6063.417432314492
21/03/2019 12:00,5932.131291943893
21/03/2019 13:00,5931.728372847369
21/03/2019 14:00,7507.843588994755
21/03/2019 15:00,8402.358047338887
21/03/2019 16:00,8151.348766662955
21/03/2019 17:00,6744.5388384799035
21/03/2019 18:00,7682.492094708759
21/03/2019 19:00,8594.317096448012
21/03/2019 20:00,8169.64894702849
21/03/2019 21:00,7607.762888736527
21/03/2019 22:00,6856.040637246877
21/03/2019 23:00,5944.056603989122
22/03/2019 00:00,4976.966834249904
22/03/2019 01:00,5032.436428418315
22/03/2019 02:00,4525.418826578297
22/03/2019 03:00,4585.527652558053
22/03/2019 04:00,5097.552570839899
22/03/2019 05:00,5384.524130107142
22/03/2019 06:00,6254.019398538005
22/03/2019 07:00,6953.670278650985
22/03/2019 08:00,6355.709624629861
22/03/2019 09:00,6253.403502108255
22/03/2019 10:00,5570.0225305877075
22/03/2019 11:00,6369.061824311458
22/03/2019 12:00,6066.61532243982
22/03/2019 13:00,5887.626799204141
22/03/2019 14:00,7703.072420999776
22/03/2019 15:00,7520.114242094675
22/03/2019 16:00,8059.134197426468
22/03/2019 17:00,6737.930424552893
22/03/2019 18:00,8385.839894421897
22/03/2019 19:00,8762.231041583684
22/03/2019 20:00,8444.727462527399
22/03/2019 21:00,7661.066446741835
22/03/2019 22:00,6946.434997801953
22/03/2019 23:00,5967.372180035064
23/03/2019 00:00,4581.342667677803
23/03/2019 01:00,4137.309837112827
23/03/2019 02:00,4019.4787351621044
23/03/2019 03:00,3866.525155367215
23/03/2019 04:00,4216.905900699049
23/03/2019 05:00,4699.405712653521
23/03/2019 06:00,5446.601767588967
23/03/2019 07:00,6187.47116700346
23/03/2019 08:00,5087.525791483039
23/03/2019 09:00,4921.974159683818
23/03/2019 10:00,4828.002097504886
23/03/2019 11:00,5554.16405187775
23/03/2019 12:00,4894.561742161649
23/03/2019 13:00,5493.026347449839
23/03/2019 14:00,6258.557781935899
23/03/2019 15:00,6738.750302962024
23/03/2019 16:00,6787.316573519054
23/03/2019 17:00,5696.37923961077
23/03/2019 18:00,7011.025885228726
23/03/2019 19:00,7569.809934799514
23/03/2019 20:00,7230.838602625348
23/03/2019 21:00,6607.035793393918
23/03/2019 22:00,5822.50460054033
23/03/2019 23:00,5101.774085146821
24/03/2019 00:00,4471.179631836503
24/03/2019 01:00,4326.000618627882
24/03/2019 02:00,4045.2880028816826
24/03/2019 03:00,3528.550215919052
24/03/2019 04:00,4159.3721933039515
24/03/2019 05:00,4734.159226352266
24/03/2019 06:00,5749.358787245862
24/03/2019 07:00,5892.284741118963
24/03/2019 08:00,5405.985639497704
24/03/2019 09:00,5163.1499925450025
24/03/2019 10:00,4801.8670374647045
24/03/2019 11:00,5399.35666300184
24/03/2019 12:00,5077.182989488735
24/03/2019 13:00,4812.651293423011
24/03/2019 14:00,5952.308136915509
24/03/2019 15:00,6867.103787379571
24/03/2019 16:00,6992.9074760515705
24/03/2019 17:00,5734.932116618472
24/03/2019 18:00,7053.26737055008
24/03/2019 19:00,7541.062744064501
24/03/2019 20:00,6975.417905953352
24/03/2019 21:00,6674.709873044699
24/03/2019 22:00,5997.824279889192
24/03/2019 23:00,5241.005527392883
25/03/2019 00:00,5479.871569564341
25/03/2019 01:00,5026.588146077709
25/03/2019 02:00,4725.20010020931
25/03/2019 03:00,4699.017005375567
25/03/2019 04:00,4795.131774087801
25/03/2019 05:00,5390.75518762468
25/03/2019 06:00,6734.642106643088
25/03/2019 07:00,6857.110937541728
25/03/2019 08:00,6027.878969896602
25/03/2019 09:00,5880.792447698575
25/03/2019 10:00,5645.8647474965455
25/03/2019 11:00,6217.571160680211
25/03/2019 12:00,5802.986072847005
25/03/2019 13:00,5944.193938596825
25/03/2019 14:00,7137.15810071338
25/03/2019 15:00,7682.157908378354
25/03/2019 16:00,8156.434350026184
25/03/2019 17:00,6831.596168804615
25/03/2019 18:00,7729.6357222050065
25/03/2019 19:00,8536.64250507452
25/03/2019 20:00,8174.328349071692
25/03/2019 21:00,7533.561905242167
25/03/2019 22:00,7062.272357223498
25/03/2019 23:00,5994.390049627289
26/03/2019 00:00,5249.1623689219805
26/03/2019 01:00,4626.1096832716985
26/03/2019 02:00,4765.034535023659
26/03/2019 03:00,4383.585272509741
26/03/2019 04:00,4807.578410880497
26/03/2019 05:00,5583.327163491269
26/03/2019 06:00,7044.007916359609
26/03/2019 07:00,6738.453901309153
26/03/2019 08:00,5595.173543839371
26/03/2019 09:00,5938.976668533996
26/03/2019 10:00,6095.739590247724
26/03/2019 11:00,6508.802093555672
26/03/2019 12:00,6191.197886574314
26/03/2019 13:00,5819.286000995487
26/03/2019 14:00,7309.710597798225
26/03/2019 15:00,7645.193869042621
26/03/2019 16:00,8112.5508558626
26/03/2019 17:00,6745.460926998435
26/03/2019 18:00,8379.608481653118
26/03/2019 19:00,9459.847237388456
26/03/2019 20:00,8465.905040913149
26/03/2019 21:00,7633.783128869148
26/03/2019 22:00,6885.513175886422
26/03/2019 23:00,5709.453358557989
27/03/2019 00:00,5180.875058493144
27/03/2019 01:00,4861.565355188219
27/03/2019 02:00,4602.382451802929
27/03/2019 03:00,4573.659466374161
27/03/2019 04:00,4680.547435964833
27/03/2019 05:00,5723.472811879274
27/03/2019 06:00,6767.7920409080025
27/03/2019 07:00,7011.893068277458
27/03/2019 08:00,6091.978832699627
27/03/2019 09:00,5933.898547654339
27/03/2019 10:00,5926.504961468966
27/03/2019 11:00,6112.298429243863
27/03/2019 12:00,6031.0281490289335
27/03/2019 13:00,5852.582177509005
27/03/2019 14:00,6848.73961418792
27/03/2019 15:00,7681.645415093638
27/03/2019 16:00,7883.981991945142
27/03/2019 17:00,6819.001613672455
27/03/2019 18:00,8185.270179636699
27/03/2019 19:00,8787.289238204743
27/03/2019 20:00,8580.994108259329
27/03/2019 21:00,7720.202198716788
27/03/2019 22:00,6971.518455636699
27/03/2019 23:00,6010.7788880534345
28/03/2019 00:00,5333.272159850775
28/03/2019 01:00,4835.949856617074
28/03/2019 02:00,4333.790045488457
28/03/2019 03:00,4534.5094134932015
28/03/2019 04:00,5003.7809150321045
28/03/2019 05:00,5691.110587081867
28/03/2019 06:00,6963.757064790256
28/03/2019 07:00,7273.951063894216
28/03/2019 08:00,6168.863974851706
28/03/2019 09:00,5941.362764826613
28/03/2019 10:00,5676.187087316192
28/03/2019 11:00,6216.044069650783
28/03/2019 12:00,6266.155959969007
28/03/2019 13:00,6119.7186911908175
28/03/2019 14:00,7107.043576252768
28/03/2019 15:00,7768.8400850432645
28/03/2019 16:00,7998.376682407742
28/03/2019 17:00,6764.545154538279
28/03/2019 18:00,7769.5206564520395
28/03/2019 19:00,8134.729008816065
28/03/2019 20:00,8229.203138966923
28/03/2019 21:00,7468.255625023487
28/03/2019 22:00,6785.755225781557
28/03/2019 23:00,6002.71897870118
29/03/2019 00:00,5219.203840417936
29/03/2019 01:00,5136.47135613995
29/03/2019 02:00,4721.734775344119
29/03/2019 03:00,4593.890440644624
29/03/2019 04:00,4888.528229217212
29/03/2019 05:00,5348.069889557053
29/03/2019 06:00,6978.723463979404
29/03/2019 07:00,6997.908019766498
29/03/2019 08:00,6276.253959927296
29/03/2019 09:00,5716.475473163148
29/03/2019 10:00,5513.7720772168295
29/03/2019 11:00,6429.531223302568
29/03/2019 12:00,6221.975788279447
29/03/2019 13:00,5746.563680980284
29/03/2019 14:00,6950.699046657519
29/03/2019 15:00,8141.090720426695
29/03/2019 16:00,7712.853589836216
29/03/2019 17:00,6972.1520691749965
29/03/2019 18:00,7901.873664831127
29/03/2019 19:00,8903.870289330216
29/03/2019 20:00,8284.909532980539
29/03/2019 21:00,7892.429983315948
29/03/2019 22:00,6778.318577026945
29/03/2019 23:00,6000.0034493744715
30/03/2019 00:00,4502.998492119824
30/03/2019 01:00,4057.914450237411
30/03/2019 02:00,4062.8475241971237
30/03/2019 03:00,3810.3395981541903
30/03/2019 04:00,4051.1329911251146
30/03/2019 05:00,4566.260492598949
30/03/2019 06:00,5310.386042707544
30/03/2019 07:00,5927.606578145813
30/03/2019 08:00,5608.1372177275725
30/03/2019 09:00,5138.611762534042
30/03/2019 10:00,4913.0070673130085
30/03/2019 11:00,5292.147994147432
30/03/2019 12:00,5233.149645840915
30/03/2019 13:00,5102.843360717707
30/03/2019 14:00,5851.467753969769
30/03/2019 15:00,6917.6954083513365
30/03/2019 16:00,6944.418364458811
30/03/2019 17:00,5769.684281636093
30/03/2019 18:00,6993.910321948683
30/03/2019 19:00,7430.437738724798
30/03/2019 20:00,7255.857527198633
30/03/2019 21:00,6706.317214390522
30/03/2019 22:00,5794.969594860713
30/03/2019 23:00,5036.840668155372
31/03/2019 00:00,4511.220391885225
31/03/2019 01:00,4378.119068234312
31/03/2019 02:00,3826.7695102362227
31/03/2019 03:00,3699.5462286423835
31/03/2019 04:00,4099.269815495825
31/03/2019 05:00,4713.8478371411065
31/03/2019 06:00,5782.502392750592
31/03/2019 07:00,6005.404303997338
31/03/2019 08:00,5194.607077273163
31/03/2019 09:00,5244.833100050862
31/03/2019 10:00,4679.753505389985
31/03/2019 11:00,5201.636000151577
31/03/2019 12:00,5213.425489748665
31/03/2019 13:00,4772.954074947875
31/03/2019 14:00,6034.361089875723
31/03/2019 15:00,7027.572451153103
31/03/2019 16:00,6802.7724115528345
31/03/2019 17:00,5687.084926859838
31/03/2019 18:00,6642.133509261399
31/03/2019 19:00,7288.753257385113
31/03/2019 20:00,7032.234836085576
31/03/2019 21:00,6526.52163527337
31/03/2019 22:00,6082.384552096604
31/03/2019 23:00,5210.778044335271
01/04/2019 00:00,5114.723276934578
01/04/2019 01:00,4958.39889558327
01/04/2019 02:00,4745.789052213883
01/04/2019 03:00,4708.577826500946
01/04/2019 04:00,5026.4980718342185
01/04/2019 05:00,5368.625090589034
01/04/2019 06:00,6603.119572355186
01/04/2019 07:00,6749.236126027551
01/04/2019 08:00,6109.305784505328
01/04/2019 09:00,5989.034973084895
01/04/2019 10:00,5954.653032295467
01/04/2019 11:00,6261.250966607405
01/04/2019 12:00,6093.4641433952365
01/04/2019 13:00,5933.290302162539
01/04/2019 14:00,6958.0900587607
01/04/2019 15:00,8368.86606023272
01/04/2019 16:00,7612.495755695589
01/04/2019 17:00,6681.526371737653
01/04/2019 18:00,8614.32939564689
01/04/2019 19:00,8738.332215459717
01/04/2019 20:00,8319.696021355854
01/04/2019 21:00,7669.020883966804
01/04/2019 22:00,6853.508709979347
01/04/2019 23:00,6277.775637069151
02/04/2019 00:00,4940.051205436066
02/04/2019 01:00,5148.426820333416
02/04/2019 02:00,4476.151562525751
02/04/2019 03:00,4516.429158285352
02/04/2019 04:00,4737.152324676232
02/04/2019 05:00,5635.018997791138
02/04/2019 06:00,6443.278817526162
02/04/2019 07:00,7111.098292619965
02/04/2019 08:00,6526.136948718169
02/04/2019 09:00,5664.85647177819
02/04/2019 10:00,5816.264114933487
02/04/2019 11:00,6150.920932323854
02/04/2019 12:00,6231.10813108308
02/04/2019 13:00,5909.792832975852
02/04/2019 14:00,6999.55316236525
02/04/2019 15:00,7990.4627545345
02/04/2019 16:00,8431.198818073053
02/04/2019 17:00,6606.645047253288
02/04/2019 18:00,8296.66110526704
02/04/2019 19:00,8397.58768419732
02/04/2019 20:00,8127.31342781839
02/04/2019 21:00,7862.014929812111
02/04/2019 22:00,7197.6024018830685
02/04/2019 23:00,6093.77458717507
03/04/2019 00:00,5241.4568900539225
03/04/2019 01:00,4921.895368924813
03/04/2019 02:00,4500.49655430193
03/04/2019 03:00,4635.418028107911
03/04/2019 04:00,4925.978167483107
03/04/2019 05:00,5462.149884135601
03/04/2019 06:00,6672.316167635018
03/04/2019 07:00,7069.79490063135
03/04/2019 08:00,6071.892454720306
03/04/2019 09:00,5894.681829749221
03/04/2019 10:00,6147.652780281284
03/04/2019 11:00,6229.043335910504
03/04/2019 12:00,6086.359366440682
03/04/2019 13:00,5791.660772375894
03/04/2019 14:00,7296.236710441936
03/04/2019 15:00,7832.384701732184
03/04/2019 16:00,7842.434562887369
03/04/2019 17:00,6908.090067097334
03/04/2019 18:00,8467.170656416698
03/04/2019 19:00,8579.181084902364
03/04/2019 20:00,7898.857408329555
03/04/2019 21:00,7986.461917520079
03/04/2019 22:00,6749.270583899588
03/04/2019 23:00,6172.461125566159
04/04/2019 00:00,4978.42655554742
04/04/2019 01:00,5053.800922973276
04/04/2019 02:00,4506.00043527628
04/04/2019 03:00,4652.661782584761
04/04/2019 04:00,4801.00487216681
04/04/2019 05:00,5378.783968498378
04/04/2019 06:00,6685.108399795692
04/04/2019 07:00,7158.262041279772
04/04/2019 08:00,6172.045468683743
04/04/2019 09:00,6009.95330483588
04/04/2019 10:00,6126.263429633728
04/04/2019 11:00,5981.0557066088
04/04/2019 12:00,6450.997011024832
04/04/2019 13:00,5924.891037281613
04/04/2019 14:00,6944.46404376568
04/04/2019 15:00,7560.90542403741
04/04/2019 16:00,7952.871035034026
04/04/2019 17:00,6828.422654961133
04/04/2019 18:00,8090.224059860337
04/04/2019 19:00,9132.618418175573
04/04/2019 20:00,8003.122975931878
04/04/2019 21:00,7749.338539888656
04/04/2019 22:00,6631.900217597142
04/04/2019 23:00,6095.225007640793
05/04/2019 00:00,5431.9296264234
05/04/2019 01:00,4859.870313545056
05/04/2019 02:00,4310.588692833915
05/04/2019 03:00,4580.023432104272
05/04/2019 04:00,4861.826594185246
05/04/2019 05:00,5604.41043395735
05/04/2019 06:00,7018.65394786113
05/04/2019 07:00,6788.483704469805
05/04/2019 08:00,6278.050887663517
05/04/2019 09:00,6117.702791150998
05/04/2019 10:00,5474.764164881077
05/04/2019 11:00,6335.729730484374
05/04/2019 12:00,6059.441007691758
05/04/2019 13:00,5891.954834507773
05/04/2019 14:00,7211.3399688609425
05/04/2019 15:00,7760.089328356788
05/04/2019 16:00,7836.115535675368
05/04/2019 17:00,6651.50797705448
05/04/2019 18:00,7856.404486701405
05/04/2019 19:00,8451.959034107143
05/04/2019 20:00,8537.937640234306
05/04/2019 21:00,7484.981289610345
05/04/2019 22:00,7028.542785437955
05/04/2019 23:00,6113.1251321209475
06/04/2019 00:00,4264.6241920374705
06/04/2019 01:00,4098.658182920699
06/04/2019 02:00,4116.895172021585
06/04/2019 03:00,3756.011463044542
06/04/2019 04:00,4022.276852717454
06/04/2019 05:00,4771.905440369556
06/04/2019 06:00,5887.783173539529
06/04/2019 07:00,5916.783971594978
06/04/2019 08:00,5135.882372442571
06/04/2019 09:00,5234.66767645397
06/04/2019 10:00,5172.292466950905
06/04/2019 11:00,5490.860752334883
06/04/2019 12:00,5243.010456739348
06/04/2019 13:00,4898.704513213351
06/04/2019 14:00,5915.231633528584
06/04/2019 15:00,6798.850028585617
06/04/2019 16:00,6883.847066040684
06/04/2019 17:00,5885.481655349055
06/04/2019 18:00,7037.8087585811
06/04/2019 19:00,7091.208226636336
06/04/2019 20:00,7336.742695661635
06/04/2019 21:00,6392.031049853096
06/04/2019 22:00,5789.710334360383
06/04/2019 23:00,5163.501025656399
07/04/2019 00:00,4766.741588983546
07/04/2019 01:00,4574.028987882789
07/04/2019 02:00,4046.857896981479
07/04/2019 03:00,3848.653798498701
07/04/2019 04:00,4144.516679985281
07/04/2019 05:00,4831.999335176457
07/04/2019 06:00,5697.2474427669495
07/04/2019 07:00,6282.851750800973
07/04/2019 08:00,5265.720513821088
07/04/2019 09:00,5095.406679425939
07/04/2019 10:00,5014.054962089538
07/04/2019 11:00,5401.682540283159
07/04/2019 12:00,5361.245326443051
07/04/2019 13:00,4927.473522363971
07/04/2019 14:00,5964.7591334126955
07/04/2019 15:00,6472.989667304783
07/04/2019 16:00,6888.151138304109
07/04/2019 17:00,5779.977884314617
07/04/2019 18:00,6997.906624835922
07/04/2019 19:00,7799.11431514834
07/04/2019 20:00,7111.09598473727
07/04/2019 21:00,6721.524233447737
07/04/2019 22:00,5665.351343868829
07/04/2019 23:00,5065.51554332235
08/04/2019 00:00,5401.555838178324
08/04/2019 01:00,5047.378417672333
08/04/2019 02:00,4634.663198482512
08/04/2019 03:00,4543.07058038534
08/04/2019 04:00,4580.423993500984
08/04/2019 05:00,5477.941201735008
08/04/2019 06:00,6948.52671964733
08/04/2019 07:00,7134.88205106657
08/04/2019 08:00,6244.910375523936
08/04/2019 09:00,5915.219499178968
08/04/2019 10:00,5784.575461553567
08/04/2019 11:00,6151.233650195321
08/04/2019 12:00,6281.486255658881
08/04/2019 13:00,5980.993037962244
08/04/2019 14:00,7242.244679487194
08/04/2019 15:00,7750.921112210728
08/04/2019 16:00,7481.560749734193
08/04/2019 17:00,6863.407518713693
08/04/2019 18:00,8004.636521055568
08/04/2019 19:00,8510.419491959472
08/04/2019 20:00,8541.478463426474
08/04/2019 21:00,7660.981776403527
08/04/2019 22:00,7109.914289055653
08/04/2019 23:00,6141.056195680257
09/04/2019 00:00,5399.656034733565
09/04/2019 01:00,4720.302979684129
09/04/2019 02:00,4845.907866438048
09/04/2019 03:00,4588.533034433841
09/04/2019 04:00,4745.785724178432
09/04/2019 05:00,5561.069333723727
09/04/2019 06:00,6407.116520076571
09/04/2019 07:00,7099.836885654111
09/04/2019 08:00,5962.503753877293
09/04/2019 09:00,5666.717646710812
09/04/2019 10:00,5519.219920011602
09/04/2019 11:00,6485.03194595004
09/04/2019 12:00,6036.353709109153
09/04/2019 13:00,6178.164280375523
09/04/2019 14:00,7022.181156150261
09/04/2019 15:00,7471.82643837092
09/04/2019 16:00,7730.342751945418
09/04/2019 17:00,6891.047924143802
09/04/2019 18:00,8083.317123825687
09/04/2019 19:00,8592.84581859535
09/04/2019 20:00,8407.568095090019
09/04/2019 21:00,7868.846851145437
09/04/2019 22:00,7121.79315281862
09/04/2019 23:00,6291.459610450337
10/04/2019 00:00,5234.042303894992
10/04/2019 01:00,4726.195798673126
10/04/2019 02:00,4617.9003475931095
10/04/2019 03:00,4588.4005431318765
10/04/2019 04:00,4660.199073031848
10/04/2019 05:00,5378.250482894922
10/04/2019 06:00,6837.550113060776
10/04/2019 07:00,7003.6127911181275
10/04/2019 08:00,6158.553505428093
10/04/2019 09:00,5772.000694653824
10/04/2019 10:00,5743.375360884942
10/04/2019 11:00,6101.54786074461
10/04/2019 12:00,6316.808371733357
10/04/2019 13:00,6089.83790011837
10/04/2019 14:00,6741.618255379788
10/04/2019 15:00,7655.597482214382
10/04/2019 16:00,7639.161546564272
10/04/2019 17:00,6515.123578891394
10/04/2019 18:00,8100.971256478246
10/04/2019 19:00,8356.603061675283
10/04/2019 20:00,8135.992905989657
10/04/2019 21:00,7518.665155740552
10/04/2019 22:00,6933.647131402667
10/04/2019 23:00,6041.993246388296
11/04/2019 00:00,5176.5853503397875
11/04/2019 01:00,4948.109369980104
11/04/2019 02:00,4599.213357774352
11/04/2019 03:00,4515.745850928561
11/04/2019 04:00,5039.874387262144
11/04/2019 05:00,5759.924038770783
11/04/2019 06:00,6503.892772513496
11/04/2019 07:00,7188.438561574255
11/04/2019 08:00,6302.263519045285
11/04/2019 09:00,5702.936931339345
11/04/2019 10:00,5925.408330580289
11/04/2019 11:00,6565.091059517817
11/04/2019 12:00,5945.306292387436
11/04/2019 13:00,5743.82584013884
11/04/2019 14:00,7354.788443681461
11/04/2019 15:00,7939.342396154425
11/04/2019 16:00,8130.575353553036
11/04/2019 17:00,6712.593394986492
11/04/2019 18:00,8216.488763479012
11/04/2019 19:00,8388.886297822113
11/04/2019 20:00,8630.299785351528
11/04/2019 21:00,8024.155111793968
11/04/2019 22:00,6843.37942782328
11/04/2019 23:00,6021.585737148344
12/04/2019 00:00,5048.110416135569
12/04/2019 01:00,4997.9348572735935
12/04/2019 02:00,4756.146501751335
12/04/2019 03:00,4544.35560884764
12/04/2019 04:00,4960.821466690517
12/04/2019 05:00,5481.75392558269
12/04/2019 06:00,6882.383352648992
12/04/2019 07:00,6799.296818341928
12/04/2019 08:00,6148.152861752386
12/04/2019 09:00,5875.50582033368
12/04/2019 10:00,5822.441037128064
12/04/2019 11:00,6205.980458452794
12/04/2019 12:00,6128.233445653901
12/04/2019 13:00,6052.768950402064
12/04/2019 14:00,7043.385719457637
12/04/2019 15:00,7495.636520487883
12/04/2019 16:00,8418.058283854329
12/04/2019 17:00,6920.080437500241
12/04/2019 18:00,7806.454409227162
12/04/2019 19:00,8917.320001777445
12/04/2019 20:00,8241.14226714666
12/04/2019 21:00,7813.427772489859
12/04/2019 22:00,6951.623188846184
12/04/2019 23:00,5987.0494966514825
13/04/2019 00:00,4391.728446612579
13/04/2019 01:00,4097.029501982734
13/04/2019 02:00,3865.2724446712314
13/04/2019 03:00,3773.349875611079
13/04/2019 04:00,4070.8866759966745
13/04/2019 05:00,4605.597279007559
13/04/2019 06:00,5870.294425627027
13/04/2019 07:00,6227.771196888373
13/04/2019 08:00,5138.621172028005
13/04/2019 09:00,5056.497477920034
13/04/2019 10:00,4989.538774008097
13/04/2019 11:00,5409.750383207319
13/04/2019 12:00,5241.54152703927
13/04/2019 13:00,5132.297775612896
13/04/2019 14:00,6154.129945034858
13/04/2019 15:00,6445.375602738046
13/04/2019 16:00,6975.781551046037
13/04/2019 17:00,5798.337426372852
13/04/2019 18:00,6745.033676334429
13/04/2019 19:00,7434.519367805133
13/04/2019 20:00,7258.0910188684065
13/04/2019 21:00,6547.95038077547
13/04/2019 22:00,6045.718766854423
13/04/2019 23:00,5488.480200823409
14/04/2019 00:00,4391.428865087297
14/04/2019 01:00,4010.3637108135667
14/04/2019 02:00,4010.7409469653144
14/04/2019 03:00,3953.6942292123204
14/04/2019 04:00,4050.8556372885596
14/04/2019 05:00,4911.862724003347
14/04/2019 06:00,5521.574090272535
14/04/2019 07:00,6085.70319574583
14/04/2019 08:00,5134.572253157163
14/04/2019 09:00,5279.40100846318
14/04/2019 10:00,5209.694548527494
14/04/2019 11:00,5211.532110388673
14/04/2019 12:00,5143.405667893721
14/04/2019 13:00,5149.905282339266
14/04/2019 14:00,5995.910725270689
14/04/2019 15:00,6684.800628201771
14/04/2019 16:00,6803.690604832384
14/04/2019 17:00,5322.725868364842
14/04/2019 18:00,6900.239297572444
14/04/2019 19:00,7272.40854979524
14/04/2019 20:00,7007.073024444229
14/04/2019 21:00,6874.704421810114
14/04/2019 22:00,5636.392388468962
14/04/2019 23:00,5250.063590337558
15/04/2019 00:00,5246.8689587352455
15/04/2019 01:00,4880.690613519905
15/04/2019 02:00,4786.770998462445
15/04/2019 03:00,4599.296076094339
15/04/2019 04:00,4881.1002972902
15/04/2019 05:00,5698.082415346068
15/04/2019 06:00,6700.483630691331
15/04/2019 07:00,6885.025901390184
15/04/2019 08:00,5952.208341560593
15/04/2019 09:00,5760.143857371969
15/04/2019 10:00,6295.019357338275
15/04/2019 11:00,6509.8814682867815
15/04/2019 12:00,5903.125448857154
15/04/2019 13:00,5672.071029728693
15/04/2019 14:00,7240.070896876361
15/04/2019 15:00,8004.494591969329
15/04/2019 16:00,8129.953304074812
15/04/2019 17:00,6593.876857157212
15/04/2019 18:00,8090.7344495471525
15/04/2019 19:00,8822.486075703833
15/04/2019 20:00,8388.961034225764
15/04/2019 21:00,7236.019518462155
15/04/2019 22:00,6843.294901168973
15/04/2019 23:00,5875.444624248475
16/04/2019 00:00,5318.962096974733
16/04/2019 01:00,5362.803344324419
16/04/2019 02:00,4727.4492255877385
16/04/2019 03:00,4510.0263910492995
16/04/2019 04:00,4931.660379537411
16/04/2019 05:00,5617.4329051034765
16/04/2019 06:00,6853.042834632662
16/04/2019 07:00,7141.540770996772
16/04/2019 08:00,6532.086528478411
16/04/2019 09:00,5706.01561636773
16/04/2019 10:00,5865.5254021428245
16/04/2019 11:00,6101.14346699233
16/04/2019 12:00,6255.033746698619
16/04/2019 13:00,5743.616099656755
16/04/2019 14:00,7047.538843639456
16/04/2019 15:00,7805.483237221809
16/04/2019 16:00,8232.394782264964
16/04/2019 17:00,6827.785627309925
16/04/2019 18:00,7817.794664119979
16/04/2019 19:00,8750.94803822367
16/04/2019 20:00,8189.279845701153
16/04/2019 21:00,7459.466434701246
16/04/2019 22:00,6845.937367268072
16/04/2019 23:00,5973.650553534352
17/04/2019 00:00,5676.353628101813
17/04/2019 01:00,4985.9308478127605
17/04/2019 02:00,4482.651949846698
17/04/2019 03:00,4475.710060253309
17/04/2019 04:00,4945.997020968028
17/04/2019 05:00,5884.17689232222
17/04/2019 06:00,6445.743843158046
17/04/2019 07:00,6618.284770538775
17/04/2019 08:00,6497.833397244246
17/04/2019 09:00,5975.436515316705
17/04/2019 10:00,5632.700776873084
17/04/2019 11:00,6376.2027468424685
17/04/2019 12:00,5666.0068610709595
17/04/2019 13:00,5906.998112764964
17/04/2019 14:00,7207.088807853914
17/04/2019 15:00,8093.564366086649
17/04/2019 16:00,7754.968200987285
17/04/2019 17:00,6661.780964441306
17/04/2019 18:00,7895.830469531467
17/04/2019 19:00,8803.485188519093
17/04/2019 20:00,8142.648375467788
17/04/2019 21:00,7657.240232391123
17/04/2019 22:00,6684.941058327384
17/04/2019 23:00,6147.229802397908
18/04/2019 00:00,5427.4158087769365
18/04/2019 01:00,4887.355926640088
18/04/2019 02:00,4681.263911219007
18/04/2019 03:00,4354.993417336569
18/04/2019 04:00,4755.806002501435
18/04/2019 05:00,5528.910134528568
18/04/2019 06:00,7299.856173254542
18/04/2019 07:00,6779.874902288216
18/04/2019 08:00,6422.75051384273
18/04/2019 09:00,6083.035399787954
18/04/2019 10:00,5832.04055649724
18/04/2019 11:00,6606.6393233877225
18/04/2019 12:00,6221.181367606411
18/04/2019 13:00,5975.355896198792
18/04/2019 14:00,7125.5264963443715
18/04/2019 15:00,8164.275489884695
18/04/2019 16:00,8261.345051479835
18/04/2019 17:00,6519.976863833217
18/04/2019 18:00,7799.87993275515
18/04/2019 19:00,8683.349485370829
18/04/2019 20:00,8166.572719487774
18/04/2019 21:00,7737.376439066867
18/04/2019 22:00,7146.6081609544435
18/04/2019 23:00,5946.731676072108
19/04/2019 00:00,5284.352451979197
19/04/2019 01:00,4930.567637021807
19/04/2019 02:00,4794.91533886311
19/04/2019 03:00,4245.957496873045
19/04/2019 04:00,4711.604268613082
19/04/2019 05:00,5572.347918752235
19/04/2019 06:00,7011.405030720736
19/04/2019 07:00,6910.346100556758
19/04/2019 08:00,5806.13528428232
19/04/2019 09:00,6016.207910533632
19/04/2019 10:00,5673.114307857559
19/04/2019 11:00,6051.575621926364
19/04/2019 12:00,6037.26144969368
19/04/2019 13:00,5873.703582826245
19/04/2019 14:00,7007.419934109716
19/04/2019 15:00,7354.121785614002
19/04/2019 16:00,8213.498791277574
19/04/2019 17:00,6898.834865603541
19/04/2019 18:00,8280.036166447964
19/04/2019 19:00,8438.366567681502
19/04/2019 20:00,8316.821192165426
19/04/2019 21:00,7750.633373584318
19/04/2019 22:00,7014.5851713877955
19/04/2019 23:00,6150.341766791037
20/04/2019 00:00,4398.419595767125
20/04/2019 01:00,4193.991344281022
20/04/2019 02:00,4029.03903482048
20/04/2019 03:00,4038.94008681434
20/04/2019 04:00,4165.320237311942
20/04/2019 05:00,4818.077205625337
20/04/2019 06:00,5767.054100359806
20/04/2019 07:00,6214.037596327432
20/04/2019 08:00,5293.912172854591
20/04/2019 09:00,4890.748794367446
20/04/2019 10:00,5122.81008277645
20/04/2019 11:00,5445.900535490547
20/04/2019 12:00,5160.116377330178
20/04/2019 13:00,4948.222029802504
20/04/2019 14:00,6120.339065206935
20/04/2019 15:00,6786.935658942128
20/04/2019 16:00,6838.751318021411
20/04/2019 17:00,5700.7430949318605
20/04/2019 18:00,7255.154527566751
20/04/2019 19:00,7664.78805332977
20/04/2019 20:00,7152.96566828195
20/04/2019 21:00,6775.405610876764
20/04/2019 22:00,5675.7496492820965
20/04/2019 23:00,5186.214171908196
21/04/2019 00:00,4741.596937955954
21/04/2019 01:00,4156.332841623407
21/04/2019 02:00,3873.446987085835
21/04/2019 03:00,3794.216496141011
21/04/2019 04:00,3945.765591153866
21/04/2019 05:00,4595.854216667606
21/04/2019 06:00,5688.646092302066
21/04/2019 07:00,5710.382375944613
21/04/2019 08:00,5232.075340890435
21/04/2019 09:00,5156.334852430962
21/04/2019 10:00,4781.975771536457
21/04/2019 11:00,5577.3432267887565
21/04/2019 12:00,5309.762532278983
21/04/2019 13:00,5175.659039858712
21/04/2019 14:00,5946.645064601624
21/04/2019 15:00,6865.523705238973
21/04/2019 16:00,6575.80671186966
21/04/2019 17:00,5798.838403004612
21/04/2019 18:00,6938.691750171762
21/04/2019 19:00,7549.32192712193
21/04/2019 20:00,6861.454907270811
21/04/2019 21:00,6412.390250215983
21/04/2019 22:00,5962.122195261681
21/04/2019 23:00,4979.2230697112245
22/04/2019 00:00,5364.676819173207
22/04/2019 01:00,4720.12843149808
22/04/2019 02:00,4794.879334030242
22/04/2019 03:00,4384.505186790686
22/04/2019 04:00,4878.463793577814
22/04/2019 05:00,5641.17824661994
22/04/2019 06:00,6626.282675774696
22/04/2019 07:00,7136.317411126415
22/04/2019 08:00,6200.57113075479
22/04/2019 09:00,5810.921533817495
22/04/2019 10:00,5608.3652580354355
22/04/2019 11:00,5906.053330218724
22/04/2019 12:00,6217.036657480339
22/04/2019 13:00,5629.129467336815
22/04/2019 14:00,7157.313860509779
22/04/2019 15:00,7812.9587782612725
22/04/2019 16:00,8161.208611109456
22/04/2019 17:00,6584.489948086191
22/04/2019 18:00,8041.03367078218
22/04/2019 19:00,8928.370750046497
22/04/2019 20:00,8451.506936576754
22/04/2019 21:00,7825.676652104235
22/04/2019 22:00,6987.808873235577
22/04/2019 23:00,5751.690339851867
23/04/2019 00:00,5411.278472723393
23/04/2019 01:00,5012.437142124048
23/04/2019 02:00,4533.2827407726745
23/04/2019 03:00,4519.512146462972
23/04/2019 04:00,4793.290988761181
23/04/2019 05:00,5514.907730417145
23/04/2019 06:00,6835.534423662324
23/04/2019 07:00,7315.031757082399
23/04/2019 08:00,6352.167093760212
23/04/2019 09:00,5673.885256677501
23/04/2019 10:00,5891.2794543530945
23/04/2019 11:00,6525.743624802312
23/04/2019 12:00,6223.895182706209
23/04/2019 13:00,6099.713003499552
23/04/2019 14:00,7567.741188317654
23/04/2019 15:00,8117.057522525051
23/04/2019 16:00,8058.070974252743
23/04/2019 17:00,6853.028981512529
23/04/2019 18:00,8156.6003267678925
23/04/2019 19:00,8742.814903984334
23/04/2019 20:00,8279.187295722668
23/04/2019 21:00,8115.744446090109
23/04/2019 22:00,6721.6111524618045
23/04/2019 23:00,6306.630037326813
24/04/2019 00:00,5370.495681749865
24/04/2019 01:00,4715.378450228745
24/04/2019 02:00,4727.472739872957
24/04/2019 03:00,4266.016829439149
24/04/2019 04:00,4889.003450921138
24/04/2019 05:00,5684.3024408754245
24/04/2019 06:00,6647.482489434074
24/04/2019 07:00,7039.84635021834
24/04/2019 08:00,6513.188608334458
24/04/2019 09:00,5816.785729978418
24/04/2019 10:00,5599.6290041918855
24/04/2019 11:00,6554.497582959724
24/04/2019 12:00,6514.744530692221
24/04/2019 13:00,5907.054843486063
24/04/2019 14:00,7353.461316122176
24/04/2019 15:00,8192.131733899663
24/04/2019 16:00,7820.092764612995
24/04/2019 17:00,6547.958649471933
24/04/2019 18:00,8421.189035510506
24/04/2019 19:00,9178.186344899523
24/04/2019 20:00,8508.695479282685
24/04/2019 21:00,7547.536414784971
24/04/2019 22:00,7301.573221254954
24/04/2019 23:00,5933.406125605629
25/04/2019 00:00,5237.95207187464
25/04/2019 01:00,4972.549604640737
25/04/2019 02:00,4893.912961336606
25/04/2019 03:00,4669.490735745373
25/04/2019 04:00,4858.677563788853
25/04/2019 05:00,5614.210332401894
25/04/2019 06:00,6776.584891961354
25/04/2019 07:00,7131.291205017168
25/04/2019 08:00,5685.606448659573
25/04/2019 09:00,5853.843531112504
25/04/2019 10:00,5825.219476369028
25/04/2019 11:00,6058.852607026248
25/04/2019 12:00,6223.805626385068
25/04/2019 13:00,5870.169335411027
25/04/2019 14:00,7512.759635339235
25/04/2019 15:00,8246.83534820036
25/04/2019 16:00,7886.4811182040185
25/04/2019 17:00,6614.631859738583
25/04/2019 18:00,8103.2834890627355
25/04/2019 19:00,8618.171632106729
25/04/2019 20:00,8416.355561540708
25/04/2019 21:00,7575.800509790191
25/04/2019 22:00,6657.074675500374
25/04/2019 23:00,6142.088185668364
26/04/2019 00:00,5391.078063786657
26/04/2019 01:00,4803.234734928606
26/04/2019 02:00,4801.497773761085
26/04/2019 03:00,4466.585640073088
26/04/2019 04:00,4835.39781957247
26/04/2019 05:00,5673.523496515149
26/04/2019 06:00,6760.925556956792
26/04/2019 07:00,7109.534536398633
26/04/2019 08:00,6057.179998479451
26/04/2019 09:00,5871.5876931492085
26/04/2019 10:00,5747.633285812545
26/04/2019 11:00,6134.994307721082
26/04/2019 12:00,6119.871908842903
26/04/2019 13:00,5631.997226387734
26/04/2019 14:00,7031.740544660645
26/04/2019 15:00,7807.896455438455
26/04/2019 16:00,7936.780308838113
26/04/2019 17:00,6596.559657642673
26/04/2019 18:00,8106.251832110277
26/04/2019 19:00,8862.209943845042
26/04/2019 20:00,8586.923024982894
26/04/2019 21:00,7601.0376749006455
26/04/2019 22:00,6642.069506370533
26/04/2019 23:00,5840.961359558024
27/04/2019 00:00,4431.741974719746
27/04/2019 01:00,4139.530003479532
27/04/2019 02:00,3882.7041725487156
27/04/2019 03:00,3719.446368751831
27/04/2019 04:00,4023.2905233523143
27/04/2019 05:00,4732.279916081765
27/04/2019 06:00,5855.2762720189185
27/04/2019 07:00,5862.075617133382
27/04/2019 08:00,5164.830287931193
27/04/2019 09:00,4880.867002269918
27/04/2019 10:00,4911.210994987332
27/04/2019 11:00,5198.446413959947
27/04/2019 12:00,5319.542306209644
27/04/2019 13:00,4751.464932877029
27/04/2019 14:00,6000.915654262188
27/04/2019 15:00,6754.387653198873
27/04/2019 16:00,6836.006537714499
27/04/2019 17:00,6104.302220069806
27/04/2019 18:00,6975.5461889578455
27/04/2019 19:00,7202.382183704977
27/04/2019 20:00,7091.920917702125
27/04/2019 21:00,6238.19943564346
27/04/2019 22:00,5843.017382812419
27/04/2019 23:00,4996.949319006477
28/04/2019 00:00,4620.98591504152
28/04/2019 01:00,4114.726650595239
28/04/2019 02:00,3960.592363485491
28/04/2019 03:00,3796.1357122849295
28/04/2019 04:00,4291.896347721901
28/04/2019 05:00,4661.303061579496
28/04/2019 06:00,6068.84584224066
28/04/2019 07:00,6107.386127586697
28/04/2019 08:00,5305.255846268239
28/04/2019 09:00,5075.9760792635625
28/04/2019 10:00,4973.922923918294
28/04/2019 11:00,5025.738755789534
28/04/2019 12:00,5185.871332895929
28/04/2019 13:00,5147.731946545578
28/04/2019 14:00,6057.466155127223
28/04/2019 15:00,6411.733147420538
28/04/2019 16:00,6787.824330630802
28/04/2019 17:00,5936.738383058503
28/04/2019 18:00,7161.327733078989
28/04/2019 19:00,7412.254121235316
28/04/2019 20:00,7315.299495361823
28/04/2019 21:00,6516.876456352371
28/04/2019 22:00,5557.783522572108
28/04/2019 23:00,4982.8949529707415
29/04/2019 00:00,5539.234367224764
29/04/2019 01:00,4881.542181537085
29/04/2019 02:00,4641.75882552521
29/04/2019 03:00,4511.896450042696
29/04/2019 04:00,5073.085688595942
29/04/2019 05:00,5807.350230122658
29/04/2019 06:00,7218.234497747557
29/04/2019 07:00,6980.384422531068
29/04/2019 08:00,6207.064890010493
29/04/2019 09:00,5637.663073383031
29/04/2019 10:00,6039.598861398734
29/04/2019 11:00,6055.696231111215
29/04/2019 12:00,6192.5113496814865
29/04/2019 13:00,5711.966770523681
29/04/2019 14:00,7010.819490327458
29/04/2019 15:00,7677.391727089922
29/04/2019 16:00,7852.391850888988
29/04/2019 17:00,6537.2307412315795
29/04/2019 18:00,7987.720339073248
29/04/2019 19:00,8954.963901608928
29/04/2019 20:00,8090.05513195986
29/04/2019 21:00,7803.440106702766
29/04/2019 22:00,7142.581387801213
29/04/2019 23:00,5936.621245399541
30/04/2019 00:00,5177.191503836625
30/04/2019 01:00,4887.9607338458845
30/04/2019 02:00,4841.388313053215
30/04/2019 03:00,4579.362287827579
30/04/2019 04:00,4722.471874826786
30/04/2019 05:00,5617.630379603729
30/04/2019 06:00,6543.948869088335
30/04/2019 07:00,7157.218602069607
30/04/2019 08:00,6227.918693819052
30/04/2019 09:00,5851.858801381958
30/04/2019 10:00,5637.8549446765055
30/04/2019 11:00,6108.617686144921
30/04/2019 12:00,6251.213909856046
30/04/2019 13:00,6124.165513197041
30/04/2019 14:00,7000.447950206905
30/04/2019 15:00,7983.49660903426
30/04/2019 16:00,7497.473084453979
30/04/2019 17:00,6528.161716953063
30/04/2019 18:00,8113.732832654266
30/04/2019 19:00,8498.12516030102
30/04/2019 20:00,8132.316296787566
30/04/2019 21:00,7596.848181339591
30/04/2019 22:00,6951.203249570541
30/04/2019 23:00,5995.56527149909
01/05/2019 00:00,4935.865484293777
01/05/2019 01:00,4608.857415461906
01/05/2019 02:00,4590.770773445729
01/05/2019 03:00,4615.363351199418
01/05/2019 04:00,4403.395849050112
01/05/2019 05:00,5454.236072463132
01/05/2019 06:00,6660.904582071626
01/05/2019 07:00,7305.977787770618
01/05/2019 08:00,6081.434599103097
01/05/2019 09:00,5974.262584184215
01/05/2019 10:00,5807.858184433745
01/05/2019 11:00,5874.435705829377
01/05/2019 12:00,6294.291847009803
01/05/2019 13:00,5944.56653759481
01/05/2019 14:00,7245.723873634807
01/05/2019 15:00,8802.79721557182
01/05/2019 16:00,7498.172310449662
01/05/2019 17:00,6988.502754860028
01/05/2019 18:00,8051.266573820816
01/05/2019 19:00,8811.857900192863
01/05/2019 20:00,8355.975425159992
01/05/2019 21:00,7653.48768924145
01/05/2019 22:00,6773.00185774277
01/05/2019 23:00,6089.052693371021
02/05/2019 00:00,5050.322191845668
02/05/2019 01:00,5032.830519876264
02/05/2019 02:00,4617.517497465911
02/05/2019 03:00,4398.498914292502
02/05/2019 04:00,4734.1623238536295
02/05/2019 05:00,5746.084485032168
02/05/2019 06:00,6659.059578945377
02/05/2019 07:00,7089.274197302387
02/05/2019 08:00,6017.5837454098155
02/05/2019 09:00,6040.6976884316655
02/05/2019 10:00,5902.28593543397
02/05/2019 11:00,6623.581114913798
02/05/2019 12:00,6120.095284759481
02/05/2019 13:00,6024.880282164662
02/05/2019 14:00,7157.896946688064
02/05/2019 15:00,8181.357483695828
02/05/2019 16:00,7825.767965674254
02/05/2019 17:00,6793.21010407427
02/05/2019 18:00,8073.864145471427
02/05/2019 19:00,8719.726503438482
02/05/2019 20:00,8390.431892151199
02/05/2019 21:00,7810.812161674771
02/05/2019 22:00,6866.772667289655
02/05/2019 23:00,6068.288072068025
03/05/2019 00:00,5541.651780808104
03/05/2019 01:00,5067.5115005779435
03/05/2019 02:00,4797.8223987716865
03/05/2019 03:00,4490.629906068266
03/05/2019 04:00,4670.92733182121
03/05/2019 05:00,5695.94214048306
03/05/2019 06:00,6945.615970404305
03/05/2019 07:00,7323.72273657348
03/05/2019 08:00,6041.020275961729
03/05/2019 09:00,5865.7258146593895
03/05/2019 10:00,5498.898678059756
03/05/2019 11:00,6201.66083851079
03/05/2019 12:00,6336.442001990201
03/05/2019 13:00,5823.740750763797
03/05/2019 14:00,7274.031207511062
03/05/2019 15:00,7830.192498189381
03/05/2019 16:00,8076.006673779191
03/05/2019 17:00,6415.9180506627545
03/05/2019 18:00,8142.060345099352
03/05/2019 19:00,7952.583731002818
03/05/2019 20:00,8320.48495258586
03/05/2019 21:00,7372.95980531201
03/05/2019 22:00,7140.108010438623
03/05/2019 23:00,6170.0701628937795
04/05/2019 00:00,4560.442767238861
04/05/2019 01:00,4374.603012577001
04/05/2019 02:00,3861.3705116270153
04/05/2019 03:00,4072.7873046585605
04/05/2019 04:00,4193.182788036338
04/05/2019 05:00,4673.260923014095
04/05/2019 06:00,5948.570127902982
04/05/2019 07:00,5763.908392823277
04/05/2019 08:00,5100.268003840624
04/05/2019 09:00,4928.778354295754
04/05/2019 10:00,4837.836287687734
04/05/2019 11:00,5165.1402519668845
04/05/2019 12:00,5421.512973542751
04/05/2019 13:00,4981.453110426218
04/05/2019 14:00,6130.517714070988
04/05/2019 15:00,6579.383407440085
04/05/2019 16:00,6427.190671110388
04/05/2019 17:00,5693.753478297239
04/05/2019 18:00,6507.090093537146
04/05/2019 19:00,7410.777068229135
04/05/2019 20:00,6820.334398973793
04/05/2019 21:00,6982.1718717546455
04/05/2019 22:00,6017.32046527202
04/05/2019 23:00,5141.292248517936
05/05/2019 00:00,4667.982270480548
05/05/2019 01:00,4077.478035352298
05/05/2019 02:00,4039.317008281448
05/05/2019 03:00,3893.120026795483
05/05/2019 04:00,4111.416488817563
05/05/2019 05:00,4886.318655170888
05/05/2019 06:00,5878.999247428992
05/05/2019 07:00,6013.411643793885
05/05/2019 08:00,4969.991778739437
05/05/2019 09:00,4875.844355319815
05/05/2019 10:00,4897.750947866673
05/05/2019 11:00,5349.159556586491
05/05/2019 12:00,5052.308750390563
05/05/2019 13:00,5383.670341474228
05/05/2019 14:00,6342.334994689951
05/05/2019 15:00,6814.835956017249
05/05/2019 16:00,6813.204805056947
05/05/2019 17:00,5612.038343971294
05/05/2019 18:00,6705.969207570846
05/05/2019 19:00,7443.328766813682
05/05/2019 20:00,7167.286324411956
05/05/2019 21:00,6343.856486746892
05/05/2019 22:00,5915.899942826753
05/05/2019 23:00,5101.161269865622
06/05/2019 00:00,4988.315121204111
06/05/2019 01:00,4794.955549308298
06/05/2019 02:00,4617.880656588211
06/05/2019 03:00,4810.680762521638
06/05/2019 04:00,4879.076118509439
06/05/2019 05:00,5315.403140445049
06/05/2019 06:00,6866.431162931185
06/05/2019 07:00,6688.273257515539
06/05/2019 08:00,6352.337701271206
06/05/2019 09:00,5822.920480695087
06/05/2019 10:00,5767.10407443566
06/05/2019 11:00,6525.153094544501
06/05/2019 12:00,5914.921784328561
06/05/2019 13:00,5658.841834543458
06/05/2019 14:00,7011.9472990340355
06/05/2019 15:00,8120.5232338264195
06/05/2019 16:00,7633.68670755452
06/05/2019 17:00,6080.135270917041
06/05/2019 18:00,8011.380106896089
06/05/2019 19:00,8881.159332563853
06/05/2019 20:00,8668.69210494294
06/05/2019 21:00,7644.43510940729
06/05/2019 22:00,6805.7482460705505
06/05/2019 23:00,6238.17160346475
07/05/2019 00:00,4994.357486169697
07/05/2019 01:00,4864.631022336477
07/05/2019 02:00,4702.612092007017
07/05/2019 03:00,4614.206763656077
07/05/2019 04:00,4725.553895091348
07/05/2019 05:00,5542.971254762046
07/05/2019 06:00,6262.538676618176
07/05/2019 07:00,6875.344331194567
07/05/2019 08:00,6236.20637061974
07/05/2019 09:00,5732.3453554823445
07/05/2019 10:00,5793.583791937905
07/05/2019 11:00,6359.681121672371
07/05/2019 12:00,6089.2739812516775
07/05/2019 13:00,5936.604816510424
07/05/2019 14:00,6930.772218644607
07/05/2019 15:00,7826.386845504131
07/05/2019 16:00,8144.669844352508
07/05/2019 17:00,6675.991147012409
07/05/2019 18:00,7978.398108014711
07/05/2019 19:00,8795.316334807201
07/05/2019 20:00,8546.782778865185
07/05/2019 21:00,7275.406431518268
07/05/2019 22:00,7130.408427003943
07/05/2019 23:00,5968.627065975782
08/05/2019 00:00,5358.689931807921
08/05/2019 01:00,5098.785480745455
08/05/2019 02:00,4483.485728773601
08/05/2019 03:00,4455.950645962932
08/05/2019 04:00,4757.408077077818
08/05/2019 05:00,5407.054824454613
08/05/2019 06:00,7119.998510333586
08/05/2019 07:00,6833.571871491388
08/05/2019 08:00,6049.959953176211
08/05/2019 09:00,5942.616101287794
08/05/2019 10:00,5574.776456151035
08/05/2019 11:00,6201.056577280138
08/05/2019 12:00,6211.09393569525
08/05/2019 13:00,5847.419799226654
08/05/2019 14:00,7116.905219801509
08/05/2019 15:00,7750.142112441397
08/05/2019 16:00,7634.856635487847
08/05/2019 17:00,6708.806712341575
08/05/2019 18:00,8548.87013864306
08/05/2019 19:00,8741.37300302263
08/05/2019 20:00,8423.946249239714
08/05/2019 21:00,7913.252721182375
08/05/2019 22:00,6628.398922431879
08/05/2019 23:00,6337.406810163787
09/05/2019 00:00,5323.2665603357755
09/05/2019 01:00,5162.959989719498
09/05/2019 02:00,4573.072330486881
09/05/2019 03:00,4801.170896723521
09/05/2019 04:00,4910.547973742946
09/05/2019 05:00,5629.119636461579
09/05/2019 06:00,6815.264570028455
09/05/2019 07:00,6961.555726563555
09/05/2019 08:00,6374.088130862813
09/05/2019 09:00,5931.270646058115
09/05/2019 10:00,5442.062422892777
09/05/2019 11:00,6065.221215007038
09/05/2019 12:00,6118.197520289023
09/05/2019 13:00,5961.329339825071
09/05/2019 14:00,7124.7840084071095
09/05/2019 15:00,8163.189162913492
09/05/2019 16:00,7530.087985478591
09/05/2019 17:00,6673.322962850874
09/05/2019 18:00,7678.369359505898
09/05/2019 19:00,8935.667933653367
09/05/2019 20:00,8343.688784583339
09/05/2019 21:00,7849.736383338803
09/05/2019 22:00,6712.214658855041
09/05/2019 23:00,6260.884094965515
10/05/2019 00:00,5456.5076436870495
10/05/2019 01:00,5008.166151782735
10/05/2019 02:00,4657.731709161737
10/05/2019 03:00,4632.050097240678
10/05/2019 04:00,4697.179737325713
10/05/2019 05:00,5679.372767187373
10/05/2019 06:00,7102.648229676821
10/05/2019 07:00,7239.123056283299
10/05/2019 08:00,6017.833624135296
10/05/2019 09:00,5970.4402572822555
10/05/2019 10:00,5558.989295587103
10/05/2019 11:00,6383.311920518955
10/05/2019 12:00,6235.670124929102
10/05/2019 13:00,5575.083503165616
10/05/2019 14:00,6888.153946531455
10/05/2019 15:00,7808.306736810905
10/05/2019 16:00,7926.059455822926
10/05/2019 17:00,6403.60165821668
10/05/2019 18:00,8216.070388640635
10/05/2019 19:00,8802.460352745677
10/05/2019 20:00,8318.634173952487
10/05/2019 21:00,7576.3797276614205
10/05/2019 22:00,7107.592932001337
10/05/2019 23:00,6328.885832540306
11/05/2019 00:00,4432.233293196007
11/05/2019 01:00,4106.866318060981
11/05/2019 02:00,4033.084367028848
11/05/2019 03:00,3828.356121429682
11/05/2019 04:00,4062.0490149988673
11/05/2019 05:00,4811.101432566878
11/05/2019 06:00,5423.075361138698
11/05/2019 07:00,6197.55505640978
11/05/2019 08:00,5241.027756611374
11/05/2019 09:00,4958.463700719427
11/05/2019 10:00,4902.687655181677
11/05/2019 11:00,5328.205200241923
11/05/2019 12:00,4958.018991504154
11/05/2019 13:00,5245.59743023906
11/05/2019 14:00,6073.88589107628
11/05/2019 15:00,6782.882624631329
11/05/2019 16:00,6992.586190288592
11/05/2019 17:00,5474.969386365352
11/05/2019 18:00,7001.157787007687
11/05/2019 19:00,7366.441875796358
11/05/2019 20:00,7292.964379505935
11/05/2019 21:00,6168.817555809715
11/05/2019 22:00,5839.767605395385
11/05/2019 23:00,5032.348236423076
12/05/2019 00:00,4555.800286836822
12/05/2019 01:00,4242.6957160007705
12/05/2019 02:00,3890.1409079992427
12/05/2019 03:00,3787.240770173395
12/05/2019 04:00,4065.5650219538256
12/05/2019 05:00,4580.056729583371
12/05/2019 06:00,5897.89504644985
12/05/2019 07:00,5895.738619967112
12/05/2019 08:00,4773.551252005901
12/05/2019 09:00,4963.986850621608
12/05/2019 10:00,4762.687808639911
12/05/2019 11:00,5073.170099935242
12/05/2019 12:00,5035.486681512558
12/05/2019 13:00,5036.918360049873
12/05/2019 14:00,6308.165606541683
12/05/2019 15:00,6756.812954398827
12/05/2019 16:00,6674.812874017687
12/05/2019 17:00,5725.243338444095
12/05/2019 18:00,6808.030541522272
12/05/2019 19:00,7271.323023192086
12/05/2019 20:00,6865.985138150596
12/05/2019 21:00,6243.02628805136
12/05/2019 22:00,5788.664399932424
12/05/2019 23:00,5149.333378177372
13/05/2019 00:00,5275.812490052021
13/05/2019 01:00,4860.578323419293
13/05/2019 02:00,4543.233579843637
13/05/2019 03:00,4635.927610214387
13/05/2019 04:00,4609.32449318317
13/05/2019 05:00,5666.161816977893
13/05/2019 06:00,6564.267373104759
13/05/2019 07:00,6855.525963314742
13/05/2019 08:00,5881.76812344211
13/05/2019 09:00,5817.55555078904
13/05/2019 10:00,5952.567199202158
13/05/2019 11:00,6372.6254955130335
13/05/2019 12:00,6333.092261327573
13/05/2019 13:00,5998.919481999126
13/05/2019 14:00,6900.596564022848
13/05/2019 15:00,7797.049061017268
13/05/2019 16:00,7811.043169466087
13/05/2019 17:00,6909.938131946046
13/05/2019 18:00,7829.715610973339
13/05/2019 19:00,8970.785036446972
13/05/2019 20:00,8591.551066382443
13/05/2019 21:00,8177.654707402001
13/05/2019 22:00,6806.107948825259
13/05/2019 23:00,6158.297325352418
14/05/2019 00:00,5653.326863447074
14/05/2019 01:00,4830.79902998397
14/05/2019 02:00,4460.569159196903
14/05/2019 03:00,4296.067889513691
14/05/2019 04:00,4901.558081727123
14/05/2019 05:00,5224.425795312828
14/05/2019 06:00,6692.15713188438
14/05/2019 07:00,7105.8674729073955
14/05/2019 08:00,6186.678774710381
14/05/2019 09:00,5981.785426374521
14/05/2019 10:00,5821.917401126376
14/05/2019 11:00,6516.317590642166
14/05/2019 12:00,5976.726204025135
14/05/2019 13:00,5786.441877426256
14/05/2019 14:00,6971.468204151399
14/05/2019 15:00,8071.337796703413
14/05/2019 16:00,8214.298390288925
14/05/2019 17:00,6734.64770637827
14/05/2019 18:00,8409.645213507394
14/05/2019 19:00,8427.789611803686
14/05/2019 20:00,8785.909930929789
14/05/2019 21:00,8106.4012284392
14/05/2019 22:00,7042.87072175863
14/05/2019 23:00,6351.7480229146895
15/05/2019 00:00,5028.186743440872
15/05/2019 01:00,4844.559988199457
15/05/2019 02:00,4572.753836445917
15/05/2019 03:00,4651.393614175058
15/05/2019 04:00,4647.762812930589
15/05/2019 05:00,5663.08320047007
15/05/2019 06:00,7046.013379656012
15/05/2019 07:00,7160.131465822625
15/05/2019 08:00,6204.873345192321
15/05/2019 09:00,5731.356746979114
15/05/2019 10:00,5636.420933951766
15/05/2019 11:00,6510.811377634034
15/05/2019 12:00,6296.348342395826
15/05/2019 13:00,5899.486053322454
15/05/2019 14:00,7047.422640884703
15/05/2019 15:00,7396.5907351301985
15/05/2019 16:00,7741.301639267715
15/05/2019 17:00,7025.724192249519
15/05/2019 18:00,7809.3310851365295
15/05/2019 19:00,8786.211997962671
15/05/2019 20:00,8620.290601039404
15/05/2019 21:00,7460.29953717738
15/05/2019 22:00,6928.984088188643
15/05/2019 23:00,6199.103445129309
16/05/2019 00:00,5293.134073613286
16/05/2019 01:00,5345.548395199756
16/05/2019 02:00,4441.833901762343
16/05/2019 03:00,4697.456965618453
16/05/2019 04:00,4774.071993069637
16/05/2019 05:00,5665.479446321082
16/05/2019 06:00,6857.349694277376
16/05/2019 07:00,6859.582572207001
16/05/2019 08:00,6194.7670091381815
16/05/2019 09:00,5577.194726023834
16/05/2019 10:00,5888.013742972886
16/05/2019 11:00,6331.683250837405
16/05/2019 12:00,6270.3807006273
16/05/2019 13:00,6093.8901022588425
16/05/2019 14:00,7215.609981127781
16/05/2019 15:00,7910.187013963861
16/05/2019 16:00,7786.839855288964
16/05/2019 17:00,6502.725200753434
16/05/2019 18:00,8410.434836125385
16/05/2019 19:00,9113.008482661617
16/05/2019 20:00,8307.629042056074
16/05/2019 21:00,7762.848605913584
16/05/2019 22:00,6703.794497943788
16/05/2019 23:00,6241.582362820934
17/05/2019 00:00,5396.7746068003025
17/05/2019 01:00,5208.640166668238
17/05/2019 02:00,4552.691473702457
17/05/2019 03:00,4501.2196021086465
17/05/2019 04:00,4832.270922297123
17/05/2019 05:00,5644.64322578316
17/05/2019 06:00,6723.962460379609
17/05/2019 07:00,6830.1654556716385
17/05/2019 08:00,6315.185794651066
17/05/2019 09:00,6034.179417160176
17/05/2019 10:00,5624.375985415143
17/05/2019 11:00,6530.734472114327
17/05/2019 12:00,6368.489426749962
17/05/2019 13:00,5930.196264940331
17/05/2019 14:00,7153.942459519745
17/05/2019 15:00,8006.09947277276
17/05/2019 16:00,7791.486502549686
17/05/2019 17:00,6650.686505088047
17/05/2019 18:00,7596.895425574963
17/05/2019 19:00,8966.26595709156
17/05/2019 20:00,7975.430848316199
17/05/2019 21:00,8101.792080688676
17/05/2019 22:00,6822.556253694879
17/05/2019 23:00,5991.162935473852
18/05/2019 00:00,4412.780926441935
18/05/2019 01:00,4147.547952895166
18/05/2019 02:00,4143.654223277831
18/05/2019 03:00,3581.093699131403
18/05/2019 04:00,4235.373872508982
18/05/2019 05:00,4754.391373278626
18/05/2019 06:00,5544.282570689214
18/05/2019 07:00,5769.449464386295
18/05/2019 08:00,5492.6322065474105
18/05/2019 09:00,4878.0341831898095
18/05/2019 10:00,4745.756643275894
18/05/2019 11:00,5516.217994046591
18/05/2019 12:00,5282.740137569402
18/05/2019 13:00,4879.176027556007
18/05/2019 14:00,6105.788785067613
18/05/2019 15:00,6487.9308078778
18/05/2019 16:00,7023.030941123305
18/05/2019 17:00,5827.833537082459
18/05/2019 18:00,7013.279839533562
18/05/2019 19:00,7506.639083588258
18/05/2019 20:00,7488.072420658387
18/05/2019 21:00,6589.265493252997
18/05/2019 22:00,5649.506515302033
18/05/2019 23:00,5194.139552335031
19/05/2019 00:00,4778.935990077037
19/05/2019 01:00,4056.33652125075
19/05/2019 02:00,3931.415824354997
19/05/2019 03:00,3918.2709167865396
19/05/2019 04:00,4072.510989784029
19/05/2019 05:00,4567.96135723867
19/05/2019 06:00,5946.195064415844
19/05/2019 07:00,6376.719149262078
19/05/2019 08:00,5260.3958194419365
19/05/2019 09:00,4884.275381864333
19/05/2019 10:00,4687.413888259515
19/05/2019 11:00,5375.5004998082895
19/05/2019 12:00,5402.810936546208
19/05/2019 13:00,5092.006534836458
19/05/2019 14:00,6065.927522707529
19/05/2019 15:00,6575.583881139636
19/05/2019 16:00,6575.759856727618
19/05/2019 17:00,5789.435139519789
19/05/2019 18:00,7092.3408434533485
19/05/2019 19:00,7081.706688018219
19/05/2019 20:00,7451.5118759837405
19/05/2019 21:00,6702.809798483861
19/05/2019 22:00,6103.11033290965
19/05/2019 23:00,4918.679050095858
20/05/2019 00:00,5074.346585602208
20/05/2019 01:00,4900.003191719761
20/05/2019 02:00,4746.429091051577
20/05/2019 03:00,4798.20684117989
20/05/2019 04:00,4900.603122103594
20/05/2019 05:00,5496.936392999177
20/05/2019 06:00,6559.363693844573
20/05/2019 07:00,7272.661185508986
20/05/2019 08:00,5974.4394960420605
20/05/2019 09:00,6194.9516001572165
20/05/2019 10:00,5734.009121100945
20/05/2019 11:00,6575.003319774507
20/05/2019 12:00,6277.813742862691
20/05/2019 13:00,5882.125495234712
20/05/2019 14:00,7025.693601017423
20/05/2019 15:00,7794.658468529725
20/05/2019 16:00,8101.023519543705
20/05/2019 17:00,6660.080453112536
20/05/2019 18:00,7976.624382349548
20/05/2019 19:00,8693.138587065685
20/05/2019 20:00,8387.124563154159
20/05/2019 21:00,7257.082019699466
20/05/2019 22:00,6985.514345361578
20/05/2019 23:00,5852.234595848937
21/05/2019 00:00,5108.076357643337
21/05/2019 01:00,4672.846733705633
21/05/2019 02:00,4424.2581420765855
21/05/2019 03:00,4367.715525063656
21/05/2019 04:00,4696.873316261374
21/05/2019 05:00,5861.720524778069
21/05/2019 06:00,6660.979334703807
21/05/2019 07:00,7051.251377485441
21/05/2019 08:00,6226.418851914405
21/05/2019 09:00,5929.623702475958
21/05/2019 10:00,5769.9135208423095
21/05/2019 11:00,6050.5162266553425
21/05/2019 12:00,6420.304952223634
21/05/2019 13:00,6226.620787679484
21/05/2019 14:00,6776.630994977474
21/05/2019 15:00,7633.267101231548
21/05/2019 16:00,7931.1102078724925
21/05/2019 17:00,6452.428071424807
21/05/2019 18:00,8244.572941478433
21/05/2019 19:00,8545.672404701934
21/05/2019 20:00,8910.876704252947
21/05/2019 21:00,8029.029338569221
21/05/2019 22:00,6934.744153908414
21/05/2019 23:00,6215.214869761195
22/05/2019 00:00,5466.694550910145
22/05/2019 01:00,4838.72751391332
22/05/2019 02:00,4561.403493587386
22/05/2019 03:00,4563.523209327241
22/05/2019 04:00,4922.998460389782
22/05/2019 05:00,5560.350365773309
22/05/2019 06:00,6447.568461729556
22/05/2019 07:00,6844.923293213861
22/05/2019 08:00,6138.846458702067
22/05/2019 09:00,5892.9926602382975
22/05/2019 10:00,6125.587053944119
22/05/2019 11:00,6014.614901042338
22/05/2019 12:00,6245.819134311855
22/05/2019 13:00,6170.258929890906
22/05/2019 14:00,7623.2332906432375
22/05/2019 15:00,7779.65868238825
22/05/2019 16:00,8116.167268606579
22/05/2019 17:00,6758.276599364335
22/05/2019 18:00,8168.9269735939115
22/05/2019 19:00,8710.643018713381
22/05/2019 20:00,8476.839414223079
22/05/2019 21:00,7163.239455313927
22/05/2019 22:00,7031.800133263708
22/05/2019 23:00,6052.273500837039
23/05/2019 00:00,5255.835558497351
23/05/2019 01:00,5224.239671819951
23/05/2019 02:00,4581.222280646118
23/05/2019 03:00,4497.7956644955575
23/05/2019 04:00,5085.6709415884625
23/05/2019 05:00,5399.030056191604
23/05/2019 06:00,6656.058718817186
23/05/2019 07:00,6982.913572016086
23/05/2019 08:00,6307.678567039061
23/05/2019 09:00,5943.220941882948
23/05/2019 10:00,5559.078855956409
23/05/2019 11:00,6175.360487210014
23/05/2019 12:00,6040.397555489855
23/05/2019 13:00,5892.717048554838
23/05/2019 14:00,7228.076108218257
23/05/2019 15:00,7974.003619063068
23/05/2019 16:00,7572.1004196454705
23/05/2019 17:00,6856.787060401369
23/05/2019 18:00,8182.835621069771
23/05/2019 19:00,9099.431003812197
23/05/2019 20:00,8478.903552513159
23/05/2019 21:00,8008.278623004339
23/05/2019 22:00,6987.246112964215
23/05/2019 23:00,6272.9600265721
24/05/2019 00:00,5374.049193582963
24/05/2019 01:00,4907.54183471024
24/05/2019 02:00,4994.670325280127
24/05/2019 03:00,4674.27957986516
24/05/2019 04:00,4881.551123675374
24/05/2019 05:00,5325.233501085693
24/05/2019 06:00,6506.181683657333
24/05/2019 07:00,7075.441874532619
24/05/2019 08:00,6179.359575078072
24/05/2019 09:00,5797.582394461046
24/05/2019 10:00,5807.810568874042
24/05/2019 11:00,6574.635231548518
24/05/2019 12:00,6280.85391174012
24/05/2019 13:00,5704.222420139892
24/05/2019 14:00,7113.025179546906
24/05/2019 15:00,7685.021839099697
24/05/2019 16:00,7905.222374307556
24/05/2019 17:00,6562.249439597721
24/05/2019 18:00,8004.926907899941
24/05/2019 19:00,8407.583411979575
24/05/2019 20:00,8335.355866535941
24/05/2019 21:00,7621.772565240423
24/05/2019 22:00,6285.212649007971
24/05/2019 23:00,6400.798765193946
25/05/2019 00:00,4644.379010675668
25/05/2019 01:00,4136.470119713938
25/05/2019 02:00,3976.758897864392
25/05/2019 03:00,3733.896154372788
25/05/2019 04:00,4286.618577263996
25/05/2019 05:00,4974.559426540875
25/05/2019 06:00,5779.629331473179
25/05/2019 07:00,6144.834205422343
25/05/2019 08:00,5257.125523638469
25/05/2019 09:00,4819.111504129492
25/05/2019 10:00,4855.113673637153
25/05/2019 11:00,5355.329474072831
25/05/2019 12:00,5158.311576590989
25/05/2019 13:00,4987.507930195021
25/05/2019 14:00,6049.7311076993365
25/05/2019 15:00,6677.678174167053
25/05/2019 16:00,6809.170900026346
25/05/2019 17:00,5468.28623664052
25/05/2019 18:00,6754.615867076225
25/05/2019 19:00,7139.8852160042225
25/05/2019 20:00,7320.925232676328
25/05/2019 21:00,6173.083581025218
25/05/2019 22:00,6059.88358861207
25/05/2019 23:00,5338.185071519824
26/05/2019 00:00,4456.705988273266
26/05/2019 01:00,3856.977660969708
26/05/2019 02:00,3931.4339725540767
26/05/2019 03:00,3862.470868102542
26/05/2019 04:00,3955.4373366480395
26/05/2019 05:00,4633.913727196575
26/05/2019 06:00,6016.664953206238
26/05/2019 07:00,6080.696834121405
26/05/2019 08:00,5084.571291800362
26/05/2019 09:00,4779.820476749889
26/05/2019 10:00,4867.620482103139
26/05/2019 11:00,5300.058753362857
26/05/2019 12:00,5307.473070256446
26/05/2019 13:00,4939.8142369067045
26/05/2019 14:00,6159.453293644701
26/05/2019 15:00,7082.5329899552
26/05/2019 16:00,6964.838316845502
26/05/2019 17:00,5639.84689053115
26/05/2019 18:00,6865.175792025589
26/05/2019 19:00,7346.607136904311
26/05/2019 20:00,7364.201816656727
26/05/2019 21:00,6465.3202877841995
26/05/2019 22:00,5865.126326401015
26/05/2019 23:00,5132.90422733217
27/05/2019 00:00,5211.4995370461575
27/05/2019 01:00,4719.341737199434
27/05/2019 02:00,4721.205894443975
27/05/2019 03:00,4544.5177420021455
27/05/2019 04:00,4870.968870024079
27/05/2019 05:00,5448.609651095092
27/05/2019 06:00,7015.616400351259
27/05/2019 07:00,6829.363206439419
27/05/2019 08:00,6468.499835422602
27/05/2019 09:00,5596.73279155051
27/05/2019 10:00,5858.782823585652
27/05/2019 11:00,6365.0576705918975
27/05/2019 12:00,6005.660054184811
27/05/2019 13:00,5981.599210637469
27/05/2019 14:00,7410.853903826337
27/05/2019 15:00,7351.463248289566
27/05/2019 16:00,8118.882359695403
27/05/2019 17:00,6147.688901404582
27/05/2019 18:00,7886.026392934409
27/05/2019 19:00,9163.548802158259
27/05/2019 20:00,8221.35991041386
27/05/2019 21:00,7479.147193017209
27/05/2019 22:00,6849.88152091337
27/05/2019 23:00,6403.500136119207
28/05/2019 00:00,5000.398834330875
28/05/2019 01:00,4766.763578447334
28/05/2019 02:00,4885.955224221388
28/05/2019 03:00,4806.585203443273
28/05/2019 04:00,4784.0591617857635
28/05/2019 05:00,5331.421662688031
28/05/2019 06:00,7193.274345781067
28/05/2019 07:00,7349.345393081102
28/05/2019 08:00,6277.816640266213
28/05/2019 09:00,5762.44880298708
28/05/2019 10:00,5774.84338484993
28/05/2019 11:00,6245.359568801973
28/05/2019 12:00,6213.566879549419
28/05/2019 13:00,6163.505846825367
28/05/2019 14:00,7325.189344426805
28/05/2019 15:00,7620.663437555889
28/05/2019 16:00,8328.536881941061
28/05/2019 17:00,6707.120073922362
28/05/2019 18:00,8288.696023437271
28/05/2019 19:00,9120.925226323914
28/05/2019 20:00,8088.368902606609
28/05/2019 21:00,7743.81824220092
28/05/2019 22:00,6780.935589324817
28/05/2019 23:00,5745.850099631907
29/05/2019 00:00,5346.184834940128
29/05/2019 01:00,5292.856440406956
29/05/2019 02:00,4417.779414233966
29/05/2019 03:00,4548.4409365995025
29/05/2019 04:00,4891.168005548313
29/05/2019 05:00,5557.69544316362
29/05/2019 06:00,6744.781328677597
29/05/2019 07:00,6740.474739277364
29/05/2019 08:00,6195.466613078179
29/05/2019 09:00,5772.307477384594
29/05/2019 10:00,5403.397489225368
29/05/2019 11:00,6500.451696283348
29/05/2019 12:00,6329.394062697344
29/05/2019 13:00,5915.553911810197
29/05/2019 14:00,7185.946494267658
29/05/2019 15:00,8129.014076412127
29/05/2019 16:00,8052.079739794758
29/05/2019 17:00,6824.907763383674
29/05/2019 18:00,8048.821734061295
29/05/2019 19:00,9080.416345937145
29/05/2019 20:00,8447.924274495073
29/05/2019 21:00,7797.279593238728
29/05/2019 22:00,6628.247891497093
29/05/2019 23:00,6081.355579271583
30/05/2019 00:00,5159.090052148977
30/05/2019 01:00,4827.751172600802
30/05/2019 02:00,4561.521552986699
30/05/2019 03:00,4407.217768709078
30/05/2019 04:00,5104.850151735247
30/05/2019 05:00,5758.408716629859
30/05/2019 06:00,7157.647014879103
30/05/2019 07:00,6756.533933012706
30/05/2019 08:00,6165.651660889802
30/05/2019 09:00,5677.200796874835
30/05/2019 10:00,5662.64659095887
30/05/2019 11:00,6102.697446276603
30/05/2019 12:00,6381.29621798895
30/05/2019 13:00,5836.191270877793
30/05/2019 14:00,7365.647493999224
30/05/2019 15:00,8017.927184890624
30/05/2019 16:00,8551.002359470664
30/05/2019 17:00,6349.7861091151035
30/05/2019 18:00,8428.098327308415
30/05/2019 19:00,9037.028139588983
30/05/2019 20:00,8123.060497320777
30/05/2019 21:00,7986.373460830212
30/05/2019 22:00,6960.289231336634
30/05/2019 23:00,5988.303297932717
31/05/2019 00:00,5160.363012443243
31/05/2019 01:00,4815.816298399013
31/05/2019 02:00,4963.441491360562
31/05/2019 03:00,4552.943263168716
31/05/2019 04:00,4911.552083125482
31/05/2019 05:00,5405.86777196584
31/05/2019 06:00,6609.414506696255
31/05/2019 07:00,7241.51637463073
31/05/2019 08:00,5903.401970752875
31/05/2019 09:00,5832.827442037329
31/05/2019 10:00,5789.253772834738
31/05/2019 11:00,6296.517729944319
31/05/2019 12:00,6119.443856918142
31/05/2019 13:00,5976.536098651948
31/05/2019 14:00,7285.245267310884
31/05/2019 15:00,8048.762527940038
31/05/2019 16:00,7761.708840619676
31/05/2019 17:00,6588.056238623776
31/05/2019 18:00,8412.390828904834
31/05/2019 19:00,8971.033896597955
31/05/2019 20:00,8022.78207477032
31/05/2019 21:00,7833.891747285459
31/05/2019 22:00,6481.853363548241
31/05/2019 23:00,6037.939749356838
01/06/2019 00:00,4133.50646412323
01/06/2019 01:00,3534.5469888372627
01/06/2019 02:00,3369.5948836742964
01/06/2019 03:00,3442.2822445837974
01/06/2019 04:00,3382.8781765642684
01/06/2019 05:00,4015.0587555431403
01/06/2019 06:00,5091.756430414049
01/06/2019 07:00,5085.503010681029
01/06/2019 08:00,4515.307794494744
01/06/2019 09:00,4463.064514108539
01/06/2019 10:00,4328.708858979686
01/06/2019 11:00,4675.578713708892
01/06/2019 12:00,4501.235243050585
01/06/2019 13:00,4414.066164144544
01/06/2019 14:00,5255.518932176173
01/06/2019 15:00,5900.7438468276805
01/06/2019 16:00,5823.6178630152635
01/06/2019 17:00,4884.400469883893
01/06/2019 18:00,5824.427410759441
01/06/2019 19:00,6450.668203262957
01/06/2019 20:00,6034.128521764031
01/06/2019 21:00,5538.350428426178
01/06/2019 22:00,5132.722388747712
01/06/2019 23:00,4484.992563442954
02/06/2019 00:00,4002.7010523897084
02/06/2019 01:00,3590.9469553365734
02/06/2019 02:00,3498.4081433185747
02/06/2019 03:00,3420.7554935101016
02/06/2019 04:00,3594.3790480520715
02/06/2019 05:00,3991.3741766913463
02/06/2019 06:00,5024.664604375732
02/06/2019 07:00,5240.7827374737535
02/06/2019 08:00,4548.479322347916
02/06/2019 09:00,4092.338194038455
02/06/2019 10:00,4295.231109133547
02/06/2019 11:00,4946.331437990763
02/06/2019 12:00,4498.3816427598285
02/06/2019 13:00,4270.245198648084
02/06/2019 14:00,5334.183529620007
02/06/2019 15:00,5875.348732624514
02/06/2019 16:00,6123.284563424515
02/06/2019 17:00,4725.96696377654
02/06/2019 18:00,6134.407687263957
02/06/2019 19:00,6571.828628182847
02/06/2019 20:00,6158.226415829125
02/06/2019 21:00,5788.0688258578075
02/06/2019 22:00,5250.4969853583025
02/06/2019 23:00,4573.175513205973
03/06/2019 00:00,4443.2290443544625
03/06/2019 01:00,4385.308311179404
03/06/2019 02:00,4058.1092839581333
03/06/2019 03:00,3967.6552566213027
03/06/2019 04:00,4182.163531303502
03/06/2019 05:00,4793.297400268091
03/06/2019 06:00,6095.395958614252
03/06/2019 07:00,6083.68212488639
03/06/2019 08:00,5170.312846394501
03/06/2019 09:00,5075.364919792184
03/06/2019 10:00,5055.959671925197
03/06/2019 11:00,5658.23475233727
03/06/2019 12:00,5446.796696934288
03/06/2019 13:00,5004.9495242506555
03/06/2019 14:00,6668.692658687276
03/06/2019 15:00,6902.395439887316
03/06/2019 16:00,7221.1102774834935
03/06/2019 17:00,5751.701820083723
03/06/2019 18:00,7174.997489583297
03/06/2019 19:00,7788.323266864791
03/06/2019 20:00,7541.907541681719
03/06/2019 21:00,6954.8315923966375
03/06/2019 22:00,6148.786132733118
03/06/2019 23:00,5193.440008050478
04/06/2019 00:00,4522.081893828805
04/06/2019 01:00,4322.706804325628
04/06/2019 02:00,4179.822962264164
04/06/2019 03:00,3932.5474623687624
04/06/2019 04:00,4306.348878387784
04/06/2019 05:00,5024.830488885478
04/06/2019 06:00,5723.223541737588
04/06/2019 07:00,5945.868618826395
04/06/2019 08:00,5327.469803045694
04/06/2019 09:00,5183.396959914591
04/06/2019 10:00,4949.8585746329645
04/06/2019 11:00,5678.369100557341
04/06/2019 12:00,5418.0627312737115
04/06/2019 13:00,5142.078001192934
04/06/2019 14:00,5938.662364846157
04/06/2019 15:00,6577.678798673132
04/06/2019 16:00,7013.632580071298
04/06/2019 17:00,5408.335874162321
04/06/2019 18:00,7276.537361607193
04/06/2019 19:00,7560.955157329104
04/06/2019 20:00,7983.902333403137
04/06/2019 21:00,7207.729903362097
04/06/2019 22:00,5959.3827153120665
04/06/2019 23:00,5226.274252871849
05/06/2019 00:00,4738.420116377701
05/06/2019 01:00,4498.687363113476
05/06/2019 02:00,3866.193215573955
05/06/2019 03:00,3746.832185979824
05/06/2019 04:00,4095.127462692647
05/06/2019 05:00,4899.176443889465
05/06/2019 06:00,5972.723032404117
05/06/2019 07:00,6294.736083118395
05/06/2019 08:00,5157.448546697368
05/06/2019 09:00,4779.128553593755
05/06/2019 10:00,5158.448601645235
05/06/2019 11:00,5321.415988152861
05/06/2019 12:00,5026.032697765624
05/06/2019 13:00,5158.3514219774215
05/06/2019 14:00,6353.6734496325535
05/06/2019 15:00,6822.924582777005
05/06/2019 16:00,6859.469934223024
05/06/2019 17:00,5750.376150679828
05/06/2019 18:00,6983.48833595777
05/06/2019 19:00,7289.766582717716
05/06/2019 20:00,7119.999501826529
05/06/2019 21:00,6846.4184351909435
05/06/2019 22:00,6049.82493459784
05/06/2019 23:00,5269.434126880521
06/06/2019 00:00,4463.6396550497775
06/06/2019 01:00,4256.6949939817805
06/06/2019 02:00,3800.441605634901
06/06/2019 03:00,3980.1976733696674
06/06/2019 04:00,4351.87869644118
06/06/2019 05:00,4602.061613526518
06/06/2019 06:00,5781.55446927575
06/06/2019 07:00,6159.216667300592
06/06/2019 08:00,5551.081242825611
06/06/2019 09:00,5066.9375511204735
06/06/2019 10:00,4924.560192823654
06/06/2019 11:00,5134.667592355063
06/06/2019 12:00,5366.6018197539515
06/06/2019 13:00,5450.643076265349
06/06/2019 14:00,6257.638598448583
06/06/2019 15:00,6843.4230065164975
06/06/2019 16:00,7022.202474141532
06/06/2019 17:00,5776.077312035549
06/06/2019 18:00,6889.754775092969
06/06/2019 19:00,7784.633725582106
06/06/2019 20:00,7325.279225264834
06/06/2019 21:00,6744.561927938544
06/06/2019 22:00,5816.668202936462
06/06/2019 23:00,5448.028762614018
07/06/2019 00:00,4692.748919938329
07/06/2019 01:00,4209.004964482038
07/06/2019 02:00,4188.202595652123
07/06/2019 03:00,3899.903511524989
07/06/2019 04:00,4075.1009827725434
07/06/2019 05:00,4705.260884679972
07/06/2019 06:00,5572.317846952297
07/06/2019 07:00,6185.278109345119
07/06/2019 08:00,5056.101247026695
07/06/2019 09:00,4946.721374478571
07/06/2019 10:00,4715.856037070322
07/06/2019 11:00,5442.909530593202
07/06/2019 12:00,5325.8735661263645
07/06/2019 13:00,5085.662647472245
07/06/2019 14:00,6011.892884806232
07/06/2019 15:00,6607.176297693977
07/06/2019 16:00,7051.890772028993
07/06/2019 17:00,5682.567328157651
07/06/2019 18:00,7129.023674000648
07/06/2019 19:00,7395.2429719454285
07/06/2019 20:00,7315.522375492073
07/06/2019 21:00,7004.561917486427
07/06/2019 22:00,6097.369164278607
07/06/2019 23:00,5178.13143053273
08/06/2019 00:00,3941.0259977964943
08/06/2019 01:00,3611.733802851773
08/06/2019 02:00,3456.9170411897035
08/06/2019 03:00,3332.2780990358738
08/06/2019 04:00,3529.5628442389266
08/06/2019 05:00,4118.79135212383
08/06/2019 06:00,4853.179143350486
08/06/2019 07:00,5026.155953371796
08/06/2019 08:00,4358.068082093577
08/06/2019 09:00,4156.015693985358
08/06/2019 10:00,4118.546276190991
08/06/2019 11:00,4660.639765940568
08/06/2019 12:00,4425.70146319902
08/06/2019 13:00,4432.867059151417
08/06/2019 14:00,5280.593554881339
08/06/2019 15:00,5477.051920232594
08/06/2019 16:00,6027.911557300677
08/06/2019 17:00,5030.762261642837
08/06/2019 18:00,5823.724215653065
08/06/2019 19:00,6538.850976360019
08/06/2019 20:00,6025.687030027571
08/06/2019 21:00,5746.639098246343
08/06/2019 22:00,4899.989701410909
08/06/2019 23:00,4216.817943168711
09/06/2019 00:00,3865.9357818200638
09/06/2019 01:00,3624.4962228035643
09/06/2019 02:00,3414.8673763269567
09/06/2019 03:00,3245.6167870099207
09/06/2019 04:00,3504.4961409500324
09/06/2019 05:00,4125.814682958744
09/06/2019 06:00,4995.5130152020865
09/06/2019 07:00,5212.533381533426
09/06/2019 08:00,4456.079533778032
09/06/2019 09:00,4519.057551854546
09/06/2019 10:00,4123.818119406883
09/06/2019 11:00,4706.295721800657
09/06/2019 12:00,4708.739492357063
09/06/2019 13:00,4428.583571091136
09/06/2019 14:00,5243.049933494309
09/06/2019 15:00,5728.546656523524
09/06/2019 16:00,6095.502735132181
09/06/2019 17:00,4701.640297486871
09/06/2019 18:00,5827.999053066574
09/06/2019 19:00,6380.433718216765
09/06/2019 20:00,6414.231802861261
09/06/2019 21:00,5795.130347681068
09/06/2019 22:00,4945.286480282668
09/06/2019 23:00,4415.062945867007
10/06/2019 00:00,4516.204976420388
10/06/2019 01:00,4188.863093397214
10/06/2019 02:00,4185.404948352755
10/06/2019 03:00,3796.0780685373734
10/06/2019 04:00,4374.403275329386
10/06/2019 05:00,4934.637778747168
10/06/2019 06:00,6077.591627945083
10/06/2019 07:00,6014.295957484738
10/06/2019 08:00,5325.934514587803
10/06/2019 09:00,4915.179968418032
10/06/2019 10:00,4949.844182645831
10/06/2019 11:00,5537.81623510766
10/06/2019 12:00,5558.018121415915
10/06/2019 13:00,4965.409277667078
10/06/2019 14:00,6137.950104652083
10/06/2019 15:00,6816.917088195431
10/06/2019 16:00,6663.768582962538
10/06/2019 17:00,5880.504477566402
10/06/2019 18:00,6908.615408317011
10/06/2019 19:00,7552.468585063245
10/06/2019 20:00,7177.3484910990755
10/06/2019 21:00,6581.37207398831
10/06/2019 22:00,5990.733593410016
10/06/2019 23:00,5209.086769387036
11/06/2019 00:00,4549.672456509075
11/06/2019 01:00,4186.465527776244
11/06/2019 02:00,4104.975619342105
11/06/2019 03:00,4155.400122978828
11/06/2019 04:00,4190.512482679131
11/06/2019 05:00,4958.889276143913
11/06/2019 06:00,5639.556319114156
11/06/2019 07:00,6127.865610547581
11/06/2019 08:00,5173.872384805144
11/06/2019 09:00,4908.4354071658845
11/06/2019 10:00,4917.451035756655
11/06/2019 11:00,5652.125840036846
11/06/2019 12:00,5502.477540501479
11/06/2019 13:00,5173.442167574142
11/06/2019 14:00,5920.6418097596925
11/06/2019 15:00,6807.676102978862
11/06/2019 16:00,7017.949706857347
11/06/2019 17:00,5808.427450035154
11/06/2019 18:00,6671.373891403769
11/06/2019 19:00,7394.087659257791
11/06/2019 20:00,7262.013105641618
11/06/2019 21:00,6849.454110631661
11/06/2019 22:00,5597.224062879073
11/06/2019 23:00,5217.499519896773
12/06/2019 00:00,4620.745021706392
12/06/2019 01:00,4389.0901793254825
12/06/2019 02:00,4150.514768125282
12/06/2019 03:00,4028.1919955349217
12/06/2019 04:00,4072.8554479659847
12/06/2019 05:00,4539.389091292538
12/06/2019 06:00,5815.60653574081
12/06/2019 07:00,6282.2685750584105
12/06/2019 08:00,5573.649451667671
12/06/2019 09:00,5245.481405682042
12/06/2019 10:00,5093.774649936097
12/06/2019 11:00,5519.150806837267
12/06/2019 12:00,5260.742941144895
12/06/2019 13:00,5115.960309969259
12/06/2019 14:00,6516.747364318346
12/06/2019 15:00,6654.360883290117
12/06/2019 16:00,7291.923594681611
12/06/2019 17:00,5722.179639700346
12/06/2019 18:00,7342.806046632884
12/06/2019 19:00,7276.372791185416
12/06/2019 20:00,7403.89116903022
12/06/2019 21:00,6592.002975407313
12/06/2019 22:00,5737.5915695797075
12/06/2019 23:00,5277.373219530818
13/06/2019 00:00,4740.337390979902
13/06/2019 01:00,4171.509519284595
13/06/2019 02:00,3883.150033143284
13/06/2019 03:00,3948.0915973399374
13/06/2019 04:00,4162.053971190385
13/06/2019 05:00,4894.204770200247
13/06/2019 06:00,6052.650921574401
13/06/2019 07:00,6088.128804282572
13/06/2019 08:00,5647.808282024479
13/06/2019 09:00,5170.550089437998
13/06/2019 10:00,4976.734633038739
13/06/2019 11:00,5193.170307641276
13/06/2019 12:00,5307.843146989256
13/06/2019 13:00,5084.169499451052
13/06/2019 14:00,6384.789546971684
13/06/2019 15:00,6943.012635728294
13/06/2019 16:00,6708.9246327713545
13/06/2019 17:00,5807.858575340489
13/06/2019 18:00,7204.270594042517
13/06/2019 19:00,7945.253627118081
13/06/2019 20:00,7469.724366007141
13/06/2019 21:00,6894.866018901411
13/06/2019 22:00,6002.801058392021
13/06/2019 23:00,5304.077595333054
14/06/2019 00:00,4773.469161444471
14/06/2019 01:00,4108.871382163613
14/06/2019 02:00,4023.3753908660756
14/06/2019 03:00,3867.2420097102213
14/06/2019 04:00,4220.466178933323
14/06/2019 05:00,4992.705593272756
14/06/2019 06:00,5779.604189679394
14/06/2019 07:00,5661.646009884117
14/06/2019 08:00,5283.8385704235725
14/06/2019 09:00,5276.7480326292425
14/06/2019 10:00,5110.112223458048
14/06/2019 11:00,5527.098370629069
14/06/2019 12:00,5305.061075049146
14/06/2019 13:00,4938.926944163256
14/06/2019 14:00,6301.937496800044
14/06/2019 15:00,6676.605144946487
14/06/2019 16:00,7410.711783419832
14/06/2019 17:00,5876.891719496171
14/06/2019 18:00,6938.98385062092
14/06/2019 19:00,7457.659188267658
14/06/2019 20:00,7255.712138580386
14/06/2019 21:00,6692.565526309541
14/06/2019 22:00,6192.762039489265
14/06/2019 23:00,5272.321399339042
15/06/2019 00:00,3825.010940416688
15/06/2019 01:00,3844.322696377902
15/06/2019 02:00,3461.212435737011
15/06/2019 03:00,3442.7678250676017
15/06/2019 04:00,3482.3277050030415
15/06/2019 05:00,4137.334244563542
15/06/2019 06:00,5048.937498595881
15/06/2019 07:00,4890.263238671392
15/06/2019 08:00,4822.433906944592
15/06/2019 09:00,4534.6331237581035
15/06/2019 10:00,4223.713871255096
15/06/2019 11:00,4485.065307671476
15/06/2019 12:00,4594.9160931631495
15/06/2019 13:00,4376.9546242969045
15/06/2019 14:00,5331.385678116975
15/06/2019 15:00,5854.254011232996
15/06/2019 16:00,6001.533105055879
15/06/2019 17:00,5124.54457444269
15/06/2019 18:00,6105.004593282772
15/06/2019 19:00,6254.10706295692
15/06/2019 20:00,6437.407186566562
15/06/2019 21:00,6011.8642606981
15/06/2019 22:00,5574.821660806509
15/06/2019 23:00,4306.342779984982
16/06/2019 00:00,3939.3462536338625
16/06/2019 01:00,3410.759747533954
16/06/2019 02:00,3513.4521639808654
16/06/2019 03:00,3309.8067129987226
16/06/2019 04:00,3751.7267521960152
16/06/2019 05:00,3997.6408374436933
16/06/2019 06:00,4748.758524449848
16/06/2019 07:00,5110.856942359111
16/06/2019 08:00,4277.994080811703
16/06/2019 09:00,4463.969993357912
16/06/2019 10:00,4009.824782689612
16/06/2019 11:00,4642.409972023171
16/06/2019 12:00,4264.034522476119
16/06/2019 13:00,4323.651237135445
16/06/2019 14:00,5535.169523290534
16/06/2019 15:00,5883.777777394084
16/06/2019 16:00,5758.607250425456
16/06/2019 17:00,4906.702509143204
16/06/2019 18:00,6005.944496334637
16/06/2019 19:00,6549.009604802995
16/06/2019 20:00,5930.995832993602
16/06/2019 21:00,5831.709647821624
16/06/2019 22:00,4679.979776257622
16/06/2019 23:00,4372.336639944892
17/06/2019 00:00,4533.603561526414
17/06/2019 01:00,4361.319164467547
17/06/2019 02:00,4068.760511409525
17/06/2019 03:00,3792.061276093489
17/06/2019 04:00,4049.688710578968
17/06/2019 05:00,4843.699327379123
17/06/2019 06:00,5871.040660793813
17/06/2019 07:00,5993.037661659948
17/06/2019 08:00,5272.826176783327
17/06/2019 09:00,5243.265565002303
17/06/2019 10:00,4950.895721531222
17/06/2019 11:00,5442.578582440001
17/06/2019 12:00,5698.274822386927
17/06/2019 13:00,4916.638979308925
17/06/2019 14:00,5861.223920235429
17/06/2019 15:00,7008.980660736225
17/06/2019 16:00,6813.401125260985
17/06/2019 17:00,5722.836706941094
17/06/2019 18:00,6896.5042097291425
17/06/2019 19:00,7537.788949917676
17/06/2019 20:00,7624.92889910839
17/06/2019 21:00,6903.214438186343
17/06/2019 22:00,6146.993298496803
17/06/2019 23:00,5020.241646394375
18/06/2019 00:00,4601.0
18/06/2019 01:00,4280.0
18/06/2019 02:00,4066.0
18/06/2019 03:00,3959.0
18/06/2019 04:00,4173.0
18/06/2019 05:00,4815.0
18/06/2019 06:00,5885.0
18/06/2019 07:00,6099.0
18/06/2019 08:00,5350.0
18/06/2019 09:00,5136.0
18/06/2019 10:00,5029.0
18/06/2019 11:00,5457.0
18/06/2019 12:00,5350.0
18/06/2019 13:00,5136.0
18/06/2019 14:00,6206.0
18/06/2019 15:00,6848.0
18/06/2019 16:00,6955.0
18/06/2019 17:00,5778.0
18/06/2019 18:00,7062.0
18/06/2019 19:00,7597.0
18/06/2019 20:00,7276.0
18/06/2019 21:00,6741.0
18/06/2019 22:00,5992.0
18/06/2019 23:00,5243.0
19/06/2019 00:00,4802.826905421195
19/06/2019 01:00,4337.604832163665
19/06/2019 02:00,4183.3431973229835
19/06/2019 03:00,3930.8500883216
19/06/2019 04:00,4266.880010973454
19/06/2019 05:00,4855.340239230377
19/06/2019 06:00,5717.116710673719
19/06/2019 07:00,6157.279788248051
19/06/2019 08:00,5190.83268551783
19/06/2019 09:00,5038.485807245751
19/06/2019 10:00,5057.563961721201
19/06/2019 11:00,5505.66185999506
19/06/2019 12:00,5159.128189355121
19/06/2019 13:00,5298.398127623857
19/06/2019 14:00,6312.496128893982
19/06/2019 15:00,6703.2205901881
19/06/2019 16:00,6634.18293222088
19/06/2019 17:00,5752.882240262024
19/06/2019 18:00,6967.522364781375
19/06/2019 19:00,7622.785841566955
19/06/2019 20:00,7196.738895202962
19/06/2019 21:00,6335.031999051537
19/06/2019 22:00,5922.190754370984
19/06/2019 23:00,5194.929170020066
20/06/2019 00:00,4688.464231249563
20/06/2019 01:00,4190.351161779941
20/06/2019 02:00,4270.764736657985
20/06/2019 03:00,3731.9544517990907
20/06/2019 04:00,4337.145059049911
20/06/2019 05:00,4782.597124656658
20/06/2019 06:00,6036.759709212255
20/06/2019 07:00,6113.601277538227
20/06/2019 08:00,5532.898663532088
20/06/2019 09:00,5076.315268501703
20/06/2019 10:00,4863.251136453423
20/06/2019 11:00,5689.550756869146
20/06/2019 12:00,5331.786356335917
20/06/2019 13:00,5170.137729616018
20/06/2019 14:00,6435.886111356859
20/06/2019 15:00,6635.995115064119
20/06/2019 16:00,7079.24917579243
20/06/2019 17:00,5675.747642914723
20/06/2019 18:00,7033.998600313183
20/06/2019 19:00,7613.473099000733
20/06/2019 20:00,6948.531572083362
20/06/2019 21:00,6583.495784830424
20/06/2019 22:00,6234.8688631401865
20/06/2019 23:00,5382.389012052502
21/06/2019 00:00,4592.353859141522
21/06/2019 01:00,4311.217052073056
21/06/2019 02:00,4030.108299162465
21/06/2019 03:00,4120.121408734789
21/06/2019 04:00,4147.9178607859485
21/06/2019 05:00,4848.489590208879
21/06/2019 06:00,6087.331621948282
21/06/2019 07:00,5956.764339417745
21/06/2019 08:00,5600.185664111751
21/06/2019 09:00,4900.1865059867405
21/06/2019 10:00,5274.864108320988
21/06/2019 11:00,5395.989280151222
21/06/2019 12:00,5311.046850974042
21/06/2019 13:00,4844.787232824132
21/06/2019 14:00,6121.326319518621
21/06/2019 15:00,6634.382146265837
21/06/2019 16:00,6828.214590037825
21/06/2019 17:00,5754.198517190155
21/06/2019 18:00,7264.9177314422295
21/06/2019 19:00,7644.314879817717
21/06/2019 20:00,7343.159659904396
21/06/2019 21:00,6519.453113993762
21/06/2019 22:00,5833.675644853013
21/06/2019 23:00,5525.921458136479
22/06/2019 00:00,3824.5921709958843
22/06/2019 01:00,3818.758568629533
22/06/2019 02:00,3430.898685716435
22/06/2019 03:00,3365.3809774493993
22/06/2019 04:00,3660.9491622478067
22/06/2019 05:00,4248.9161312966835
22/06/2019 06:00,4985.620636110318
22/06/2019 07:00,5123.768693222589
22/06/2019 08:00,4539.871052810357
22/06/2019 09:00,4409.861621557504
22/06/2019 10:00,4388.950339152333
22/06/2019 11:00,4639.038599683543
22/06/2019 12:00,4631.931563207809
22/06/2019 13:00,4580.17269741606
22/06/2019 14:00,5335.443390069739
22/06/2019 15:00,5875.222068326979
22/06/2019 16:00,5642.367367893214
22/06/2019 17:00,4523.690852369743
22/06/2019 18:00,6072.639089695498
22/06/2019 19:00,6439.08031803146
22/06/2019 20:00,6089.088252061668
22/06/2019 21:00,5771.711746213713
22/06/2019 22:00,5083.970551793629
22/06/2019 23:00,4607.330272278875
23/06/2019 00:00,3920.9530006739183
23/06/2019 01:00,3556.480792667442
23/06/2019 02:00,3558.7634061540157
23/06/2019 03:00,3343.229640894344
23/06/2019 04:00,3603.0795583145955
23/06/2019 05:00,4034.1323199668823
23/06/2019 06:00,4904.732103860613
23/06/2019 07:00,5197.240221915515
23/06/2019 08:00,4549.250147695447
23/06/2019 09:00,4428.441987167923
23/06/2019 10:00,4240.199002918435
23/06/2019 11:00,4382.914108829105
23/06/2019 12:00,4488.458822931454
23/06/2019 13:00,4469.564817004891
23/06/2019 14:00,5228.03934333154
23/06/2019 15:00,5777.775544719299
23/06/2019 16:00,6086.686339263683
23/06/2019 17:00,4806.3985766688975
23/06/2019 18:00,5724.8704536556
23/06/2019 19:00,6426.331977316603
23/06/2019 20:00,6094.767333433211
23/06/2019 21:00,5563.756605742854
23/06/2019 22:00,5066.402873452504
23/06/2019 23:00,4522.26258476713
24/06/2019 00:00,4599.717899846794
24/06/2019 01:00,4319.416369732913
24/06/2019 02:00,4287.1994710649105
24/06/2019 03:00,3918.276277612808
24/06/2019 04:00,4207.846465571167
24/06/2019 05:00,4741.444129772555
24/06/2019 06:00,5735.575191453955
24/06/2019 07:00,5991.979446654151
24/06/2019 08:00,5273.15924927077
24/06/2019 09:00,5191.388030886061
24/06/2019 10:00,5383.405063939544
24/06/2019 11:00,5339.776529047282
24/06/2019 12:00,5283.131638448718
24/06/2019 13:00,5126.274006139819
24/06/2019 14:00,6279.689829652782
24/06/2019 15:00,6902.143878807991
24/06/2019 16:00,7222.926587407275
24/06/2019 17:00,5357.4091984934275
24/06/2019 18:00,6556.305037700345
24/06/2019 19:00,7483.9844058171675
24/06/2019 20:00,7515.518684937041
24/06/2019 21:00,6424.3789985684
24/06/2019 22:00,5451.34801061665
24/06/2019 23:00,5332.84080880422
25/06/2019 00:00,4634.632006587685
25/06/2019 01:00,4140.017240566953
25/06/2019 02:00,3945.7838795040607
25/06/2019 03:00,3843.8235384189898
25/06/2019 04:00,4186.837916394562
25/06/2019 05:00,4724.5287583553645
25/06/2019 06:00,5972.226984895128
25/06/2019 07:00,5576.688959488383
25/06/2019 08:00,5212.475275646988
25/06/2019 09:00,4962.497605702825
25/06/2019 10:00,4990.3258818539425
25/06/2019 11:00,5368.9162014575795
25/06/2019 12:00,5478.05392667327
25/06/2019 13:00,4849.513390222618
25/06/2019 14:00,6214.4696030632595
25/06/2019 15:00,6962.704634784613
25/06/2019 16:00,7342.389487638651
25/06/2019 17:00,5694.490686570657
25/06/2019 18:00,7130.739799918124
25/06/2019 19:00,7185.881630947111
25/06/2019 20:00,6753.883799722553
25/06/2019 21:00,6911.838722014333
25/06/2019 22:00,5991.0004816138235
25/06/2019 23:00,5428.368260978394
26/06/2019 00:00,4411.429199235506
26/06/2019 01:00,4346.755434715491
26/06/2019 02:00,4293.958400189539
26/06/2019 03:00,4008.8484351045927
26/06/2019 04:00,4207.625238684944
26/06/2019 05:00,4816.235925875078
26/06/2019 06:00,5607.66087874442
26/06/2019 07:00,6347.029180046923
26/06/2019 08:00,5251.9573488112865
26/06/2019 09:00,5213.7307801434945
26/06/2019 10:00,4793.185014167595
26/06/2019 11:00,5263.910658323432
26/06/2019 12:00,5580.331527575169
26/06/2019 13:00,5082.487663317375
26/06/2019 14:00,6476.5708281296
26/06/2019 15:00,6831.928293403018
26/06/2019 16:00,6570.688029672343
26/06/2019 17:00,5932.630997737497
26/06/2019 18:00,6937.025413560297
26/06/2019 19:00,7756.23816748867
26/06/2019 20:00,7281.5030281666495
26/06/2019 21:00,6428.935200763113
26/06/2019 22:00,6021.533627023015
26/06/2019 23:00,5588.443938029213
27/06/2019 00:00,4669.046920868751
27/06/2019 01:00,4272.614720514099
27/06/2019 02:00,4197.170388170703
27/06/2019 03:00,3984.021093612173
27/06/2019 04:00,4199.231590286599
27/06/2019 05:00,4657.314743881618
27/06/2019 06:00,5926.285868953154
27/06/2019 07:00,6288.455081901809
27/06/2019 08:00,5215.812024587946
27/06/2019 09:00,5355.486316137729
27/06/2019 10:00,5015.164312137225
27/06/2019 11:00,5311.663253266025
27/06/2019 12:00,5510.119948345699
27/06/2019 13:00,5091.8107441574475
27/06/2019 14:00,6347.406481752163
27/06/2019 15:00,6788.061106588806
27/06/2019 16:00,6942.517275152486
27/06/2019 17:00,5863.553725819306
27/06/2019 18:00,7123.629450621019
27/06/2019 19:00,7142.1983519172445
27/06/2019 20:00,7031.2549164121965
27/06/2019 21:00,6928.954581224247
27/06/2019 22:00,5968.247126779058
27/06/2019 23:00,5160.622303387083
28/06/2019 00:00,4413.476028674011
28/06/2019 01:00,4141.361856348181
28/06/2019 02:00,3819.381001897442
28/06/2019 03:00,3946.970889039819
28/06/2019 04:00,4098.081599287058
28/06/2019 05:00,4675.376379147171
28/06/2019 06:00,5872.972809286598
28/06/2019 07:00,6165.595706327125
28/06/2019 08:00,5685.958268119696
28/06/2019 09:00,4903.0490027137
28/06/2019 10:00,5203.915818002749
28/06/2019 11:00,5616.306456553778
28/06/2019 12:00,5224.95561533004
28/06/2019 13:00,5167.314595882615
28/06/2019 14:00,6120.797841638323
28/06/2019 15:00,6886.147861961226
28/06/2019 16:00,7269.8801859468595
28/06/2019 17:00,5882.975784364312
28/06/2019 18:00,7169.753769953237
28/06/2019 19:00,7498.9282028891375
28/06/2019 20:00,6952.060111180316
28/06/2019 21:00,6698.841473782413
28/06/2019 22:00,6208.899881918337
28/06/2019 23:00,5002.791767837014
29/06/2019 00:00,3787.061112333985
29/06/2019 01:00,3651.780860732586
29/06/2019 02:00,3354.0080379426813
29/06/2019 03:00,3285.1411916582074
29/06/2019 04:00,3501.974239520432
29/06/2019 05:00,3925.076081070023
29/06/2019 06:00,4856.065969842925
29/06/2019 07:00,5293.5502750443875
29/06/2019 08:00,4369.142077459141
29/06/2019 09:00,4156.329882289479
29/06/2019 10:00,4193.8559116370625
29/06/2019 11:00,4740.304170018504
29/06/2019 12:00,4520.634942344024
29/06/2019 13:00,4304.754745361353
29/06/2019 14:00,5282.119912783237
29/06/2019 15:00,5515.957585244317
29/06/2019 16:00,5999.4872844611355
29/06/2019 17:00,4967.794934091981
29/06/2019 18:00,5928.991320676368
29/06/2019 19:00,6652.321217160993
29/06/2019 20:00,5975.406628792451
29/06/2019 21:00,5923.732480349818
29/06/2019 22:00,5116.806014128291
29/06/2019 23:00,4411.554096667353
30/06/2019 00:00,3908.518315793595
30/06/2019 01:00,3626.293123459394
30/06/2019 02:00,3582.6225915492782
30/06/2019 03:00,3256.4543970257278
30/06/2019 04:00,3465.9091839835514
30/06/2019 05:00,4219.989859845889
30/06/2019 06:00,4912.879561114297
30/06/2019 07:00,5324.204956585457
30/06/2019 08:00,4779.345553981963
30/06/2019 09:00,4312.977708911508
30/06/2019 10:00,4362.027564078853
30/06/2019 11:00,4477.9096811285735
30/06/2019 12:00,4650.464490188901
30/06/2019 13:00,4391.718160596714
30/06/2019 14:00,5349.959727266701
30/06/2019 15:00,5708.067622492891
30/06/2019 16:00,5617.1527035406225
30/06/2019 17:00,4985.448655968127
30/06/2019 18:00,5631.120296898347
30/06/2019 19:00,6395.971751916053
30/06/2019 20:00,6359.225001131827
30/06/2019 21:00,5762.836357256762
30/06/2019 22:00,5390.898962753304
30/06/2019 23:00,4593.60350581815
01/07/2019 00:00,4510.74240545942
01/07/2019 01:00,4283.507037972925
01/07/2019 02:00,4060.2217217036296
01/07/2019 03:00,3771.0848658173804
01/07/2019 04:00,4055.271459645324
01/07/2019 05:00,4733.9980869867595
01/07/2019 06:00,5525.505270220784
01/07/2019 07:00,6107.689879886003
01/07/2019 08:00,5310.023968933187
01/07/2019 09:00,4878.240507685912
01/07/2019 10:00,5089.983594984392
01/07/2019 11:00,5574.195527033357
01/07/2019 12:00,5386.439033857815
01/07/2019 13:00,5086.067575563802
01/07/2019 14:00,6316.114699813161
01/07/2019 15:00,6987.744470856333
01/07/2019 16:00,7019.139754822012
01/07/2019 17:00,5635.061712509639
01/07/2019 18:00,7120.6006381811985
01/07/2019 19:00,7869.461995129635
01/07/2019 20:00,7145.767809086232
01/07/2019 21:00,7165.2662725527525
01/07/2019 22:00,5897.512583306787
01/07/2019 23:00,5248.097299128271
02/07/2019 00:00,4508.176813183245
02/07/2019 01:00,4308.667975332162
02/07/2019 02:00,3853.4837979323493
02/07/2019 03:00,3894.146615554538
02/07/2019 04:00,4036.2773469283625
02/07/2019 05:00,4834.5496243530415
02/07/2019 06:00,6060.569684146097
02/07/2019 07:00,6217.19975205635
02/07/2019 08:00,4969.348672582148
02/07/2019 09:00,5450.642092123127
02/07/2019 10:00,5073.548884641471
02/07/2019 11:00,5329.879325709891
02/07/2019 12:00,5375.219030998046
02/07/2019 13:00,5163.147327851215
02/07/2019 14:00,6081.8461058779585
02/07/2019 15:00,6888.660000138755
02/07/2019 16:00,6828.250907188023
02/07/2019 17:00,5707.907892187111
02/07/2019 18:00,6916.604902298927
02/07/2019 19:00,7270.479886355436
02/07/2019 20:00,7307.833184718614
02/07/2019 21:00,6859.365105046699
02/07/2019 22:00,6084.555475230689
02/07/2019 23:00,5371.966042986996
03/07/2019 00:00,4645.7686791883525
03/07/2019 01:00,4211.59804602895
03/07/2019 02:00,4168.422198183316
03/07/2019 03:00,3797.7676417929733
03/07/2019 04:00,4060.244949623263
03/07/2019 05:00,4675.721299682912
03/07/2019 06:00,6075.683897241045
03/07/2019 07:00,6271.50201443221
03/07/2019 08:00,5428.212490545722
03/07/2019 09:00,5301.162953631834
03/07/2019 10:00,4896.342606617503
03/07/2019 11:00,5514.068507072441
03/07/2019 12:00,5329.909504244502
03/07/2019 13:00,5266.487594566587
03/07/2019 14:00,6184.547552383432
03/07/2019 15:00,6768.917333005033
03/07/2019 16:00,7067.86056239775
03/07/2019 17:00,5929.875163440929
03/07/2019 18:00,6920.4043870197565
03/07/2019 19:00,7583.08024374208
03/07/2019 20:00,7044.9635784887005
03/07/2019 21:00,6235.817120432403
03/07/2019 22:00,6028.034623342932
03/07/2019 23:00,5338.774723485291
04/07/2019 00:00,4637.173081658241
04/07/2019 01:00,4029.6762754403394
04/07/2019 02:00,4023.2033865192716
04/07/2019 03:00,3695.5268365387333
04/07/2019 04:00,4344.472881667227
04/07/2019 05:00,4658.119415613042
04/07/2019 06:00,6106.641507250145
04/07/2019 07:00,6272.065768704888
04/07/2019 08:00,5205.455248417962
04/07/2019 09:00,4961.460494708666
04/07/2019 10:00,5081.8603545462065
04/07/2019 11:00,5318.7757118727595
04/07/2019 12:00,5366.448785066392
04/07/2019 13:00,5061.60592480847
04/07/2019 14:00,5874.383926394788
04/07/2019 15:00,6389.7726501510715
04/07/2019 16:00,7002.297668448398
04/07/2019 17:00,5680.659580251049
04/07/2019 18:00,6944.822391388572
04/07/2019 19:00,7755.594327567865
04/07/2019 20:00,7532.13898014333
04/07/2019 21:00,6685.883280999002
04/07/2019 22:00,5930.773976445883
04/07/2019 23:00,5321.6674976784825
05/07/2019 00:00,4413.702183314367
05/07/2019 01:00,4308.652852229604
05/07/2019 02:00,4133.319050842867
05/07/2019 03:00,4039.790941853762
05/07/2019 04:00,3930.5379291737163
05/07/2019 05:00,4705.022231276099
05/07/2019 06:00,5729.942622714017
05/07/2019 07:00,6117.276316048254
05/07/2019 08:00,5427.159505052761
05/07/2019 09:00,5366.613139579277
05/07/2019 10:00,4954.324557976869
05/07/2019 11:00,5375.542406301798
05/07/2019 12:00,5534.522359030038
05/07/2019 13:00,5181.69657468875
05/07/2019 14:00,6442.0113583529765
05/07/2019 15:00,6907.316280938341
05/07/2019 16:00,6713.567617505476
05/07/2019 17:00,5546.915530982816
05/07/2019 18:00,6733.296614914376
05/07/2019 19:00,7747.888233659803
05/07/2019 20:00,7535.446914543432
05/07/2019 21:00,7114.996505852568
05/07/2019 22:00,6143.556614538426
05/07/2019 23:00,5425.902879860478
06/07/2019 00:00,3842.7992937632403
06/07/2019 01:00,3511.7887777605756
06/07/2019 02:00,3544.2387754230494
06/07/2019 03:00,3407.3167515019527
06/07/2019 04:00,3558.4833170401757
06/07/2019 05:00,4140.312438820821
06/07/2019 06:00,5050.749637388797
06/07/2019 07:00,5383.814975220295
06/07/2019 08:00,4724.168408408653
06/07/2019 09:00,4436.87545110531
06/07/2019 10:00,4383.115337476033
06/07/2019 11:00,4709.9836033888405
06/07/2019 12:00,4484.584919307177
06/07/2019 13:00,4464.685762344024
06/07/2019 14:00,5054.416971867815
06/07/2019 15:00,6004.834758428117
06/07/2019 16:00,5699.898370325144
06/07/2019 17:00,4953.40997047305
06/07/2019 18:00,5850.503830012659
06/07/2019 19:00,6564.654450662619
06/07/2019 20:00,6178.305581431788
06/07/2019 21:00,5455.718627193534
06/07/2019 22:00,5157.4812208211
06/07/2019 23:00,4379.284014860185
07/07/2019 00:00,4014.230979592789
07/07/2019 01:00,3638.1446856684734
07/07/2019 02:00,3497.0984340279874
07/07/2019 03:00,3268.479104930917
07/07/2019 04:00,3484.3382732554674
07/07/2019 05:00,4036.4372016629186
07/07/2019 06:00,5130.8131994538
07/07/2019 07:00,5445.023232892404
07/07/2019 08:00,4437.654443768478
07/07/2019 09:00,4506.632647809526
07/07/2019 10:00,3996.4116527895644
07/07/2019 11:00,4472.274365175103
07/07/2019 12:00,4416.698649114719
07/07/2019 13:00,4188.464641961326
07/07/2019 14:00,5024.492386550945
07/07/2019 15:00,5892.91952203315
07/07/2019 16:00,5873.784558638719
07/07/2019 17:00,4967.201211877739
07/07/2019 18:00,6127.041011789449
07/07/2019 19:00,6508.906253576859
07/07/2019 20:00,6306.640064176588
07/07/2019 21:00,5717.897712890242
07/07/2019 22:00,4911.832158240435
07/07/2019 23:00,4597.976053626107
08/07/2019 00:00,4519.684852312221
08/07/2019 01:00,4159.869435238905
08/07/2019 02:00,4044.2975775093796
08/07/2019 03:00,3850.585447115153
08/07/2019 04:00,4120.741890478743
08/07/2019 05:00,4864.6985889698435
08/07/2019 06:00,5946.499734063903
08/07/2019 07:00,5934.724032746102
08/07/2019 08:00,5271.7232876417265
08/07/2019 09:00,5301.533229374999
08/07/2019 10:00,5103.891885762519
08/07/2019 11:00,5796.7088975917495
08/07/2019 12:00,5539.410571885515
08/07/2019 13:00,5312.312676003715
08/07/2019 14:00,5947.606633276138
08/07/2019 15:00,7004.92747063957
08/07/2019 16:00,6943.919265825939
08/07/2019 17:00,5682.49281417468
08/07/2019 18:00,7097.595730045222
08/07/2019 19:00,7812.423160853303
08/07/2019 20:00,7385.321519684399
08/07/2019 21:00,6563.346243154595
08/07/2019 22:00,6125.464414307409
08/07/2019 23:00,5142.713855506871
09/07/2019 00:00,4630.908770910641
09/07/2019 01:00,4241.049851335936
09/07/2019 02:00,4039.3026946132886
09/07/2019 03:00,4050.006678145561
09/07/2019 04:00,4042.778148216248
09/07/2019 05:00,5095.983428479303
09/07/2019 06:00,5563.487254466057
09/07/2019 07:00,5989.644743994859
09/07/2019 08:00,5409.41900833565
09/07/2019 09:00,5226.031126764353
09/07/2019 10:00,5013.841228037347
09/07/2019 11:00,5447.604568011618
09/07/2019 12:00,5415.893288695082
09/07/2019 13:00,5100.396814913321
09/07/2019 14:00,6465.382486602321
09/07/2019 15:00,7020.43588202774
09/07/2019 16:00,7137.114800837326
09/07/2019 17:00,5610.526393570972
09/07/2019 18:00,7045.180768405408
09/07/2019 19:00,7528.520805627065
09/07/2019 20:00,7056.497331714503
09/07/2019 21:00,6813.836002919353
09/07/2019 22:00,5895.3527985815
09/07/2019 23:00,5346.088468397144
10/07/2019 00:00,4453.281458573695
10/07/2019 01:00,4500.72481468889
10/07/2019 02:00,3956.66534230494
10/07/2019 03:00,3985.046538589296
10/07/2019 04:00,4272.132867067482
10/07/2019 05:00,4732.570989857593
10/07/2019 06:00,6035.503338998087
10/07/2019 07:00,5874.096277110458
10/07/2019 08:00,5583.064890718801
10/07/2019 09:00,5138.180118745924
10/07/2019 10:00,4939.019410879735
10/07/2019 11:00,5408.020952035905
10/07/2019 12:00,5479.831542737532
10/07/2019 13:00,5045.947128631685
10/07/2019 14:00,6066.484585383268
10/07/2019 15:00,6802.487521392397
10/07/2019 16:00,6709.426855170546
10/07/2019 17:00,6093.573081002634
10/07/2019 18:00,6942.0036419052485
10/07/2019 19:00,7786.533781738375
10/07/2019 20:00,7321.723129858636
10/07/2019 21:00,6541.897678971032
10/07/2019 22:00,5990.92958147192
10/07/2019 23:00,5366.315797157788
11/07/2019 00:00,4575.014287918037
11/07/2019 01:00,4433.195702247272
11/07/2019 02:00,4190.604447611532
11/07/2019 03:00,4068.1395172877696
11/07/2019 04:00,4115.455568679144
11/07/2019 05:00,4659.016758417964
11/07/2019 06:00,5776.671108273199
11/07/2019 07:00,6134.906204913789
11/07/2019 08:00,5437.598767521944
11/07/2019 09:00,4801.404277954511
11/07/2019 10:00,5027.775961272835
11/07/2019 11:00,5482.880787077659
11/07/2019 12:00,5305.454146861354
11/07/2019 13:00,5334.959473115566
11/07/2019 14:00,6284.527014224028
11/07/2019 15:00,7117.165825596139
11/07/2019 16:00,6909.939837428924
11/07/2019 17:00,5940.50234855115
11/07/2019 18:00,7408.405166344601
11/07/2019 19:00,7895.948054023732
11/07/2019 20:00,7037.607332986376
11/07/2019 21:00,6689.699086838604
11/07/2019 22:00,5929.953192548344
11/07/2019 23:00,5319.954845822155
12/07/2019 00:00,4695.737381198656
12/07/2019 01:00,4172.286180655095
12/07/2019 02:00,4074.2749419275883
12/07/2019 03:00,3719.093230759816
12/07/2019 04:00,4353.517095276338
12/07/2019 05:00,4740.987540934251
12/07/2019 06:00,5894.862778579546
12/07/2019 07:00,6042.343391831604
12/07/2019 08:00,5533.937425789653
12/07/2019 09:00,4698.797007509492
12/07/2019 10:00,5026.49399765329
12/07/2019 11:00,5439.676411210052
12/07/2019 12:00,5277.1913597915345
12/07/2019 13:00,5401.976986151539
12/07/2019 14:00,6040.797001350233
12/07/2019 15:00,7006.557806651294
12/07/2019 16:00,7029.332144363525
12/07/2019 17:00,5996.671747234507
12/07/2019 18:00,6920.6493204990375
12/07/2019 19:00,7429.949058200705
12/07/2019 20:00,7515.2501394041665
12/07/2019 21:00,6827.012728183599
12/07/2019 22:00,5714.282062561386
12/07/2019 23:00,5158.172714275072
13/07/2019 00:00,3956.182538054051
13/07/2019 01:00,3729.433587139595
13/07/2019 02:00,3385.6753281849947
13/07/2019 03:00,3070.9427436760257
13/07/2019 04:00,3602.726964029056
13/07/2019 05:00,3942.915974886954
13/07/2019 06:00,4699.5130099127655
13/07/2019 07:00,4743.653926679804
13/07/2019 08:00,4658.547338852477
13/07/2019 09:00,4382.444770244638
13/07/2019 10:00,4245.711938565651
13/07/2019 11:00,4831.737601691539
13/07/2019 12:00,4634.447019881422
13/07/2019 13:00,4577.283583995203
13/07/2019 14:00,5054.695433323156
13/07/2019 15:00,5814.766631842664
13/07/2019 16:00,5625.021841169532
13/07/2019 17:00,4877.503036606748
13/07/2019 18:00,5957.929008437843
13/07/2019 19:00,6578.839786958332
13/07/2019 20:00,6193.053831379305
13/07/2019 21:00,5837.010881738194
13/07/2019 22:00,5200.68283858309
13/07/2019 23:00,4744.656421915755
14/07/2019 00:00,3873.8576622702276
14/07/2019 01:00,3535.296782449271
14/07/2019 02:00,3481.6146874868514
14/07/2019 03:00,3284.156221000141
14/07/2019 04:00,3704.7476683104837
14/07/2019 05:00,4057.975781133207
14/07/2019 06:00,4917.37536841407
14/07/2019 07:00,5110.8488581258325
14/07/2019 08:00,4645.510096997119
14/07/2019 09:00,4344.9401931001385
14/07/2019 10:00,4192.3629678198895
14/07/2019 11:00,4870.1895480690255
14/07/2019 12:00,4430.697029487721
14/07/2019 13:00,4370.258017583953
14/07/2019 14:00,5378.329405410773
14/07/2019 15:00,5535.929737678529
14/07/2019 16:00,5996.925400575595
14/07/2019 17:00,4755.841490202386
14/07/2019 18:00,6150.867545955368
14/07/2019 19:00,6270.961876692514
14/07/2019 20:00,6313.134980631173
14/07/2019 21:00,5919.937727847262
14/07/2019 22:00,5224.82405537059
14/07/2019 23:00,4490.150156261166
15/07/2019 00:00,4569.073530847414
15/07/2019 01:00,4205.987726398606
15/07/2019 02:00,4245.43681158587
15/07/2019 03:00,3875.920952700689
15/07/2019 04:00,4043.1696982497724
15/07/2019 05:00,4911.112542665493
15/07/2019 06:00,5744.442047397424
15/07/2019 07:00,5925.166881868622
15/07/2019 08:00,5118.301515921753
15/07/2019 09:00,5061.593251935923
15/07/2019 10:00,5016.520784344736
15/07/2019 11:00,5496.796546735332
15/07/2019 12:00,5502.684652210067
15/07/2019 13:00,5217.184432078426
15/07/2019 14:00,6170.463410163589
15/07/2019 15:00,6807.282680244551
15/07/2019 16:00,7061.4443558891535
15/07/2019 17:00,5998.587312042039
15/07/2019 18:00,7088.760926302511
15/07/2019 19:00,7490.080387016906
15/07/2019 20:00,7059.277209283047
15/07/2019 21:00,6448.736139377916
15/07/2019 22:00,6111.768636246544
15/07/2019 23:00,5333.910241983266
16/07/2019 00:00,4680.693487370472
16/07/2019 01:00,4263.480127088396
16/07/2019 02:00,4237.617900303876
16/07/2019 03:00,3901.501246398161
16/07/2019 04:00,4292.59015580597
16/07/2019 05:00,4809.40358881876
16/07/2019 06:00,5777.595672495863
16/07/2019 07:00,6207.4152703299305
16/07/2019 08:00,5415.746597048781
16/07/2019 09:00,5191.002362747848
16/07/2019 10:00,5041.262475535619
16/07/2019 11:00,5450.796523592137
16/07/2019 12:00,5733.333704855705
16/07/2019 13:00,5318.470263891827
16/07/2019 14:00,6340.575911308403
16/07/2019 15:00,6870.9680190613035
16/07/2019 16:00,7165.143349904495
16/07/2019 17:00,5867.789214539694
16/07/2019 18:00,7067.551738922706
16/07/2019 19:00,7527.814654628645
16/07/2019 20:00,7258.337363534988
16/07/2019 21:00,6099.8448034333815
16/07/2019 22:00,6029.857606872144
16/07/2019 23:00,5166.167597359442
17/07/2019 00:00,4820.836239862987
17/07/2019 01:00,4282.483778692229
17/07/2019 02:00,3920.9702420851254
17/07/2019 03:00,3953.0757340942037
17/07/2019 04:00,4042.036101361025
17/07/2019 05:00,4883.383701199666
17/07/2019 06:00,5936.366757174136
17/07/2019 07:00,6274.25591730388
17/07/2019 08:00,5223.063472433022
17/07/2019 09:00,5141.239967466833
17/07/2019 10:00,4823.059161723983
17/07/2019 11:00,5571.841710748895
17/07/2019 12:00,5433.27882446064
17/07/2019 13:00,5212.393637639929
17/07/2019 14:00,6206.301431258036
17/07/2019 15:00,6933.210942683649
17/07/2019 16:00,7289.745354948588
17/07/2019 17:00,5728.581761484337
17/07/2019 18:00,7091.373368620819
17/07/2019 19:00,7349.460955153564
17/07/2019 20:00,7086.475997302316
17/07/2019 21:00,6760.78078226226
17/07/2019 22:00,6190.443094355135
17/07/2019 23:00,5202.6895891534705
18/07/2019 00:00,4568.436441459047
18/07/2019 01:00,4227.755934605639
18/07/2019 02:00,4000.770381290409
18/07/2019 03:00,3994.0337597945363
18/07/2019 04:00,3985.5583154000856
18/07/2019 05:00,5000.031721849509
18/07/2019 06:00,5767.519693265244
18/07/2019 07:00,6231.0866807306165
18/07/2019 08:00,5146.165225118283
18/07/2019 09:00,5239.054887314561
18/07/2019 10:00,5130.376282980974
18/07/2019 11:00,5519.897721208085
18/07/2019 12:00,5190.394222251133
18/07/2019 13:00,5174.450385053271
18/07/2019 14:00,5985.738599526152
18/07/2019 15:00,6796.07231687304
18/07/2019 16:00,7169.787043514329
18/07/2019 17:00,5916.100312038442
18/07/2019 18:00,7065.216658206616
18/07/2019 19:00,7374.831833281425
18/07/2019 20:00,7416.918885813383
18/07/2019 21:00,6744.919467699671
18/07/2019 22:00,5574.900068062099
18/07/2019 23:00,5366.0998453813245
19/07/2019 00:00,4597.655141940966
19/07/2019 01:00,4434.394740241027
19/07/2019 02:00,3932.3989021115544
19/07/2019 03:00,3581.7028881067113
19/07/2019 04:00,4207.938508226234
19/07/2019 05:00,4857.116373096711
19/07/2019 06:00,5586.511924146081
19/07/2019 07:00,5919.9639380927865
19/07/2019 08:00,5792.212447867045
19/07/2019 09:00,5088.911516571182
19/07/2019 10:00,5139.279780765879
19/07/2019 11:00,5350.480479661522
19/07/2019 12:00,5014.506384734068
19/07/2019 13:00,5109.766609333687
19/07/2019 14:00,6156.549742965934
19/07/2019 15:00,6765.84901464797
19/07/2019 16:00,6931.080189671591
19/07/2019 17:00,5823.808262207054
19/07/2019 18:00,7030.196222707369
19/07/2019 19:00,7308.920354263117
19/07/2019 20:00,7382.124416302141
19/07/2019 21:00,6346.778549921147
19/07/2019 22:00,5623.427743478593
19/07/2019 23:00,5359.26570001161
20/07/2019 00:00,3970.3364069384165
20/07/2019 01:00,3631.73586985582
20/07/2019 02:00,3311.41571268148
20/07/2019 03:00,3293.683204939719
20/07/2019 04:00,3519.0907244585574
20/07/2019 05:00,3896.802148803549
20/07/2019 06:00,4891.345816862098
20/07/2019 07:00,5285.603349679759
20/07/2019 08:00,4742.220134323156
20/07/2019 09:00,4310.667469313815
20/07/2019 10:00,4371.661688313319
20/07/2019 11:00,4372.1018419675065
20/07/2019 12:00,4637.465635568924
20/07/2019 13:00,4260.308484019971
20/07/2019 14:00,5323.738365880886
20/07/2019 15:00,5777.536481717309
20/07/2019 16:00,6145.928725670188
20/07/2019 17:00,4782.461526009245
20/07/2019 18:00,6115.719969671231
20/07/2019 19:00,6403.302835934074
20/07/2019 20:00,6155.228318221042
20/07/2019 21:00,5698.246343108451
20/07/2019 22:00,4963.984532325718
20/07/2019 23:00,4454.665017604659
21/07/2019 00:00,3903.499766015446
21/07/2019 01:00,3664.32896071111
21/07/2019 02:00,3464.861747020873
21/07/2019 03:00,3445.711140758829
21/07/2019 04:00,3645.3219370965244
21/07/2019 05:00,3963.7518419876783
21/07/2019 06:00,5132.624517232405
21/07/2019 07:00,4999.645620341953
21/07/2019 08:00,4627.698239539191
21/07/2019 09:00,4446.765949154964
21/07/2019 10:00,4029.543677471646
21/07/2019 11:00,4651.38838758193
21/07/2019 12:00,4483.585417734818
21/07/2019 13:00,4266.226031698719
21/07/2019 14:00,5488.876433890109
21/07/2019 15:00,5706.651933745331
21/07/2019 16:00,5768.737035678591
21/07/2019 17:00,4922.452816765411
21/07/2019 18:00,6126.161687103165
21/07/2019 19:00,6430.009340148067
21/07/2019 20:00,6401.0060583023815
21/07/2019 21:00,5821.122326901147
21/07/2019 22:00,4760.3780231903165
21/07/2019 23:00,4385.762120113485
22/07/2019 00:00,4523.448935026485
22/07/2019 01:00,4341.549946420338
22/07/2019 02:00,3745.824815463486
22/07/2019 03:00,4261.745883104403
22/07/2019 04:00,4239.479156819806
22/07/2019 05:00,4836.505254325911
22/07/2019 06:00,6093.6057803338
22/07/2019 07:00,6527.818382043127
22/07/2019 08:00,5489.754836456438
22/07/2019 09:00,5282.193121904347
22/07/2019 10:00,5048.717203990941
22/07/2019 11:00,5433.830818916297
22/07/2019 12:00,5273.634831237214
22/07/2019 13:00,5008.712664316623
22/07/2019 14:00,6078.091714917948
22/07/2019 15:00,6570.541782685377
22/07/2019 16:00,6939.169421814569
22/07/2019 17:00,5485.979722163578
22/07/2019 18:00,7102.447574805087
22/07/2019 19:00,7588.71989112107
22/07/2019 20:00,7308.073036931846
22/07/2019 21:00,6635.409332594857
22/07/2019 22:00,6545.096420143647
22/07/2019 23:00,5456.932629939361
23/07/2019 00:00,4429.215798713306
23/07/2019 01:00,4309.900262425614
23/07/2019 02:00,3991.8354106845054
23/07/2019 03:00,3838.5102428589603
23/07/2019 04:00,4005.2363774159944
23/07/2019 05:00,4877.433700980175
23/07/2019 06:00,5764.702319498467
23/07/2019 07:00,6276.0831276158915
23/07/2019 08:00,5509.502045432135
23/07/2019 09:00,5347.692728473379
23/07/2019 10:00,4900.400408602401
23/07/2019 11:00,5534.82210412639
23/07/2019 12:00,5451.50890177109
23/07/2019 13:00,5062.938626779981
23/07/2019 14:00,6062.311496972595
23/07/2019 15:00,7178.659925577017
23/07/2019 16:00,7002.467014471493
23/07/2019 17:00,5888.238649908372
23/07/2019 18:00,6887.834976134135
23/07/2019 19:00,7319.112877234927
23/07/2019 20:00,7151.700503223862
23/07/2019 21:00,6715.919154828121
23/07/2019 22:00,5800.695811574514
23/07/2019 23:00,5241.451510047381
24/07/2019 00:00,4367.935628890905
24/07/2019 01:00,4136.185910954869
24/07/2019 02:00,4147.8377540648125
24/07/2019 03:00,4030.7122000934055
24/07/2019 04:00,4123.940947741218
24/07/2019 05:00,4667.983945553834
24/07/2019 06:00,5703.611902978083
24/07/2019 07:00,6030.703109040118
24/07/2019 08:00,5453.4452179090695
24/07/2019 09:00,5279.0240961223335
24/07/2019 10:00,4954.088257067836
24/07/2019 11:00,5268.161754942031
24/07/2019 12:00,5392.988903877546
24/07/2019 13:00,5009.109731725969
24/07/2019 14:00,6109.511723696822
24/07/2019 15:00,7120.264720019385
24/07/2019 16:00,7127.577634170247
24/07/2019 17:00,5805.383267285666
24/07/2019 18:00,6792.531240424259
24/07/2019 19:00,7645.179391692238
24/07/2019 20:00,7507.956833433101
24/07/2019 21:00,6665.035603772236
24/07/2019 22:00,6234.876268816012
24/07/2019 23:00,5446.335906588319
25/07/2019 00:00,4830.645042820764
25/07/2019 01:00,4319.193217446626
25/07/2019 02:00,4137.650039542337
25/07/2019 03:00,4126.963024235084
25/07/2019 04:00,4229.0092469816655
25/07/2019 05:00,4742.596733129704
25/07/2019 06:00,5805.809762211006
25/07/2019 07:00,6142.648399891981
25/07/2019 08:00,5142.864891777632
25/07/2019 09:00,5113.926666320685
25/07/2019 10:00,5194.4360637273985
25/07/2019 11:00,5098.269832025732
25/07/2019 12:00,5596.284377338019
25/07/2019 13:00,5308.935419617783
25/07/2019 14:00,6120.401023824682
25/07/2019 15:00,6959.634211677985
25/07/2019 16:00,6955.656773219005
25/07/2019 17:00,5991.206530465161
25/07/2019 18:00,7270.191250627239
25/07/2019 19:00,7277.909881479361
25/07/2019 20:00,7404.187639610961
25/07/2019 21:00,6699.415879157726
25/07/2019 22:00,6006.889982876334
25/07/2019 23:00,5128.465841696458
26/07/2019 00:00,4842.295359650749
26/07/2019 01:00,4413.543937675491
26/07/2019 02:00,3975.7627134185773
26/07/2019 03:00,3800.4882982172717
26/07/2019 04:00,4124.717643327884
26/07/2019 05:00,4877.763907227889
26/07/2019 06:00,5927.408341748706
26/07/2019 07:00,6328.285712947845
26/07/2019 08:00,5476.7821154100275
26/07/2019 09:00,5285.391195488008
26/07/2019 10:00,5078.312674290097
26/07/2019 11:00,5229.557904877159
26/07/2019 12:00,5318.590385750923
26/07/2019 13:00,5299.3386271251275
26/07/2019 14:00,6196.407461167281
26/07/2019 15:00,6951.354885330063
26/07/2019 16:00,6888.493164023894
26/07/2019 17:00,5599.4924141737565
26/07/2019 18:00,7035.86832659119
26/07/2019 19:00,7667.435002741572
26/07/2019 20:00,7132.876484595956
26/07/2019 21:00,6693.3321149526355
26/07/2019 22:00,5823.1220876206
26/07/2019 23:00,5419.046033083657
27/07/2019 00:00,3876.302831013105
27/07/2019 01:00,3796.5537401950714
27/07/2019 02:00,3614.6051633876327
27/07/2019 03:00,3356.9680451544987
27/07/2019 04:00,3439.739457696537
27/07/2019 05:00,3836.6382438272067
27/07/2019 06:00,4781.345076543552
27/07/2019 07:00,4970.485025775048
27/07/2019 08:00,4735.557718926435
27/07/2019 09:00,4380.769314539938
27/07/2019 10:00,4324.6126893672945
27/07/2019 11:00,4329.470645133146
27/07/2019 12:00,4384.067429894035
27/07/2019 13:00,4481.779064161617
27/07/2019 14:00,5320.482863606881
27/07/2019 15:00,5795.094425414806
27/07/2019 16:00,6011.926204403629
27/07/2019 17:00,5152.3168129582455
27/07/2019 18:00,5962.8944521237845
27/07/2019 19:00,6470.88856096523
27/07/2019 20:00,6220.334047107568
27/07/2019 21:00,6141.04288181024
27/07/2019 22:00,4772.426760221831
27/07/2019 23:00,4547.8945257967125
28/07/2019 00:00,3897.3807687632184
28/07/2019 01:00,3699.8574661957414
28/07/2019 02:00,3387.941641484165
28/07/2019 03:00,3360.2067597922005
28/07/2019 04:00,3622.7522668767924
28/07/2019 05:00,4474.960896759666
28/07/2019 06:00,5123.509970853095
28/07/2019 07:00,5052.255021899104
28/07/2019 08:00,4489.688585380053
28/07/2019 09:00,4306.2172610531825
28/07/2019 10:00,4044.377617363513
28/07/2019 11:00,4592.516794509073
28/07/2019 12:00,4647.476207487532
28/07/2019 13:00,4198.71636782875
28/07/2019 14:00,5441.025524976709
28/07/2019 15:00,5905.977190357032
28/07/2019 16:00,5781.5318847651315
28/07/2019 17:00,4890.447164764279
28/07/2019 18:00,6290.527389441805
28/07/2019 19:00,6599.555449849704
28/07/2019 20:00,6186.2297017624915
28/07/2019 21:00,5688.993307389333
28/07/2019 22:00,5104.905559528732
28/07/2019 23:00,4388.1290034755675
29/07/2019 00:00,4310.481425725605
29/07/2019 01:00,4542.21564371266
29/07/2019 02:00,4084.9465434023427
29/07/2019 03:00,4006.2879506786035
29/07/2019 04:00,4165.75052879291
29/07/2019 05:00,4708.812378135333
29/07/2019 06:00,5852.175032888495
29/07/2019 07:00,5806.358740361307
29/07/2019 08:00,5715.472382937556
29/07/2019 09:00,4945.786391283077
29/07/2019 10:00,4873.307246755976
29/07/2019 11:00,5384.925165649903
29/07/2019 12:00,5556.736153838806
29/07/2019 13:00,5138.235546606389
29/07/2019 14:00,5975.856237495049
29/07/2019 15:00,7105.691272833988
29/07/2019 16:00,7107.523280778791
29/07/2019 17:00,5871.3323154839
29/07/2019 18:00,7213.635456334454
29/07/2019 19:00,8142.699020761746
29/07/2019 20:00,7752.962513688482
29/07/2019 21:00,6602.125556184444
29/07/2019 22:00,6283.909566307732
29/07/2019 23:00,5303.268524567177
30/07/2019 00:00,4669.8901955014935
30/07/2019 01:00,4062.7124252169965
30/07/2019 02:00,4045.2163443379477
30/07/2019 03:00,3862.4609421757264
30/07/2019 04:00,4276.664683036493
30/07/2019 05:00,4969.717578283185
30/07/2019 06:00,5518.749434728071
30/07/2019 07:00,6094.968280933138
30/07/2019 08:00,5530.058771519478
30/07/2019 09:00,5107.236505486745
30/07/2019 10:00,5138.993832121507
30/07/2019 11:00,5514.489298705231
30/07/2019 12:00,5404.836467228397
30/07/2019 13:00,5094.195788179237
30/07/2019 14:00,5979.496985886013
30/07/2019 15:00,6617.592846513002
30/07/2019 16:00,7103.006402141103
30/07/2019 17:00,5781.372894011643
30/07/2019 18:00,7032.654795857513
30/07/2019 19:00,7500.391220454312
30/07/2019 20:00,7209.383378808461
30/07/2019 21:00,6952.716972199337
30/07/2019 22:00,5931.736523843403
30/07/2019 23:00,5032.063931244797
31/07/2019 00:00,4703.64625457781
31/07/2019 01:00,4253.69383635977
31/07/2019 02:00,4069.8296676776886
31/07/2019 03:00,4149.93207545107
31/07/2019 04:00,4170.42602382529
31/07/2019 05:00,4856.772581582
31/07/2019 06:00,5676.861057611281
31/07/2019 07:00,6058.807080303345
31/07/2019 08:00,5447.828930255981
31/07/2019 09:00,4896.348015089741
31/07/2019 10:00,5059.301499198367
31/07/2019 11:00,5473.500506502682
31/07/2019 12:00,5356.626636621784
31/07/2019 13:00,5295.805443105262
31/07/2019 14:00,6268.265762694497
31/07/2019 15:00,7151.655090798347
31/07/2019 16:00,6747.687547571304
31/07/2019 17:00,5801.561164481628
31/07/2019 18:00,7079.895133364575
31/07/2019 19:00,7353.30620832828
31/07/2019 20:00,7484.7400730565
31/07/2019 21:00,7211.118682642616
31/07/2019 22:00,5988.942988050787
31/07/2019 23:00,5322.43476697458
01/08/2019 00:00,4612.66608521679
01/08/2019 01:00,4188.375728383919
01/08/2019 02:00,3843.90366131371
01/08/2019 03:00,3875.1752834127633
01/08/2019 04:00,3998.740730288653
01/08/2019 05:00,5061.15754517564
01/08/2019 06:00,5864.677383537852
01/08/2019 07:00,6035.707140364239
01/08/2019 08:00,5492.709188878443
01/08/2019 09:00,4963.160590071965
01/08/2019 10:00,4913.3032225862535
01/08/2019 11:00,5468.144111198692
01/08/2019 12:00,5515.117423123468
01/08/2019 13:00,5213.299631759607
01/08/2019 14:00,6252.233175033608
01/08/2019 15:00,6864.048507526888
01/08/2019 16:00,7038.509211255662
01/08/2019 17:00,5812.954514575105
01/08/2019 18:00,6843.790073865758
01/08/2019 19:00,7607.50191540241
01/08/2019 20:00,7041.635239531433
01/08/2019 21:00,6757.397322650833
01/08/2019 22:00,5905.598726038074
01/08/2019 23:00,5642.419335447516
02/08/2019 00:00,4595.493378210751
02/08/2019 01:00,4099.695639692012
02/08/2019 02:00,4049.6326979016285
02/08/2019 03:00,4020.684238219412
02/08/2019 04:00,4382.488432418834
02/08/2019 05:00,4729.853600828852
02/08/2019 06:00,5605.6223411861265
02/08/2019 07:00,6248.456667981527
02/08/2019 08:00,5128.413907703106
02/08/2019 09:00,5068.797169572527
02/08/2019 10:00,4990.132797350956
02/08/2019 11:00,5445.60030736024
02/08/2019 12:00,5460.610895360431
02/08/2019 13:00,5030.665629785313
02/08/2019 14:00,6155.0370878315925
02/08/2019 15:00,6845.068298690077
02/08/2019 16:00,6986.213613836295
02/08/2019 17:00,5794.957362463871
02/08/2019 18:00,7154.372183538656
02/08/2019 19:00,7789.319462642448
02/08/2019 20:00,7361.7041747642925
02/08/2019 21:00,6832.728600419269
02/08/2019 22:00,5707.579563545653
02/08/2019 23:00,5250.90031480177
03/08/2019 00:00,3967.108462823063
03/08/2019 01:00,3717.5566419754196
03/08/2019 02:00,3384.3149946751178
03/08/2019 03:00,3298.6170195232544
03/08/2019 04:00,3485.959085992059
03/08/2019 05:00,4158.612239663408
03/08/2019 06:00,5157.401945209838
03/08/2019 07:00,5120.779970543527
03/08/2019 08:00,4671.36875863657
03/08/2019 09:00,4381.771903646668
03/08/2019 10:00,4258.711654079578
03/08/2019 11:00,4609.035144576025
03/08/2019 12:00,4649.356455415849
03/08/2019 13:00,4408.240275508968
03/08/2019 14:00,5635.256201401521
03/08/2019 15:00,5671.981123941236
03/08/2019 16:00,6003.636632109272
03/08/2019 17:00,4833.3280524153815
03/08/2019 18:00,5846.1579300960975
03/08/2019 19:00,6455.344780178605
03/08/2019 20:00,6210.084104324222
03/08/2019 21:00,6231.470902333832
03/08/2019 22:00,5065.0632559468695
03/08/2019 23:00,4305.449059493451
04/08/2019 00:00,3942.8811189353873
04/08/2019 01:00,3411.5737863021895
04/08/2019 02:00,3446.5656449092417
04/08/2019 03:00,3366.767824361467
04/08/2019 04:00,3631.604618649774
04/08/2019 05:00,4212.293773840374
04/08/2019 06:00,4926.680566214566
04/08/2019 07:00,5160.725830681687
04/08/2019 08:00,4442.981965683939
04/08/2019 09:00,4217.859903321945
04/08/2019 10:00,4314.390751560383
04/08/2019 11:00,4461.226113363363
04/08/2019 12:00,4490.934525089483
04/08/2019 13:00,4235.264056819916
04/08/2019 14:00,5362.089013279991
04/08/2019 15:00,6135.372929654312
04/08/2019 16:00,5680.910117279872
04/08/2019 17:00,4638.278109748355
04/08/2019 18:00,5980.210244799274
04/08/2019 19:00,6460.4910319752225
04/08/2019 20:00,6225.169610457136
04/08/2019 21:00,5653.129511873534
04/08/2019 22:00,5062.543117696669
04/08/2019 23:00,4505.684855602842
05/08/2019 00:00,4744.610676111766
05/08/2019 01:00,4028.9717378911323
05/08/2019 02:00,4020.996767226942
05/08/2019 03:00,3984.3940704563797
05/08/2019 04:00,4058.078571463782
05/08/2019 05:00,5065.067453308787
05/08/2019 06:00,5772.818385645616
05/08/2019 07:00,6091.444677058277
05/08/2019 08:00,5439.241546543188
05/08/2019 09:00,5044.894839741404
05/08/2019 10:00,4750.407524277748
05/08/2019 11:00,5386.824967398494
05/08/2019 12:00,5515.22520922629
05/08/2019 13:00,5084.091198864946
05/08/2019 14:00,6048.410861754367
05/08/2019 15:00,7038.1700987202385
05/08/2019 16:00,6885.98381794479
05/08/2019 17:00,5689.568724561871
05/08/2019 18:00,7093.663767156068
05/08/2019 19:00,7772.661680274217
05/08/2019 20:00,7795.880429706581
05/08/2019 21:00,6908.291958051561
05/08/2019 22:00,6200.492832357969
05/08/2019 23:00,5163.416576561201
06/08/2019 00:00,4459.399425333033
06/08/2019 01:00,4288.003345291095
06/08/2019 02:00,4079.0725862633653
06/08/2019 03:00,3830.9050417081266
06/08/2019 04:00,4151.054877801316
06/08/2019 05:00,4872.681427568329
06/08/2019 06:00,5948.627453890442
06/08/2019 07:00,6191.26954853372
06/08/2019 08:00,5396.699839187059
06/08/2019 09:00,5057.88010577967
06/08/2019 10:00,4951.467812457488
06/08/2019 11:00,5260.7196666344225
06/08/2019 12:00,5636.456393789208
06/08/2019 13:00,5138.07243218054
06/08/2019 14:00,6164.136858072115
06/08/2019 15:00,6657.188954786407
06/08/2019 16:00,7567.525021320691
06/08/2019 17:00,5591.949318894483
06/08/2019 18:00,6971.144278481098
06/08/2019 19:00,7691.773373357956
06/08/2019 20:00,7407.01448616266
06/08/2019 21:00,6934.722599526267
06/08/2019 22:00,6316.935705356603
06/08/2019 23:00,5322.613537627416
07/08/2019 00:00,4455.2360686806005
07/08/2019 01:00,4247.008245934363
07/08/2019 02:00,4103.549392799244
07/08/2019 03:00,4204.643206949647
07/08/2019 04:00,3998.0087321560623
07/08/2019 05:00,4988.7121761797835
07/08/2019 06:00,5916.76388194342
07/08/2019 07:00,6252.297853030937
07/08/2019 08:00,5333.6298479799325
07/08/2019 09:00,5006.197980350135
07/08/2019 10:00,5142.28417622828
07/08/2019 11:00,5564.136903447461
07/08/2019 12:00,5506.015143001225
07/08/2019 13:00,5133.95002178086
07/08/2019 14:00,6094.325135698311
07/08/2019 15:00,6527.7627997423015
07/08/2019 16:00,7125.962232397287
07/08/2019 17:00,5851.477002886841
07/08/2019 18:00,6857.389291401442
07/08/2019 19:00,7474.253674118967
07/08/2019 20:00,7174.11588652724
07/08/2019 21:00,6441.096058320196
07/08/2019 22:00,5845.013412386261
07/08/2019 23:00,5064.659823177929
08/08/2019 00:00,4544.065521989108
08/08/2019 01:00,4185.151241214484
08/08/2019 02:00,3867.537939752674
08/08/2019 03:00,4199.223041684738
08/08/2019 04:00,4329.805574117549
08/08/2019 05:00,4702.470644561438
08/08/2019 06:00,5933.095997579194
08/08/2019 07:00,6175.383587484602
08/08/2019 08:00,5541.169279691143
08/08/2019 09:00,5009.869337492215
08/08/2019 10:00,5193.7661504994285
08/08/2019 11:00,5367.302422648283
08/08/2019 12:00,5135.5940841309375
08/08/2019 13:00,5247.574961059178
08/08/2019 14:00,6446.313403403114
08/08/2019 15:00,7379.6600195221445
08/08/2019 16:00,6704.6773234389275
08/08/2019 17:00,5899.150738211903
08/08/2019 18:00,6975.179508489902
08/08/2019 19:00,7775.535283715532
08/08/2019 20:00,6955.021540757242
08/08/2019 21:00,6485.630068260479
08/08/2019 22:00,5852.5287417875925
08/08/2019 23:00,5255.420254743133
09/08/2019 00:00,4512.511552779711
09/08/2019 01:00,4364.622577758483
09/08/2019 02:00,4191.2606055351
09/08/2019 03:00,4030.211824573711
09/08/2019 04:00,4375.656024609145
09/08/2019 05:00,4875.066156624824
09/08/2019 06:00,5670.156885789444
09/08/2019 07:00,6348.45700068211
09/08/2019 08:00,5252.872424185238
09/08/2019 09:00,5276.2772824315525
09/08/2019 10:00,5266.429281251669
09/08/2019 11:00,5531.764394236674
09/08/2019 12:00,5109.866510487073
09/08/2019 13:00,4994.521869384172
09/08/2019 14:00,6452.268564844674
09/08/2019 15:00,6813.2554354615395
09/08/2019 16:00,6971.6030180656835
09/08/2019 17:00,5909.5346242978
09/08/2019 18:00,7209.5229615603375
09/08/2019 19:00,7660.54126524077
09/08/2019 20:00,7230.451867929996
09/08/2019 21:00,6677.769060219545
09/08/2019 22:00,6146.2158928343715
09/08/2019 23:00,5330.070951541653
10/08/2019 00:00,3880.6621487775174
10/08/2019 01:00,3756.1017378400716
10/08/2019 02:00,3442.7213558409985
10/08/2019 03:00,3279.1708710211587
10/08/2019 04:00,3466.2867894736464
10/08/2019 05:00,3972.577753265796
10/08/2019 06:00,4961.370109833327
10/08/2019 07:00,5376.024351526096
10/08/2019 08:00,4437.664889927913
10/08/2019 09:00,4390.284293469018
10/08/2019 10:00,4190.436486661412
10/08/2019 11:00,4602.227085825435
10/08/2019 12:00,4341.492627654912
10/08/2019 13:00,4336.716549203826
10/08/2019 14:00,5244.445542529725
10/08/2019 15:00,5915.147241939289
10/08/2019 16:00,5951.349428168123
10/08/2019 17:00,4734.730102701691
10/08/2019 18:00,6197.943503985604
10/08/2019 19:00,6498.190641012446
10/08/2019 20:00,6221.409536390077
10/08/2019 21:00,5728.271594773684
10/08/2019 22:00,5014.088733094233
10/08/2019 23:00,4485.669410516216
11/08/2019 00:00,3966.6486510395384
11/08/2019 01:00,3447.343804246546
11/08/2019 02:00,3400.2396601014443
11/08/2019 03:00,3339.411956076391
11/08/2019 04:00,3574.3094984078366
11/08/2019 05:00,4239.2677085852465
11/08/2019 06:00,4886.436785305497
11/08/2019 07:00,5106.704732754579
11/08/2019 08:00,4477.577533955045
11/08/2019 09:00,4260.625534579188
11/08/2019 10:00,4230.1269774600505
11/08/2019 11:00,4745.709826719096
11/08/2019 12:00,4403.730492544919
11/08/2019 13:00,4421.629995704385
11/08/2019 14:00,5005.7688663929075
11/08/2019 15:00,5722.776913709276
11/08/2019 16:00,5853.31424888309
11/08/2019 17:00,5158.072149347486
11/08/2019 18:00,5953.213326157831
11/08/2019 19:00,6031.01740997093
11/08/2019 20:00,5813.730149998777
11/08/2019 21:00,5735.699532759856
11/08/2019 22:00,5186.981731681274
11/08/2019 23:00,4506.747134069262
12/08/2019 00:00,4624.12970170371
12/08/2019 01:00,4429.234132319728
12/08/2019 02:00,4000.1806628944846
12/08/2019 03:00,4065.2885267393062
12/08/2019 04:00,3968.6880565435426
12/08/2019 05:00,4684.280285532096
12/08/2019 06:00,5565.966841724788
12/08/2019 07:00,6048.711555336448
12/08/2019 08:00,5342.575074628752
12/08/2019 09:00,5153.580757922262
12/08/2019 10:00,5038.336341450082
12/08/2019 11:00,5305.150244212812
12/08/2019 12:00,5319.466344471679
12/08/2019 13:00,4905.273417301227
12/08/2019 14:00,6459.805970590122
12/08/2019 15:00,6785.623059583835
12/08/2019 16:00,6852.993911261534
12/08/2019 17:00,6053.426916532498
12/08/2019 18:00,6798.81764940226
12/08/2019 19:00,7340.467440840975
12/08/2019 20:00,7036.71702748769
12/08/2019 21:00,6727.2743704789145
12/08/2019 22:00,6069.5901017436545
12/08/2019 23:00,5359.343554380253
13/08/2019 00:00,4956.012513673831
13/08/2019 01:00,3991.1728728806215
13/08/2019 02:00,4140.253567161396
13/08/2019 03:00,3892.829601895596
13/08/2019 04:00,4099.586687510614
13/08/2019 05:00,4725.473916073727
13/08/2019 06:00,5724.556714618852
13/08/2019 07:00,6407.2175089873945
13/08/2019 08:00,5485.188720985731
13/08/2019 09:00,5139.574036376121
13/08/2019 10:00,5232.827746577714
13/08/2019 11:00,5209.383883090921
13/08/2019 12:00,5136.421826421386
13/08/2019 13:00,4800.418731823443
13/08/2019 14:00,6075.783000919846
13/08/2019 15:00,6881.219345326223
13/08/2019 16:00,6976.461442285582
13/08/2019 17:00,5803.88692686312
13/08/2019 18:00,6763.05349977034
13/08/2019 19:00,7780.046997389162
13/08/2019 20:00,7328.305894681208
13/08/2019 21:00,6889.2455673408695
13/08/2019 22:00,5651.757070956412
13/08/2019 23:00,5291.994397180304
14/08/2019 00:00,4437.0527639341835
14/08/2019 01:00,4228.983694372405
14/08/2019 02:00,4131.181830335667
14/08/2019 03:00,3969.819187615015
14/08/2019 04:00,4066.395709931427
14/08/2019 05:00,4815.906157410839
14/08/2019 06:00,5614.607440093734
14/08/2019 07:00,6309.464425427512
14/08/2019 08:00,5317.051914870852
14/08/2019 09:00,5308.34617541086
14/08/2019 10:00,4949.56216436782
14/08/2019 11:00,5371.285374937958
14/08/2019 12:00,5227.3480207446255
14/08/2019 13:00,5271.000879395268
14/08/2019 14:00,6073.918107128584
14/08/2019 15:00,6980.425685635373
14/08/2019 16:00,6875.201307226303
14/08/2019 17:00,5435.486521596787
14/08/2019 18:00,6941.173261598759
14/08/2019 19:00,7328.269446864563
14/08/2019 20:00,7283.4002865253815
14/08/2019 21:00,6500.263843614548
14/08/2019 22:00,6158.453284104459
14/08/2019 23:00,5228.6746779250725
15/08/2019 00:00,4576.4864248434515
15/08/2019 01:00,4364.216550491926
15/08/2019 02:00,4183.577367818574
15/08/2019 03:00,3956.6128712523187
15/08/2019 04:00,4076.4534344994245
15/08/2019 05:00,4558.750088952603
15/08/2019 06:00,5763.877915395439
15/08/2019 07:00,5986.068675230822
15/08/2019 08:00,5367.182721205263
15/08/2019 09:00,5082.819768554253
15/08/2019 10:00,5132.788447493399
15/08/2019 11:00,5356.648508660275
15/08/2019 12:00,5340.844892720103
15/08/2019 13:00,5318.428785247777
15/08/2019 14:00,6269.641018334136
15/08/2019 15:00,6835.665887435501
15/08/2019 16:00,6829.4042921902255
15/08/2019 17:00,5668.235669693426
15/08/2019 18:00,6881.7890762296
15/08/2019 19:00,7473.699125219419
15/08/2019 20:00,7440.946739281108
15/08/2019 21:00,6696.127534896565
15/08/2019 22:00,5749.364793048029
15/08/2019 23:00,5521.115348105373
16/08/2019 00:00,4645.164795333767
16/08/2019 01:00,4099.3484673741095
16/08/2019 02:00,4012.103267855164
16/08/2019 03:00,3972.1699756885314
16/08/2019 04:00,4386.397884159899
16/08/2019 05:00,4654.933155404507
16/08/2019 06:00,6057.3199890022925
16/08/2019 07:00,6355.064031543129
16/08/2019 08:00,5249.100984035531
16/08/2019 09:00,5093.240701606015
16/08/2019 10:00,4872.652023848719
16/08/2019 11:00,5423.691376593743
16/08/2019 12:00,5344.12730911796
16/08/2019 13:00,5237.638871704531
16/08/2019 14:00,6408.970358634587
16/08/2019 15:00,6694.311144484129
16/08/2019 16:00,6544.5176253492455
16/08/2019 17:00,5774.317429960256
16/08/2019 18:00,7124.188861099156
16/08/2019 19:00,7653.844785200298
16/08/2019 20:00,7204.693763533726
16/08/2019 21:00,6766.228617115037
16/08/2019 22:00,6264.4163587494
16/08/2019 23:00,5303.042967436113
17/08/2019 00:00,3867.0443628523003
17/08/2019 01:00,3583.408410242143
17/08/2019 02:00,3438.4891979988997
17/08/2019 03:00,3530.3862644766314
17/08/2019 04:00,3527.544696548253
17/08/2019 05:00,4090.319600893886
17/08/2019 06:00,4929.870408193517
17/08/2019 07:00,5355.068837174482
17/08/2019 08:00,4814.870797478542
17/08/2019 09:00,4424.615889857929
17/08/2019 10:00,4285.264755794991
17/08/2019 11:00,4643.56845997611
17/08/2019 12:00,4222.220946339905
17/08/2019 13:00,4463.190918393653
17/08/2019 14:00,5296.332237830589
17/08/2019 15:00,5895.598802254579
17/08/2019 16:00,5785.57040122377
17/08/2019 17:00,4854.654507908394
17/08/2019 18:00,5928.682218409572
17/08/2019 19:00,6655.362380155073
17/08/2019 20:00,6114.325657436335
17/08/2019 21:00,6087.8499373992245
17/08/2019 22:00,5159.034054175821
17/08/2019 23:00,4285.995693247881
18/08/2019 00:00,3895.7682418710674
18/08/2019 01:00,3566.876177167849
18/08/2019 02:00,3228.57984238165
18/08/2019 03:00,3526.6237890237176
18/08/2019 04:00,3621.872452631444
18/08/2019 05:00,4158.218527509973
18/08/2019 06:00,5027.071713792026
18/08/2019 07:00,4969.212408637893
18/08/2019 08:00,4481.522531736149
18/08/2019 09:00,4475.846344511912
18/08/2019 10:00,4139.842068990706
18/08/2019 11:00,4286.145438451093
18/08/2019 12:00,4516.517062888487
18/08/2019 13:00,4347.03429666412
18/08/2019 14:00,5296.553317337877
18/08/2019 15:00,5948.016839605083
18/08/2019 16:00,6024.830984813735
18/08/2019 17:00,4949.4268843348345
18/08/2019 18:00,6217.992487898043
18/08/2019 19:00,6163.189857666612
18/08/2019 20:00,6278.219100694505
18/08/2019 21:00,5837.549125234985
18/08/2019 22:00,4903.7998409360835
18/08/2019 23:00,4255.621459666295
19/08/2019 00:00,4498.037608282573
19/08/2019 01:00,4195.058078781036
19/08/2019 02:00,4157.902106158027
19/08/2019 03:00,3886.0112286610088
19/08/2019 04:00,4065.793728996376
19/08/2019 05:00,4726.649506734471
19/08/2019 06:00,6082.494538594926
19/08/2019 07:00,6101.386546209751
19/08/2019 08:00,5321.230210430215
19/08/2019 09:00,5119.050352760142
19/08/2019 10:00,5223.933142639843
19/08/2019 11:00,5334.353096637784
19/08/2019 12:00,5561.139080695887
19/08/2019 13:00,5168.433269737826
19/08/2019 14:00,6176.13311946383
19/08/2019 15:00,7361.7849982956195
19/08/2019 16:00,6734.740820453523
19/08/2019 17:00,5716.692110436656
19/08/2019 18:00,6800.897117670715
19/08/2019 19:00,7814.075607704899
19/08/2019 20:00,7644.716160437489
19/08/2019 21:00,7078.7084840834605
19/08/2019 22:00,6212.017027865526
19/08/2019 23:00,5211.916276620373
20/08/2019 00:00,4550.585787877077
20/08/2019 01:00,4065.421801211762
20/08/2019 02:00,4314.335853821475
20/08/2019 03:00,4014.7005263416936
20/08/2019 04:00,4111.4119150793895
20/08/2019 05:00,5006.837817614168
20/08/2019 06:00,5713.258424566022
20/08/2019 07:00,6173.399633601723
20/08/2019 08:00,5322.293023946321
20/08/2019 09:00,5234.407373712756
20/08/2019 10:00,5019.40866014299
20/08/2019 11:00,5219.468594946182
20/08/2019 12:00,5362.130007813541
20/08/2019 13:00,5297.608986980156
20/08/2019 14:00,6200.560489558105
20/08/2019 15:00,7007.239650579261
20/08/2019 16:00,6736.850272814108
20/08/2019 17:00,5773.447954094603
20/08/2019 18:00,6929.691214984934
20/08/2019 19:00,7767.244403268264
20/08/2019 20:00,7282.873978210549
20/08/2019 21:00,6880.553599565554
20/08/2019 22:00,6187.526826206138
20/08/2019 23:00,5351.784685680843
21/08/2019 00:00,4638.698537485551
21/08/2019 01:00,4151.829546007135
21/08/2019 02:00,4065.6601502208514
21/08/2019 03:00,3895.684852952579
21/08/2019 04:00,4129.926633260198
21/08/2019 05:00,4760.898541924126
21/08/2019 06:00,5711.994139772195
21/08/2019 07:00,5740.865758346154
21/08/2019 08:00,5242.7630407433935
21/08/2019 09:00,5165.795905952475
21/08/2019 10:00,4825.600529156354
21/08/2019 11:00,5459.567338932769
21/08/2019 12:00,5654.99308210191
21/08/2019 13:00,5293.6325540332655
21/08/2019 14:00,6511.99455816806
21/08/2019 15:00,6928.353311037059
21/08/2019 16:00,7198.600924566123
21/08/2019 17:00,5652.507953620713
21/08/2019 18:00,6925.490071028722
21/08/2019 19:00,6972.722555619209
21/08/2019 20:00,7534.911834073953
21/08/2019 21:00,7052.499718438975
21/08/2019 22:00,5892.560858376375
21/08/2019 23:00,5203.055936100779
22/08/2019 00:00,4496.944412447237
22/08/2019 01:00,4329.13271600971
22/08/2019 02:00,4203.21927187609
22/08/2019 03:00,3752.0109726621486
22/08/2019 04:00,4224.257609651104
22/08/2019 05:00,4775.034762575169
22/08/2019 06:00,5905.01977990172
22/08/2019 07:00,6182.982132486345
22/08/2019 08:00,5319.793508576962
22/08/2019 09:00,5120.039337627238
22/08/2019 10:00,4996.732653471032
22/08/2019 11:00,5615.85046539476
22/08/2019 12:00,5417.210973600463
22/08/2019 13:00,5169.987511494573
22/08/2019 14:00,5969.374208567038
22/08/2019 15:00,6770.22457755429
22/08/2019 16:00,7142.507320304769
22/08/2019 17:00,5784.5343239853
22/08/2019 18:00,7201.728337147155
22/08/2019 19:00,7999.60570441267
22/08/2019 20:00,7502.7069327869
22/08/2019 21:00,6759.839410633018
22/08/2019 22:00,5900.144586765617
22/08/2019 23:00,4841.352184036368
23/08/2019 00:00,4577.757829151072
23/08/2019 01:00,4238.139995537117
23/08/2019 02:00,4113.616868392348
23/08/2019 03:00,3940.7206761922166
23/08/2019 04:00,4132.890994409107
23/08/2019 05:00,4557.965824488232
23/08/2019 06:00,5719.048679763556
23/08/2019 07:00,6186.212840935277
23/08/2019 08:00,5625.403174796797
23/08/2019 09:00,5120.973288872475
23/08/2019 10:00,5078.456856670127
23/08/2019 11:00,5612.930199074744
23/08/2019 12:00,5219.85152323986
23/08/2019 13:00,5192.518707789421
23/08/2019 14:00,6068.135552003078
23/08/2019 15:00,7025.669532643593
23/08/2019 16:00,6986.590245955128
23/08/2019 17:00,5829.733637435543
23/08/2019 18:00,6896.198661150897
23/08/2019 19:00,7758.139745078894
23/08/2019 20:00,7731.051136446306
23/08/2019 21:00,6537.170017833554
23/08/2019 22:00,5930.924920785282
23/08/2019 23:00,5279.429539611899
24/08/2019 00:00,4003.115502025515
24/08/2019 01:00,3576.931118423507
24/08/2019 02:00,3162.36292042713
24/08/2019 03:00,3502.366295788582
24/08/2019 04:00,3627.976596944128
24/08/2019 05:00,3878.7465448380212
24/08/2019 06:00,4911.0736703396215
24/08/2019 07:00,5428.0407882610225
24/08/2019 08:00,4745.0156263881145
24/08/2019 09:00,4488.531806490216
24/08/2019 10:00,4252.065429525203
24/08/2019 11:00,4649.997989783727
24/08/2019 12:00,4529.638447035668
24/08/2019 13:00,4513.363307935152
24/08/2019 14:00,5136.495311644929
24/08/2019 15:00,5680.088041065501
24/08/2019 16:00,6090.924723661835
24/08/2019 17:00,4904.763827506382
24/08/2019 18:00,6250.935779837477
24/08/2019 19:00,6327.362304971004
24/08/2019 20:00,6174.436532579454
24/08/2019 21:00,5571.291358763756
24/08/2019 22:00,5094.324988270795
24/08/2019 23:00,4258.87344943754
25/08/2019 00:00,3853.6381650697485
25/08/2019 01:00,3481.2472531817452
25/08/2019 02:00,3528.0480425869687
25/08/2019 03:00,3437.492918500766
25/08/2019 04:00,3362.930147455065
25/08/2019 05:00,4256.527826546924
25/08/2019 06:00,5377.030844484012
25/08/2019 07:00,5191.305120293975
25/08/2019 08:00,4460.035987048853
25/08/2019 09:00,4735.496928842486
25/08/2019 10:00,4105.506139261935
25/08/2019 11:00,4641.247885237469
25/08/2019 12:00,4572.00496854381
25/08/2019 13:00,4541.771293555411
25/08/2019 14:00,5332.029772030739
25/08/2019 15:00,5733.726554581837
25/08/2019 16:00,5743.05507395077
25/08/2019 17:00,4860.936314826755
25/08/2019 18:00,5821.3715139136375
25/08/2019 19:00,6466.7148883373075
25/08/2019 20:00,6079.920169181044
25/08/2019 21:00,5473.031626503561
25/08/2019 22:00,5284.9812558805315
25/08/2019 23:00,4390.01292547137
26/08/2019 00:00,4425.959076809258
26/08/2019 01:00,4258.3955271318
26/08/2019 02:00,4074.3399636167355
26/08/2019 03:00,3751.5721470029785
26/08/2019 04:00,4214.518971447474
26/08/2019 05:00,4663.738089202691
26/08/2019 06:00,6187.082136262633
26/08/2019 07:00,6194.86905489468
26/08/2019 08:00,5285.816051587454
26/08/2019 09:00,5021.184549949503
26/08/2019 10:00,5013.163521959877
26/08/2019 11:00,5557.319972304601
26/08/2019 12:00,5345.908192362076
26/08/2019 13:00,5102.5401709963535
26/08/2019 14:00,6216.867380744475
26/08/2019 15:00,6723.94322116668
26/08/2019 16:00,6883.3900833642
26/08/2019 17:00,5416.448738640207
26/08/2019 18:00,7268.293639268382
26/08/2019 19:00,7665.099002113134
26/08/2019 20:00,7107.170058364383
26/08/2019 21:00,7124.981175279469
26/08/2019 22:00,6007.642082515335
26/08/2019 23:00,5080.024977564021
27/08/2019 00:00,4719.255466285567
27/08/2019 01:00,4331.109390999789
27/08/2019 02:00,4114.130866629365
27/08/2019 03:00,3908.4330068355307
27/08/2019 04:00,4229.397559659772
27/08/2019 05:00,4777.189014977563
27/08/2019 06:00,5983.1514632880735
27/08/2019 07:00,5750.452313249673
27/08/2019 08:00,5280.36330919184
27/08/2019 09:00,5401.349657470287
27/08/2019 10:00,4913.2725330037565
27/08/2019 11:00,5358.145632317391
27/08/2019 12:00,5278.102205178779
27/08/2019 13:00,4948.822670582278
27/08/2019 14:00,5794.862285081824
27/08/2019 15:00,6800.628330287309
27/08/2019 16:00,6983.347068834638
27/08/2019 17:00,5768.89877141951
27/08/2019 18:00,7031.30602786572
27/08/2019 19:00,7606.809444875512
27/08/2019 20:00,7499.2658364101
27/08/2019 21:00,6702.486067819535
27/08/2019 22:00,5888.802915942792
27/08/2019 23:00,5198.781772481953
28/08/2019 00:00,4680.967233249228
28/08/2019 01:00,4461.304251204953
28/08/2019 02:00,3989.3790266961437
28/08/2019 03:00,3970.7503658854207
28/08/2019 04:00,4215.358968155963
28/08/2019 05:00,4671.622106928021
28/08/2019 06:00,5888.604650871441
28/08/2019 07:00,5830.825654322117
28/08/2019 08:00,5066.067426249827
28/08/2019 09:00,5192.508286528039
28/08/2019 10:00,4971.084817775424
28/08/2019 11:00,5490.115325531669
28/08/2019 12:00,5347.12785619016
28/08/2019 13:00,4985.556280501882
28/08/2019 14:00,6197.574554060279
28/08/2019 15:00,6594.671667897748
28/08/2019 16:00,7245.226382496992
28/08/2019 17:00,5542.956100421974
28/08/2019 18:00,7020.520932492596
28/08/2019 19:00,7359.455882368151
28/08/2019 20:00,7400.5115337211955
28/08/2019 21:00,6673.974633785741
28/08/2019 22:00,5898.764470480891
28/08/2019 23:00,5377.200071021159
29/08/2019 00:00,4605.062304569253
29/08/2019 01:00,4346.337146858178
29/08/2019 02:00,3946.2978622635997
29/08/2019 03:00,3792.14989156973
29/08/2019 04:00,4186.421364767804
29/08/2019 05:00,4768.942643948786
29/08/2019 06:00,5995.597041421744
29/08/2019 07:00,6084.379150416333
29/08/2019 08:00,5382.914591947158
29/08/2019 09:00,4885.869219786653
29/08/2019 10:00,5313.908481079602
29/08/2019 11:00,5430.1119446304065
29/08/2019 12:00,5461.962708739442
29/08/2019 13:00,5007.17499545256
29/08/2019 14:00,6263.345283594825
29/08/2019 15:00,6580.343571781476
29/08/2019 16:00,7049.32395445288
29/08/2019 17:00,5716.29545221256
29/08/2019 18:00,7068.184300163789
29/08/2019 19:00,7756.075261206951
29/08/2019 20:00,7006.961100866837
29/08/2019 21:00,6602.575237318174
29/08/2019 22:00,6074.208612768157
29/08/2019 23:00,5573.029255731458
30/08/2019 00:00,4581.940495346676
30/08/2019 01:00,4355.901877541433
30/08/2019 02:00,4052.951620106662
30/08/2019 03:00,4189.6805092892055
30/08/2019 04:00,3954.2653195126195
30/08/2019 05:00,4828.668009902489
30/08/2019 06:00,5598.010200874618
30/08/2019 07:00,5640.372599738897
30/08/2019 08:00,5397.74265952541
30/08/2019 09:00,5157.493820430401
30/08/2019 10:00,4986.026651202834
30/08/2019 11:00,5439.614965519592
30/08/2019 12:00,5847.277059168437
30/08/2019 13:00,5096.220374732116
30/08/2019 14:00,6300.974953577538
30/08/2019 15:00,6714.594491458524
30/08/2019 16:00,7016.600276782222
30/08/2019 17:00,5736.704574765859
30/08/2019 18:00,6975.027554248879
30/08/2019 19:00,8011.545164473777
30/08/2019 20:00,7532.9559337638775
30/08/2019 21:00,6768.654274503546
30/08/2019 22:00,5577.794862394712
30/08/2019 23:00,5186.216859274603
31/08/2019 00:00,4227.984060507608
31/08/2019 01:00,3612.825585702942
31/08/2019 02:00,3570.484907523239
31/08/2019 03:00,3510.7205742179244
31/08/2019 04:00,3570.350278732108
31/08/2019 05:00,3989.3890354851487
31/08/2019 06:00,4636.788766650172
31/08/2019 07:00,5290.554140937304
31/08/2019 08:00,4436.346912314798
31/08/2019 09:00,4388.670072382827
31/08/2019 10:00,4114.373664561229
31/08/2019 11:00,4601.54126791218
31/08/2019 12:00,4552.100122064876
31/08/2019 13:00,4400.777164122209
31/08/2019 14:00,5098.676044384918
31/08/2019 15:00,6029.8093775165025
31/08/2019 16:00,5805.889217690823
31/08/2019 17:00,4664.585344166279
31/08/2019 18:00,5983.066953509559
31/08/2019 19:00,6464.109305178186
31/08/2019 20:00,6214.395442251821
31/08/2019 21:00,5963.994430597648
31/08/2019 22:00,5057.0715635421075
31/08/2019 23:00,4440.557274890581
01/09/2019 00:00,3781.4183408796366
01/09/2019 01:00,3727.555209305185
01/09/2019 02:00,3475.20971669081
01/09/2019 03:00,3322.7463108048814
01/09/2019 04:00,3344.370708856299
01/09/2019 05:00,4270.0985403393515
01/09/2019 06:00,4818.015136933991
01/09/2019 07:00,5092.191783231781
01/09/2019 08:00,4596.387149923544
01/09/2019 09:00,4208.889201204929
01/09/2019 10:00,4083.1230527917055
01/09/2019 11:00,4342.895260050663
01/09/2019 12:00,4645.862009300152
01/09/2019 13:00,4294.1980479006825
01/09/2019 14:00,5738.349273944182
01/09/2019 15:00,5647.161741019275
01/09/2019 16:00,5748.3283573673225
01/09/2019 17:00,4827.995565151119
01/09/2019 18:00,6046.483931831995
01/09/2019 19:00,6366.3605634988235
01/09/2019 20:00,6298.210894321598
01/09/2019 21:00,5561.635059408704
01/09/2019 22:00,4882.0983117856385
01/09/2019 23:00,4216.134983092591
02/09/2019 00:00,4294.080057599629
02/09/2019 01:00,4213.479937899403
02/09/2019 02:00,4029.2864214942747
02/09/2019 03:00,3884.004224245822
02/09/2019 04:00,4328.661971749861
02/09/2019 05:00,4992.388963777895
02/09/2019 06:00,5825.890532566674
02/09/2019 07:00,5770.766253919267
02/09/2019 08:00,5259.043830157164
02/09/2019 09:00,5043.579519625259
02/09/2019 10:00,4929.85804824111
02/09/2019 11:00,5342.776438242819
02/09/2019 12:00,5245.119205236168
02/09/2019 13:00,5076.441667822473
02/09/2019 14:00,6087.674958222519
02/09/2019 15:00,6890.797776172041
02/09/2019 16:00,7030.190932573549
02/09/2019 17:00,5620.148780587787
02/09/2019 18:00,7331.2878999678505
02/09/2019 19:00,7373.634000787505
02/09/2019 20:00,6922.866482016388
02/09/2019 21:00,6818.004749372154
02/09/2019 22:00,5845.0627137576785
02/09/2019 23:00,5293.53593543543
03/09/2019 00:00,4269.221622990093
03/09/2019 01:00,4458.791342886426
03/09/2019 02:00,4148.006349912768
03/09/2019 03:00,3780.7884002559103
03/09/2019 04:00,3987.871891865683
03/09/2019 05:00,5056.558809846888
03/09/2019 06:00,5754.815578037435
03/09/2019 07:00,5946.369198227392
03/09/2019 08:00,4986.29863888904
03/09/2019 09:00,5081.9520940809125
03/09/2019 10:00,4994.64394170973
03/09/2019 11:00,5574.133374872132
03/09/2019 12:00,5125.447912276391
03/09/2019 13:00,4901.754211051567
03/09/2019 14:00,6289.960223342685
03/09/2019 15:00,7054.822625832888
03/09/2019 16:00,6627.179061939253
03/09/2019 17:00,5965.469651719198
03/09/2019 18:00,7069.953614537399
03/09/2019 19:00,7845.833354828503
03/09/2019 20:00,7260.672299487935
03/09/2019 21:00,6230.919736746412
03/09/2019 22:00,5964.682343354869
03/09/2019 23:00,5409.750021238804
04/09/2019 00:00,4477.636236985875
04/09/2019 01:00,4230.185297992283
04/09/2019 02:00,4044.5152352368514
04/09/2019 03:00,3614.6247364880205
04/09/2019 04:00,4382.236002969018
04/09/2019 05:00,4684.796283038853
04/09/2019 06:00,5974.287590603073
04/09/2019 07:00,6083.136293118962
04/09/2019 08:00,5551.847858545677
04/09/2019 09:00,5198.565127343718
04/09/2019 10:00,4993.55697515563
04/09/2019 11:00,5310.722644203668
04/09/2019 12:00,5478.055037571834
04/09/2019 13:00,4847.340163886673
04/09/2019 14:00,6326.251878446965
04/09/2019 15:00,6622.212246240567
04/09/2019 16:00,7216.288986067252
04/09/2019 17:00,5805.959662725151
04/09/2019 18:00,7198.464061456724
04/09/2019 19:00,7615.686070558792
04/09/2019 20:00,6893.491127672623
04/09/2019 21:00,6566.934741286561
04/09/2019 22:00,6112.868707329021
04/09/2019 23:00,5269.21329351253
05/09/2019 00:00,4764.012036629341
05/09/2019 01:00,4331.780453893973
05/09/2019 02:00,3948.0817033720896
05/09/2019 03:00,3864.45146236292
05/09/2019 04:00,4185.884228119604
05/09/2019 05:00,4480.736334666285
05/09/2019 06:00,6180.446164906739
05/09/2019 07:00,6179.826400355002
05/09/2019 08:00,5546.939052826344
05/09/2019 09:00,4892.460544800123
05/09/2019 10:00,5216.767545742798
05/09/2019 11:00,5822.318686724353
05/09/2019 12:00,5137.999023961941
05/09/2019 13:00,5254.8575885587725
05/09/2019 14:00,6206.206649501881
05/09/2019 15:00,6530.711510215881
05/09/2019 16:00,7057.840240726892
05/09/2019 17:00,5922.496779526506
05/09/2019 18:00,6934.645328551578
05/09/2019 19:00,7862.724034131368
05/09/2019 20:00,6912.1788835660545
05/09/2019 21:00,6438.715464503488
05/09/2019 22:00,6016.554747831035
05/09/2019 23:00,5246.992850372259
06/09/2019 00:00,4502.0913613928205
06/09/2019 01:00,4383.95192557879
06/09/2019 02:00,4130.758488448061
06/09/2019 03:00,4060.921177454833
06/09/2019 04:00,4157.58454965825
06/09/2019 05:00,4902.042719709471
06/09/2019 06:00,5806.320439000055
06/09/2019 07:00,6474.787205725145
06/09/2019 08:00,5219.586403895421
06/09/2019 09:00,5460.384227930937
06/09/2019 10:00,5034.2635445773785
06/09/2019 11:00,5231.815112268701
06/09/2019 12:00,5569.5767357534205
06/09/2019 13:00,5155.398885923895
06/09/2019 14:00,6364.462284636433
06/09/2019 15:00,7099.42895990539
06/09/2019 16:00,7025.51442637236
06/09/2019 17:00,5675.340971960147
06/09/2019 18:00,7268.714636193007
06/09/2019 19:00,7597.172187703977
06/09/2019 20:00,7425.709044645845
06/09/2019 21:00,6305.451066062153
06/09/2019 22:00,6072.349433449691
06/09/2019 23:00,5142.556835562938
07/09/2019 00:00,4104.82537983679
07/09/2019 01:00,3706.003753148616
07/09/2019 02:00,3480.969170662893
07/09/2019 03:00,3414.245182223675
07/09/2019 04:00,3440.804411184109
07/09/2019 05:00,4292.05751460476
07/09/2019 06:00,5301.089980265779
07/09/2019 07:00,5245.2576772712555
07/09/2019 08:00,4764.470806842658
07/09/2019 09:00,4291.059798716255
07/09/2019 10:00,4172.428554824091
07/09/2019 11:00,4644.14482202225
07/09/2019 12:00,4606.83683115934
07/09/2019 13:00,4314.000352330951
07/09/2019 14:00,5360.203429430383
07/09/2019 15:00,5874.302956917588
07/09/2019 16:00,5734.697797635194
07/09/2019 17:00,4987.73844439832
07/09/2019 18:00,6158.2050294415185
07/09/2019 19:00,6490.667636346222
07/09/2019 20:00,6398.460023782967
07/09/2019 21:00,5520.583766214944
07/09/2019 22:00,5164.700952700058
07/09/2019 23:00,4300.087565537224
08/09/2019 00:00,3780.139847604624
08/09/2019 01:00,3569.1402088058576
08/09/2019 02:00,3358.4243739864714
08/09/2019 03:00,3309.8273561168976
08/09/2019 04:00,3524.261944211756
08/09/2019 05:00,4195.537920717983
08/09/2019 06:00,4954.054465959032
08/09/2019 07:00,4937.546354767512
08/09/2019 08:00,4703.033755958103
08/09/2019 09:00,4255.9679793807045
08/09/2019 10:00,4267.1197217883155
08/09/2019 11:00,4700.5871178185735
08/09/2019 12:00,4574.731851330599
08/09/2019 13:00,4508.902506979792
08/09/2019 14:00,5350.903684451334
08/09/2019 15:00,5670.394675954973
08/09/2019 16:00,6298.123447962856
08/09/2019 17:00,4939.932898154792
08/09/2019 18:00,5976.166824649772
08/09/2019 19:00,6644.185006693305
08/09/2019 20:00,6230.882629605973
08/09/2019 21:00,5798.475529839401
08/09/2019 22:00,5473.995746250191
08/09/2019 23:00,4419.7672279673
09/09/2019 00:00,4557.139463798779
09/09/2019 01:00,4294.9686809424
09/09/2019 02:00,4196.7035138221745
09/09/2019 03:00,3780.0689532342863
09/09/2019 04:00,3926.9320579460564
09/09/2019 05:00,4730.1911991589195
09/09/2019 06:00,5596.530901578083
09/09/2019 07:00,6021.2686083432345
09/09/2019 08:00,5430.651201228751
09/09/2019 09:00,4998.753415103867
09/09/2019 10:00,4813.734674360999
09/09/2019 11:00,5468.3511867444195
09/09/2019 12:00,5488.438229280735
09/09/2019 13:00,4874.838492593361
09/09/2019 14:00,6358.710867916608
09/09/2019 15:00,7015.907386496002
09/09/2019 16:00,7154.069856564981
09/09/2019 17:00,5989.211360445857
09/09/2019 18:00,7528.518670078387
09/09/2019 19:00,7515.843061199232
09/09/2019 20:00,7299.917284499395
09/09/2019 21:00,6656.783655644252
09/09/2019 22:00,5992.3553576133045
09/09/2019 23:00,5484.105650108036
10/09/2019 00:00,4415.34765078305
10/09/2019 01:00,4169.44122209394
10/09/2019 02:00,4233.988530634827
10/09/2019 03:00,4080.1497359247614
10/09/2019 04:00,4127.53954913497
10/09/2019 05:00,4938.4183690618875
10/09/2019 06:00,5945.241656991969
10/09/2019 07:00,6373.505245208911
10/09/2019 08:00,5361.958789809197
10/09/2019 09:00,5294.029396105487
10/09/2019 10:00,5427.600336936021
10/09/2019 11:00,5554.9148126728205
10/09/2019 12:00,5357.917170610072
10/09/2019 13:00,5247.314631482848
10/09/2019 14:00,6137.992009819601
10/09/2019 15:00,7338.584085423001
10/09/2019 16:00,6992.571822015266
10/09/2019 17:00,5730.689738272109
10/09/2019 18:00,6884.950927396455
10/09/2019 19:00,7847.067453869023
10/09/2019 20:00,7465.289668472039
10/09/2019 21:00,6640.420025468928
10/09/2019 22:00,6095.622893799206
10/09/2019 23:00,5005.7192317598
11/09/2019 00:00,4626.531488477348
11/09/2019 01:00,4338.133915606648
11/09/2019 02:00,4274.260090170034
11/09/2019 03:00,3867.4498507999133
11/09/2019 04:00,4012.963034400237
11/09/2019 05:00,4685.655431044378
11/09/2019 06:00,5649.028831269401
11/09/2019 07:00,6343.568196749162
11/09/2019 08:00,5598.556606851358
11/09/2019 09:00,5185.338970330356
11/09/2019 10:00,5213.256768455518
11/09/2019 11:00,5478.93032648479
11/09/2019 12:00,5334.734580544027
11/09/2019 13:00,5084.685563656196
11/09/2019 14:00,6148.211405225325
11/09/2019 15:00,6530.019648271872
11/09/2019 16:00,7010.136756426672
11/09/2019 17:00,5771.008520003497
11/09/2019 18:00,7219.912123003139
11/09/2019 19:00,7618.314940073323
11/09/2019 20:00,7240.485036021499
11/09/2019 21:00,6564.818633541557
11/09/2019 22:00,6004.9702658510805
11/09/2019 23:00,5359.117334035074
12/09/2019 00:00,4443.1849190606945
12/09/2019 01:00,4291.231629972606
12/09/2019 02:00,4094.4265792275664
12/09/2019 03:00,3873.715445649659
12/09/2019 04:00,4099.406269188567
12/09/2019 05:00,4848.31173710428
12/09/2019 06:00,5684.894519220437
12/09/2019 07:00,6163.025542179182
12/09/2019 08:00,5206.295623027699
12/09/2019 09:00,5299.764497022557
12/09/2019 10:00,5381.708071946733
12/09/2019 11:00,5316.085503993395
12/09/2019 12:00,5435.740361911135
12/09/2019 13:00,5024.023607295779
12/09/2019 14:00,6399.804848077673
12/09/2019 15:00,6588.065312437533
12/09/2019 16:00,7055.274427145941
12/09/2019 17:00,5626.676092479399
12/09/2019 18:00,7018.14824495362
12/09/2019 19:00,7362.019029541178
12/09/2019 20:00,7455.502660787125
12/09/2019 21:00,6571.737462921682
12/09/2019 22:00,6091.22109525749
12/09/2019 23:00,5188.876821134618
13/09/2019 00:00,4585.199378520602
13/09/2019 01:00,4298.971858510176
13/09/2019 02:00,3973.072626551054
13/09/2019 03:00,3983.9853020752507
13/09/2019 04:00,4364.582584111528
13/09/2019 05:00,4702.604208186464
13/09/2019 06:00,6091.883080794998
13/09/2019 07:00,6373.106923999259
13/09/2019 08:00,5219.007124260999
13/09/2019 09:00,4911.805186447647
13/09/2019 10:00,5074.5568410089145
13/09/2019 11:00,5367.383914447835
13/09/2019 12:00,5649.910816675661
13/09/2019 13:00,5141.363145840214
13/09/2019 14:00,6056.6465142120105
13/09/2019 15:00,6612.327550057754
13/09/2019 16:00,7182.408669714302
13/09/2019 17:00,5678.990969932247
13/09/2019 18:00,7071.285569453686
13/09/2019 19:00,7814.837003638586
13/09/2019 20:00,7170.296086940539
13/09/2019 21:00,6731.7118129638775
13/09/2019 22:00,5989.021662650304
13/09/2019 23:00,5350.480112416366
14/09/2019 00:00,3980.1593745359164
14/09/2019 01:00,3613.976787370848
14/09/2019 02:00,3462.6993256431433
14/09/2019 03:00,3327.617235781152
14/09/2019 04:00,3389.8150473610913
14/09/2019 05:00,4124.378877273486
14/09/2019 06:00,5286.206487068816
14/09/2019 07:00,5046.710022503592
14/09/2019 08:00,4442.039421867451
14/09/2019 09:00,4251.5625252033615
14/09/2019 10:00,4367.571287407563
14/09/2019 11:00,4700.858320650524
14/09/2019 12:00,4525.871495312085
14/09/2019 13:00,4245.368879535267
14/09/2019 14:00,5289.718904407392
14/09/2019 15:00,5547.579425636112
14/09/2019 16:00,5937.187060198594
14/09/2019 17:00,5039.709531521811
14/09/2019 18:00,5777.382808275871
14/09/2019 19:00,6160.565195598589
14/09/2019 20:00,6477.64574754928
14/09/2019 21:00,5624.69127088754
14/09/2019 22:00,5266.768287068831
14/09/2019 23:00,4435.961051154878
15/09/2019 00:00,3891.84857012495
15/09/2019 01:00,3685.848362023064
15/09/2019 02:00,3364.4443465359586
15/09/2019 03:00,3378.526182873031
15/09/2019 04:00,3506.4551391344457
15/09/2019 05:00,3930.6165137851217
15/09/2019 06:00,5052.895091249004
15/09/2019 07:00,5143.199184989215
15/09/2019 08:00,4526.077887779431
15/09/2019 09:00,4207.107641562934
15/09/2019 10:00,4478.730387461717
15/09/2019 11:00,4760.44784753528
15/09/2019 12:00,4679.034966498162
15/09/2019 13:00,4325.596518210617
15/09/2019 14:00,5001.451620187415
15/09/2019 15:00,6161.826244999849
15/09/2019 16:00,5900.914204211389
15/09/2019 17:00,4800.972586854202
15/09/2019 18:00,6077.758044334494
15/09/2019 19:00,6683.548723974756
15/09/2019 20:00,6180.323245925015
15/09/2019 21:00,5949.631317780522
15/09/2019 22:00,5258.678058605623
15/09/2019 23:00,4312.641602578501
16/09/2019 00:00,4507.996751715822
16/09/2019 01:00,4402.9477717651225
16/09/2019 02:00,3735.115519466403
16/09/2019 03:00,3941.249147322794
16/09/2019 04:00,3993.8742418686074
16/09/2019 05:00,4746.161803382927
16/09/2019 06:00,5832.243313281893
16/09/2019 07:00,6033.452026174263
16/09/2019 08:00,5261.362069035927
16/09/2019 09:00,4966.952106465193
16/09/2019 10:00,5374.780652824935
16/09/2019 11:00,5762.722204701256
16/09/2019 12:00,5163.488435848867
16/09/2019 13:00,5379.772549040854
16/09/2019 14:00,6131.627514983764
16/09/2019 15:00,6874.540274521267
16/09/2019 16:00,6941.797888267509
16/09/2019 17:00,5663.639170525038
16/09/2019 18:00,7270.438957516399
16/09/2019 19:00,7625.690799183726
16/09/2019 20:00,7171.978355339705
16/09/2019 21:00,6477.172876780231
16/09/2019 22:00,5831.367360333851
16/09/2019 23:00,4984.827321616946
17/09/2019 00:00,4602.687216387746
17/09/2019 01:00,4126.348137950684
17/09/2019 02:00,4033.6069286829884
17/09/2019 03:00,4121.726997153304
17/09/2019 04:00,4323.140313534053
17/09/2019 05:00,4810.337602646877
17/09/2019 06:00,5869.625191599427
17/09/2019 07:00,6442.960646307562
17/09/2019 08:00,5433.581357317573
17/09/2019 09:00,5085.491580662226
17/09/2019 10:00,4813.856646670037
17/09/2019 11:00,5521.48098454575
17/09/2019 12:00,5483.106465499549
17/09/2019 13:00,5038.675133102938
17/09/2019 14:00,6260.216128951599
17/09/2019 15:00,6773.307502292657
17/09/2019 16:00,6916.601639907128
17/09/2019 17:00,5346.760924542145
17/09/2019 18:00,7015.013391808699
17/09/2019 19:00,7817.928957711819
17/09/2019 20:00,7138.1774501709315
17/09/2019 21:00,6751.622407444183
17/09/2019 22:00,5856.110300965061
17/09/2019 23:00,5299.69387126409
18/09/2019 00:00,4571.1133030440815
18/09/2019 01:00,4159.40138617643
18/09/2019 02:00,4228.544628025792
18/09/2019 03:00,4069.3292552472208
18/09/2019 04:00,4097.271722223832
18/09/2019 05:00,4886.905521295398
18/09/2019 06:00,5979.880089097938
18/09/2019 07:00,6216.521856969995
18/09/2019 08:00,5078.07192869279
18/09/2019 09:00,5291.0979358423065
18/09/2019 10:00,4943.049517463395
18/09/2019 11:00,5398.41998901633
18/09/2019 12:00,5773.380021237762
18/09/2019 13:00,5182.512650501494
18/09/2019 14:00,6134.074481521245
18/09/2019 15:00,6394.944324061026
18/09/2019 16:00,7244.9742865479075
18/09/2019 17:00,5544.821355662037
18/09/2019 18:00,6849.4114339045955
18/09/2019 19:00,7521.481497514888
18/09/2019 20:00,7585.174365892339
18/09/2019 21:00,6897.3723225034155
18/09/2019 22:00,5963.627129231115
18/09/2019 23:00,5291.49125868975
19/09/2019 00:00,4518.128762813001
19/09/2019 01:00,4297.931533740191
19/09/2019 02:00,4074.945616128037
19/09/2019 03:00,4074.0608005100744
19/09/2019 04:00,4294.081029148132
19/09/2019 05:00,4886.355032859606
19/09/2019 06:00,5821.027538715236
19/09/2019 07:00,6234.731225204561
19/09/2019 08:00,5335.23906117441
19/09/2019 09:00,4969.29863406868
19/09/2019 10:00,4968.155970834397
19/09/2019 11:00,5470.8379125153315
19/09/2019 12:00,5496.089633278192
19/09/2019 13:00,5107.721979234026
19/09/2019 14:00,5980.87138394141
19/09/2019 15:00,6859.657011416499
19/09/2019 16:00,6978.672602757801
19/09/2019 17:00,5810.213094594003
19/09/2019 18:00,7256.883979370105
19/09/2019 19:00,7829.222795648889
19/09/2019 20:00,7146.29565077653
19/09/2019 21:00,6616.397308478762
19/09/2019 22:00,5805.013879718645
19/09/2019 23:00,5352.916716778415
20/09/2019 00:00,4800.980639553854
20/09/2019 01:00,4239.543480456495
20/09/2019 02:00,4036.550299714845
20/09/2019 03:00,4133.209764282891
20/09/2019 04:00,4236.290787643987
20/09/2019 05:00,4878.014247558513
20/09/2019 06:00,5674.7436908703385
20/09/2019 07:00,6223.186874836056
20/09/2019 08:00,5200.873617348184
20/09/2019 09:00,4961.270169751142
20/09/2019 10:00,4976.682572213206
20/09/2019 11:00,5361.099873244215
20/09/2019 12:00,5314.433249051201
20/09/2019 13:00,4913.973549752401
20/09/2019 14:00,6384.512419938152
20/09/2019 15:00,7079.671872345455
20/09/2019 16:00,6548.686992770519
20/09/2019 17:00,5947.60587603424
20/09/2019 18:00,6890.28140448599
20/09/2019 19:00,7792.313294633746
20/09/2019 20:00,7261.059499580775
20/09/2019 21:00,6746.819282324101
20/09/2019 22:00,5958.726846540042
20/09/2019 23:00,5433.655802533885
21/09/2019 00:00,3765.4147166364946
21/09/2019 01:00,3704.3396945695386
21/09/2019 02:00,3570.2892154862434
21/09/2019 03:00,3437.467754660917
21/09/2019 04:00,3794.424698521526
21/09/2019 05:00,4027.804594105755
21/09/2019 06:00,5145.910341464554
21/09/2019 07:00,5167.650306983843
21/09/2019 08:00,4715.767423966413
21/09/2019 09:00,4364.592987608363
21/09/2019 10:00,4224.909003671848
21/09/2019 11:00,4820.194518421451
21/09/2019 12:00,4480.4386624693425
21/09/2019 13:00,4180.578132808311
21/09/2019 14:00,5193.307430197092
21/09/2019 15:00,5928.898009265075
21/09/2019 16:00,6158.631552690849
21/09/2019 17:00,4927.673691026814
21/09/2019 18:00,6240.08224606457
21/09/2019 19:00,6194.339600599135
21/09/2019 20:00,6102.357783264615
21/09/2019 21:00,5680.245235949237
21/09/2019 22:00,5075.695777719909
21/09/2019 23:00,4467.793125378693
22/09/2019 00:00,3991.9114735315175
22/09/2019 01:00,3589.4537816820725
22/09/2019 02:00,3470.514911349361
22/09/2019 03:00,3360.5946411687805
22/09/2019 04:00,3448.524666492087
22/09/2019 05:00,4078.7937197478586
22/09/2019 06:00,4980.691373497164
22/09/2019 07:00,5158.475927668183
22/09/2019 08:00,4551.832783864124
22/09/2019 09:00,4375.510812267054
22/09/2019 10:00,4219.212682378865
22/09/2019 11:00,4815.552709733671
22/09/2019 12:00,4387.953605160978
22/09/2019 13:00,4271.175986833914
22/09/2019 14:00,5715.0375834242495
22/09/2019 15:00,5639.541797626361
22/09/2019 16:00,5671.658224053537
22/09/2019 17:00,5019.517069131734
22/09/2019 18:00,5628.650179612547
22/09/2019 19:00,6411.8719147014535
22/09/2019 20:00,6582.732064948841
22/09/2019 21:00,5464.2824671934795
22/09/2019 22:00,4790.363754437067
22/09/2019 23:00,4256.114720432463
23/09/2019 00:00,4725.000571218934
23/09/2019 01:00,4424.421330846178
23/09/2019 02:00,4003.4744185445616
23/09/2019 03:00,4040.1451372232063
23/09/2019 04:00,4347.046064451226
23/09/2019 05:00,5073.182189564389
23/09/2019 06:00,5841.509506107698
23/09/2019 07:00,5677.899719817923
23/09/2019 08:00,5218.2489329532455
23/09/2019 09:00,5070.238009644376
23/09/2019 10:00,4989.9339037602185
23/09/2019 11:00,5426.245537460863
23/09/2019 12:00,5529.582582967872
23/09/2019 13:00,5332.363931984023
23/09/2019 14:00,6174.037799112284
23/09/2019 15:00,7073.672732936086
23/09/2019 16:00,7029.626044147577
23/09/2019 17:00,5789.181465335998
23/09/2019 18:00,7254.060445125317
23/09/2019 19:00,7613.466964313903
23/09/2019 20:00,7725.1790237369
23/09/2019 21:00,6450.1101097391365
23/09/2019 22:00,5899.392879179219
23/09/2019 23:00,5223.099842698113
24/09/2019 00:00,4661.657654863917
24/09/2019 01:00,4442.806126544037
24/09/2019 02:00,4063.0238627685335
24/09/2019 03:00,3790.0817845281476
24/09/2019 04:00,4278.474314697202
24/09/2019 05:00,4924.053793769206
24/09/2019 06:00,5542.164853686566
24/09/2019 07:00,6098.303957662254
24/09/2019 08:00,5094.782236175812
24/09/2019 09:00,5033.590558896882
24/09/2019 10:00,4892.7932171891225
24/09/2019 11:00,5589.484723749195
24/09/2019 12:00,5368.751242954635
24/09/2019 13:00,4937.916138603511
24/09/2019 14:00,6369.850680983398
24/09/2019 15:00,6553.438931532147
24/09/2019 16:00,7023.878242381762
24/09/2019 17:00,5636.899390585001
24/09/2019 18:00,6984.527653295084
24/09/2019 19:00,7711.9283461854275
24/09/2019 20:00,7389.821974826714
24/09/2019 21:00,7011.375255745222
24/09/2019 22:00,5977.21407494706
24/09/2019 23:00,5291.201656235504
25/09/2019 00:00,4540.579117388531
25/09/2019 01:00,4303.367500928767
25/09/2019 02:00,4119.608508136078
25/09/2019 03:00,3947.3237394178436
25/09/2019 04:00,3947.1884768964605
25/09/2019 05:00,4862.8809709749985
25/09/2019 06:00,5949.363328827106
25/09/2019 07:00,5974.548659032615
25/09/2019 08:00,5143.855880710362
25/09/2019 09:00,5363.403459509651
25/09/2019 10:00,5103.144384228638
25/09/2019 11:00,5419.497144427807
25/09/2019 12:00,5167.506222254828
25/09/2019 13:00,5009.3747712368395
25/09/2019 14:00,6448.516280073661
25/09/2019 15:00,6876.281269131931
25/09/2019 16:00,6840.120008470302
25/09/2019 17:00,5866.349531340481
25/09/2019 18:00,6889.461600007622
25/09/2019 19:00,7939.057135031202
25/09/2019 20:00,7571.2893007572575
25/09/2019 21:00,6646.644725580662
25/09/2019 22:00,5878.990236393733
25/09/2019 23:00,4831.193829177691
26/09/2019 00:00,4396.497406102764
26/09/2019 01:00,4108.012080895424
26/09/2019 02:00,4082.4905177936407
26/09/2019 03:00,3920.2532229235
26/09/2019 04:00,4004.577450330486
26/09/2019 05:00,4774.385854065995
26/09/2019 06:00,5974.217273417139
26/09/2019 07:00,6195.578765854056
26/09/2019 08:00,5045.102919922149
26/09/2019 09:00,5116.237162927052
26/09/2019 10:00,4820.2953769782935
26/09/2019 11:00,5604.622005008835
26/09/2019 12:00,5475.855499824736
26/09/2019 13:00,4997.631964967928
26/09/2019 14:00,6063.377704217093
26/09/2019 15:00,6753.237297145628
26/09/2019 16:00,6484.954658189306
26/09/2019 17:00,5836.23672318419
26/09/2019 18:00,7004.19515441238
26/09/2019 19:00,7818.112603068042
26/09/2019 20:00,7036.239235903135
26/09/2019 21:00,6615.794766175416
26/09/2019 22:00,5721.187019614888
26/09/2019 23:00,5085.035137267989
27/09/2019 00:00,4437.851025082704
27/09/2019 01:00,4407.883020363884
27/09/2019 02:00,3980.826019689305
27/09/2019 03:00,3973.748346077118
27/09/2019 04:00,4125.33222947054
27/09/2019 05:00,4631.625742324449
27/09/2019 06:00,5855.286560289047
27/09/2019 07:00,6208.617936631082
27/09/2019 08:00,5156.1546174967925
27/09/2019 09:00,5260.668098795891
27/09/2019 10:00,4900.80260457666
27/09/2019 11:00,5377.930701462616
27/09/2019 12:00,5435.174641243113
27/09/2019 13:00,5033.777756895622
27/09/2019 14:00,6212.995687311151
27/09/2019 15:00,6783.349916133774
27/09/2019 16:00,6981.9926345987515
27/09/2019 17:00,5365.322683448558
27/09/2019 18:00,6674.3636106300155
27/09/2019 19:00,7737.385040348136
27/09/2019 20:00,7502.395957225074
27/09/2019 21:00,6556.87227394482
27/09/2019 22:00,5948.133463413717
27/09/2019 23:00,5289.356391289002
28/09/2019 00:00,3992.182101723408
28/09/2019 01:00,3416.699302569844
28/09/2019 02:00,3364.232689072541
28/09/2019 03:00,3331.574614996946
28/09/2019 04:00,3621.872203098184
28/09/2019 05:00,4399.513540867534
28/09/2019 06:00,4968.033750591982
28/09/2019 07:00,4965.330533695008
28/09/2019 08:00,4602.379422432186
28/09/2019 09:00,4538.608176564567
28/09/2019 10:00,4288.50167686735
28/09/2019 11:00,4512.2866816718715
28/09/2019 12:00,4678.194323466411
28/09/2019 13:00,4452.503242563502
28/09/2019 14:00,5112.71962816351
28/09/2019 15:00,5887.406067036318
28/09/2019 16:00,6088.617541588221
28/09/2019 17:00,5085.438496980585
28/09/2019 18:00,5990.733802077298
28/09/2019 19:00,6388.08159640808
28/09/2019 20:00,6412.305930401312
28/09/2019 21:00,5521.828855259849
28/09/2019 22:00,5160.213161335566
28/09/2019 23:00,4273.382235014572
29/09/2019 00:00,4035.8458038309936
29/09/2019 01:00,3609.836912426198
29/09/2019 02:00,3587.6305156216363
29/09/2019 03:00,3414.7603291114942
29/09/2019 04:00,3416.8853004887646
29/09/2019 05:00,4267.669354513774
29/09/2019 06:00,5235.041499019643
29/09/2019 07:00,5321.367165618246
29/09/2019 08:00,4443.600375512434
29/09/2019 09:00,4325.521964425719
29/09/2019 10:00,4293.299513646505
29/09/2019 11:00,4540.526234946633
29/09/2019 12:00,4778.378381148293
29/09/2019 13:00,4384.502149349015
29/09/2019 14:00,4847.287061501119
29/09/2019 15:00,5880.059669446743
29/09/2019 16:00,5850.003415280958
29/09/2019 17:00,4900.2603961480645
29/09/2019 18:00,5936.318655989945
29/09/2019 19:00,6613.793856487505
29/09/2019 20:00,6392.344631057236
29/09/2019 21:00,5778.5055648530315
29/09/2019 22:00,5041.354607850038
29/09/2019 23:00,4451.023360397231
30/09/2019 00:00,4603.70533507621
30/09/2019 01:00,4176.967982881355
30/09/2019 02:00,4136.61771655272
30/09/2019 03:00,4013.639226804908
30/09/2019 04:00,4365.847838807642
30/09/2019 05:00,4996.33527576267
30/09/2019 06:00,5763.944093299463
30/09/2019 07:00,6249.089993583905
30/09/2019 08:00,5197.371982013337
30/09/2019 09:00,5243.229218112966
30/09/2019 10:00,4951.058415833062
30/09/2019 11:00,5289.483214801184
30/09/2019 12:00,5394.9472775029335
30/09/2019 13:00,4723.90269689401
30/09/2019 14:00,5880.003367557234
30/09/2019 15:00,6811.536067397411
30/09/2019 16:00,6972.20147460836
30/09/2019 17:00,5713.98228438078
30/09/2019 18:00,6727.380625753689
30/09/2019 19:00,7410.594270258213
30/09/2019 20:00,7361.3931719493785
30/09/2019 21:00,6858.653727474173
30/09/2019 22:00,5989.083732380954
30/09/2019 23:00,5424.958385419309
01/10/2019 00:00,4655.852711148079
01/10/2019 01:00,4184.026694031766
01/10/2019 02:00,4031.784359524851
01/10/2019 03:00,3792.3815865084234
01/10/2019 04:00,4159.462079792898
01/10/2019 05:00,4975.642934446523
01/10/2019 06:00,6005.987964455721
01/10/2019 07:00,6355.525646363422
01/10/2019 08:00,5301.386918370262
01/10/2019 09:00,5343.407056338757
01/10/2019 10:00,4999.836191355795
01/10/2019 11:00,5697.913193867518
01/10/2019 12:00,5346.491992035539
01/10/2019 13:00,5244.970210075763
01/10/2019 14:00,6480.636419987209
01/10/2019 15:00,6808.262227984277
01/10/2019 16:00,7000.566862251092
01/10/2019 17:00,6001.41158612526
01/10/2019 18:00,7033.821949689776
01/10/2019 19:00,7295.955439894021
01/10/2019 20:00,7743.775579874794
01/10/2019 21:00,6645.999532377101
01/10/2019 22:00,6020.537987716533
01/10/2019 23:00,5424.828289037968
02/10/2019 00:00,4517.0095864679815
02/10/2019 01:00,4150.589759942279
02/10/2019 02:00,4096.950875460594
02/10/2019 03:00,3746.0363162199455
02/10/2019 04:00,4136.957038236905
02/10/2019 05:00,4850.395835060361
02/10/2019 06:00,5837.339992615517
02/10/2019 07:00,5816.594780925304
02/10/2019 08:00,5605.865561970743
02/10/2019 09:00,5151.953158760489
02/10/2019 10:00,5244.917920006714
02/10/2019 11:00,5414.429465482959
02/10/2019 12:00,5208.758076938632
02/10/2019 13:00,5177.4753961929155
02/10/2019 14:00,6165.824752820212
02/10/2019 15:00,6606.040686070255
02/10/2019 16:00,7261.6704855960115
02/10/2019 17:00,5670.135679563555
02/10/2019 18:00,6672.121163717211
02/10/2019 19:00,7899.702325357416
02/10/2019 20:00,7165.921829108421
02/10/2019 21:00,6618.079774196342
02/10/2019 22:00,5674.653927355492
02/10/2019 23:00,5516.83268642684
03/10/2019 00:00,4423.012994547447
03/10/2019 01:00,4287.504913322606
03/10/2019 02:00,4177.321426943483
03/10/2019 03:00,4009.0873201327777
03/10/2019 04:00,4165.531876681697
03/10/2019 05:00,4569.194366770383
03/10/2019 06:00,5742.043080245286
03/10/2019 07:00,6133.361827851641
03/10/2019 08:00,5223.658561767087
03/10/2019 09:00,5167.33362559661
03/10/2019 10:00,5131.854628087941
03/10/2019 11:00,5614.571347434335
03/10/2019 12:00,5153.198213071064
03/10/2019 13:00,5474.459224151157
03/10/2019 14:00,6348.889304369088
03/10/2019 15:00,6847.647844270227
03/10/2019 16:00,7182.331808058941
03/10/2019 17:00,6188.019783198476
03/10/2019 18:00,6757.192759390091
03/10/2019 19:00,7545.660391149796
03/10/2019 20:00,6756.83593728285
03/10/2019 21:00,6779.95991944741
03/10/2019 22:00,6057.683268928464
03/10/2019 23:00,5236.840190862008
04/10/2019 00:00,4510.6547311951035
04/10/2019 01:00,4016.842336121419
04/10/2019 02:00,4111.563638702567
04/10/2019 03:00,4131.861953654623
04/10/2019 04:00,4099.010399526732
04/10/2019 05:00,4878.566656747394
04/10/2019 06:00,5608.14412146569
04/10/2019 07:00,6182.65627426382
04/10/2019 08:00,5286.862141211983
04/10/2019 09:00,5018.526642171103
04/10/2019 10:00,4914.2839374497225
04/10/2019 11:00,5392.561847905376
04/10/2019 12:00,5411.380547168652
04/10/2019 13:00,4933.821893959795
04/10/2019 14:00,6132.065067568697
04/10/2019 15:00,6839.480037927855
04/10/2019 16:00,6725.685465801428
04/10/2019 17:00,6089.433946058347
04/10/2019 18:00,6881.178447594204
04/10/2019 19:00,7444.428633013791
04/10/2019 20:00,7062.454940712745
04/10/2019 21:00,7104.706628021941
04/10/2019 22:00,6091.390243893044
04/10/2019 23:00,5095.683443337937
05/10/2019 00:00,4040.639170759025
05/10/2019 01:00,3659.904255494688
05/10/2019 02:00,3482.7728064611033
05/10/2019 03:00,3330.373475629001
05/10/2019 04:00,3467.303520703928
05/10/2019 05:00,4134.221766057172
05/10/2019 06:00,4920.450122112637
05/10/2019 07:00,5466.7000109118535
05/10/2019 08:00,4374.336960967209
05/10/2019 09:00,4566.787380227266
05/10/2019 10:00,4260.374526489594
05/10/2019 11:00,4680.068826689107
05/10/2019 12:00,4661.163548312421
05/10/2019 13:00,4283.057510331859
05/10/2019 14:00,5411.869899623713
05/10/2019 15:00,5347.997861797918
05/10/2019 16:00,5784.058056309256
05/10/2019 17:00,4775.149510029175
05/10/2019 18:00,5776.967383786081
05/10/2019 19:00,6415.8081964254125
05/10/2019 20:00,6256.171277596495
05/10/2019 21:00,5850.634091772037
05/10/2019 22:00,5130.005004993193
05/10/2019 23:00,4367.54911367086
06/10/2019 00:00,3954.145038076056
06/10/2019 01:00,3651.5645407360216
06/10/2019 02:00,3553.15311166011
06/10/2019 03:00,3443.5852563760996
06/10/2019 04:00,3550.293040919915
06/10/2019 05:00,3982.5830327710055
06/10/2019 06:00,4904.263402489669
06/10/2019 07:00,5098.644284736974
06/10/2019 08:00,4504.489790395474
06/10/2019 09:00,4400.706028400574
06/10/2019 10:00,4366.363606202826
06/10/2019 11:00,4631.336654951485
06/10/2019 12:00,4549.6998241893225
06/10/2019 13:00,4384.36854015324
06/10/2019 14:00,5193.4564364808675
06/10/2019 15:00,5659.2043024013565
06/10/2019 16:00,5600.418700317202
06/10/2019 17:00,4808.877388730312
06/10/2019 18:00,6087.904506369916
06/10/2019 19:00,6321.279536032942
06/10/2019 20:00,6140.477757890065
06/10/2019 21:00,5810.0274393653835
06/10/2019 22:00,5172.759272295398
06/10/2019 23:00,4312.220236030384
07/10/2019 00:00,4738.624102971296
07/10/2019 01:00,4424.751751473244
07/10/2019 02:00,3928.18091441648
07/10/2019 03:00,3861.15289499272
07/10/2019 04:00,4322.112642623072
07/10/2019 05:00,4793.7870088546715
07/10/2019 06:00,5493.098203377375
07/10/2019 07:00,5842.9002750790605
07/10/2019 08:00,5309.976175159817
07/10/2019 09:00,4956.798388444148
07/10/2019 10:00,4966.62675572408
07/10/2019 11:00,5462.303584142138
07/10/2019 12:00,5584.691863947574
07/10/2019 13:00,5091.246860587622
07/10/2019 14:00,6405.685832244457
07/10/2019 15:00,7141.524487688834
07/10/2019 16:00,7254.26871251031
07/10/2019 17:00,5827.359361217454
07/10/2019 18:00,6646.057561138835
07/10/2019 19:00,7702.026595074195
07/10/2019 20:00,7504.84472751194
07/10/2019 21:00,6724.605799267795
07/10/2019 22:00,6305.606396484726
07/10/2019 23:00,5378.243220883217
08/10/2019 00:00,4679.4387742484
08/10/2019 01:00,4419.491283318829
08/10/2019 02:00,4106.664454456802
08/10/2019 03:00,3662.928896986814
08/10/2019 04:00,4110.512794665425
08/10/2019 05:00,4987.930921535953
08/10/2019 06:00,5742.419748905646
08/10/2019 07:00,6058.111235716797
08/10/2019 08:00,5182.303771618557
08/10/2019 09:00,5410.866793468689
08/10/2019 10:00,5282.686767050655
08/10/2019 11:00,5312.301823176511
08/10/2019 12:00,5373.641329062448
08/10/2019 13:00,5031.149477120516
08/10/2019 14:00,6320.490392894862
08/10/2019 15:00,6952.7092913886645
08/10/2019 16:00,7124.362367517108
08/10/2019 17:00,5835.534743725685
08/10/2019 18:00,7683.895158885461
08/10/2019 19:00,7362.725894716403
08/10/2019 20:00,6902.609499793598
08/10/2019 21:00,6661.5053687121435
08/10/2019 22:00,5710.138429382886
08/10/2019 23:00,5008.250609550757
09/10/2019 00:00,4462.788538281055
09/10/2019 01:00,4161.590944542579
09/10/2019 02:00,3949.5556839241317
09/10/2019 03:00,4020.5488647444017
09/10/2019 04:00,4109.630191442727
09/10/2019 05:00,4789.069119659671
09/10/2019 06:00,6042.876796338141
09/10/2019 07:00,5958.7859676407425
09/10/2019 08:00,5307.540383257892
09/10/2019 09:00,5192.356298657197
09/10/2019 10:00,4736.075665920427
09/10/2019 11:00,5066.567119129701
09/10/2019 12:00,5405.551831272035
09/10/2019 13:00,5211.809560349748
09/10/2019 14:00,6590.316504706822
09/10/2019 15:00,6880.479011298076
09/10/2019 16:00,7126.038692005902
09/10/2019 17:00,5744.1167719608075
09/10/2019 18:00,7124.970559165016
09/10/2019 19:00,7976.984506803135
09/10/2019 20:00,6812.3748476595365
09/10/2019 21:00,6824.645615768721
09/10/2019 22:00,6375.893070598707
09/10/2019 23:00,5287.361162339438
10/10/2019 00:00,4828.82858611503
10/10/2019 01:00,4199.20916000042
10/10/2019 02:00,4062.0908466619103
10/10/2019 03:00,3962.9817289026923
10/10/2019 04:00,3895.3797727750753
10/10/2019 05:00,4646.256712767039
10/10/2019 06:00,5691.346704734758
10/10/2019 07:00,6249.413430297611
10/10/2019 08:00,5489.9805734622905
10/10/2019 09:00,5185.927535092223
10/10/2019 10:00,5153.33240404862
10/10/2019 11:00,5430.127099643319
10/10/2019 12:00,5542.910032961097
10/10/2019 13:00,5137.35412324075
10/10/2019 14:00,6216.773128349914
10/10/2019 15:00,6793.43664942257
10/10/2019 16:00,7097.81059215884
10/10/2019 17:00,5704.989397128317
10/10/2019 18:00,7268.866751573182
10/10/2019 19:00,7338.971889339415
10/10/2019 20:00,7036.12855991793
10/10/2019 21:00,6880.0183126892325
10/10/2019 22:00,5976.083291986558
10/10/2019 23:00,5171.607419153274
11/10/2019 00:00,4723.8546688135875
11/10/2019 01:00,4202.027634431347
11/10/2019 02:00,4041.5794510004407
11/10/2019 03:00,4125.186303629952
11/10/2019 04:00,4365.685230272035
11/10/2019 05:00,5042.132921473549
11/10/2019 06:00,5835.190694082318
11/10/2019 07:00,6324.181710525008
11/10/2019 08:00,5197.693071143127
11/10/2019 09:00,4996.264405062825
11/10/2019 10:00,4674.386725514563
11/10/2019 11:00,5730.865253332809
11/10/2019 12:00,5211.331234223289
11/10/2019 13:00,5116.503860112573
11/10/2019 14:00,6036.515814019792
11/10/2019 15:00,6990.814748616944
11/10/2019 16:00,6876.624036691327
11/10/2019 17:00,5551.823040212353
11/10/2019 18:00,7155.570630848459
11/10/2019 19:00,7270.238590045501
11/10/2019 20:00,7093.211078278135
11/10/2019 21:00,6314.9238143491675
11/10/2019 22:00,5736.029289751358
11/10/2019 23:00,5271.0808531053335
12/10/2019 00:00,3680.3598270615553
12/10/2019 01:00,3476.347755614786
12/10/2019 02:00,3455.854383668602
12/10/2019 03:00,3310.270437608374
12/10/2019 04:00,3759.025606487384
12/10/2019 05:00,4317.920402662237
12/10/2019 06:00,4872.003045821091
12/10/2019 07:00,5270.798549533391
12/10/2019 08:00,4649.720872822279
12/10/2019 09:00,4287.349388922259
12/10/2019 10:00,4082.862501130238
12/10/2019 11:00,4636.738627734211
12/10/2019 12:00,4523.919528813485
12/10/2019 13:00,4308.528795360751
12/10/2019 14:00,5345.097971337634
12/10/2019 15:00,5689.704593106254
12/10/2019 16:00,5707.44035494297
12/10/2019 17:00,4927.372175768374
12/10/2019 18:00,6072.205880239895
12/10/2019 19:00,6229.506223210378
12/10/2019 20:00,6356.796075782063
12/10/2019 21:00,5425.512259581412
12/10/2019 22:00,5004.866575962084
12/10/2019 23:00,4422.055161740256
13/10/2019 00:00,3836.204734801256
13/10/2019 01:00,3576.329299916623
13/10/2019 02:00,3650.0986155491523
13/10/2019 03:00,3279.2494222331225
13/10/2019 04:00,3806.8240653208195
13/10/2019 05:00,4146.421518832328
13/10/2019 06:00,5016.064484318567
13/10/2019 07:00,5258.217042840441
13/10/2019 08:00,4892.645393191698
13/10/2019 09:00,4235.4711114611055
13/10/2019 10:00,4130.968166284557
13/10/2019 11:00,4533.407726715329
13/10/2019 12:00,4551.88512882464
13/10/2019 13:00,4139.579207325546
13/10/2019 14:00,5278.635251639887
13/10/2019 15:00,6116.53397462523
13/10/2019 16:00,5938.602479245781
13/10/2019 17:00,4868.176017160042
13/10/2019 18:00,5891.381048240603
13/10/2019 19:00,6631.512832196695
13/10/2019 20:00,6031.376638918959
13/10/2019 21:00,6047.237149969367
13/10/2019 22:00,5388.609636011763
13/10/2019 23:00,4490.876683153286
14/10/2019 00:00,4599.4105723927805
14/10/2019 01:00,4412.336719378216
14/10/2019 02:00,4199.543521301689
14/10/2019 03:00,3863.272362102073
14/10/2019 04:00,4107.0805628826165
14/10/2019 05:00,4623.986913059998
14/10/2019 06:00,5957.220414862878
14/10/2019 07:00,6220.972903836107
14/10/2019 08:00,5133.336935123266
14/10/2019 09:00,5065.862952745926
14/10/2019 10:00,4825.739801454502
14/10/2019 11:00,5309.857483064981
14/10/2019 12:00,5438.438238166321
14/10/2019 13:00,5022.985083166211
14/10/2019 14:00,6149.992223505907
14/10/2019 15:00,6513.685078610503
14/10/2019 16:00,6994.015507259051
14/10/2019 17:00,5770.325662738129
14/10/2019 18:00,6907.562693287974
14/10/2019 19:00,7553.921751415188
14/10/2019 20:00,7315.354766516292
14/10/2019 21:00,6576.209214246063
14/10/2019 22:00,5726.62704509024
14/10/2019 23:00,5526.998802517309
15/10/2019 00:00,4513.589368568842
15/10/2019 01:00,4267.576002750803
15/10/2019 02:00,4189.302230877777
15/10/2019 03:00,4378.145884627746
15/10/2019 04:00,4017.2027413384126
15/10/2019 05:00,4879.977541022795
15/10/2019 06:00,5760.081644031326
15/10/2019 07:00,6000.417537971599
15/10/2019 08:00,5234.40597062841
15/10/2019 09:00,4962.559082561285
15/10/2019 10:00,5022.770372247548
15/10/2019 11:00,5215.609165103333
15/10/2019 12:00,5501.962614425155
15/10/2019 13:00,5144.474852384023
15/10/2019 14:00,6284.6489432547905
15/10/2019 15:00,6752.226211561768
15/10/2019 16:00,6878.382899126718
15/10/2019 17:00,5827.846327321705
15/10/2019 18:00,6815.384233018502
15/10/2019 19:00,7515.410400092856
15/10/2019 20:00,7088.3635621906105
15/10/2019 21:00,6560.900269434179
15/10/2019 22:00,5612.735477865134
15/10/2019 23:00,5453.66267925931
16/10/2019 00:00,4506.237055902186
16/10/2019 01:00,4429.377485483
16/10/2019 02:00,4196.371287363675
16/10/2019 03:00,3806.261814857036
16/10/2019 04:00,4036.741797406117
16/10/2019 05:00,5184.864652478928
16/10/2019 06:00,6194.125975047238
16/10/2019 07:00,6093.233057616357
16/10/2019 08:00,5391.308383579984
16/10/2019 09:00,5038.799186233897
16/10/2019 10:00,5094.229053991405
16/10/2019 11:00,5339.590151032724
16/10/2019 12:00,5023.807220830109
16/10/2019 13:00,4932.374684414377
16/10/2019 14:00,6209.927047794823
16/10/2019 15:00,6615.633547138348
16/10/2019 16:00,6940.96255694579
16/10/2019 17:00,5591.718255424707
16/10/2019 18:00,6896.250497978728
16/10/2019 19:00,7791.444904984632
16/10/2019 20:00,7330.0200539388825
16/10/2019 21:00,6739.045564077802
16/10/2019 22:00,6150.00256379918
16/10/2019 23:00,5318.594925647604
17/10/2019 00:00,4800.669131091427
17/10/2019 01:00,4220.954070718736
17/10/2019 02:00,4013.593125319215
17/10/2019 03:00,3804.4672524307
17/10/2019 04:00,4119.295903992147
17/10/2019 05:00,4954.361011231988
17/10/2019 06:00,6114.51277057288
17/10/2019 07:00,6274.707036604817
17/10/2019 08:00,5062.0322054188155
17/10/2019 09:00,5302.891014366766
17/10/2019 10:00,4751.622695306943
17/10/2019 11:00,5604.03078713207
17/10/2019 12:00,5290.970583485346
17/10/2019 13:00,5244.2463330109285
17/10/2019 14:00,5957.92476658899
17/10/2019 15:00,7088.604678463152
17/10/2019 16:00,6649.333019225215
17/10/2019 17:00,5662.13002575271
17/10/2019 18:00,6850.543672160852
17/10/2019 19:00,7197.180939193224
17/10/2019 20:00,7296.633477453211
17/10/2019 21:00,7106.245402300168
17/10/2019 22:00,6471.402882764245
17/10/2019 23:00,5258.281633750796
18/10/2019 00:00,4755.13551639757
18/10/2019 01:00,4309.800951510025
18/10/2019 02:00,4126.853772097827
18/10/2019 03:00,3918.3630047056176
18/10/2019 04:00,4197.421680293655
18/10/2019 05:00,4892.638798880399
18/10/2019 06:00,5782.872934866884
18/10/2019 07:00,6084.82086794858
18/10/2019 08:00,5340.621965900903
18/10/2019 09:00,5263.332223134287
18/10/2019 10:00,4868.167726266532
18/10/2019 11:00,5448.562025028841
18/10/2019 12:00,5656.876877782957
18/10/2019 13:00,5315.358388310441
18/10/2019 14:00,6457.1901553221
18/10/2019 15:00,6853.019277246175
18/10/2019 16:00,7021.976141663088
18/10/2019 17:00,5951.7276171362855
18/10/2019 18:00,7392.5557364864235
18/10/2019 19:00,7152.210180124861
18/10/2019 20:00,6988.865471497159
18/10/2019 21:00,7005.808880626658
18/10/2019 22:00,5942.226369407
18/10/2019 23:00,5137.3450370575965
19/10/2019 00:00,3763.7049351202472
19/10/2019 01:00,3577.425477193476
19/10/2019 02:00,3310.6981455867676
19/10/2019 03:00,3576.255376756571
19/10/2019 04:00,3544.662546054669
19/10/2019 05:00,4085.634687606019
19/10/2019 06:00,5090.5011964507485
19/10/2019 07:00,5333.818251277598
19/10/2019 08:00,4676.542791757966
19/10/2019 09:00,4506.210118749686
19/10/2019 10:00,4193.750681989356
19/10/2019 11:00,4597.000791556435
19/10/2019 12:00,4652.415143593712
19/10/2019 13:00,4296.528909375182
19/10/2019 14:00,5274.291860161795
19/10/2019 15:00,5890.433723598919
19/10/2019 16:00,6051.00453731045
19/10/2019 17:00,4649.378264685337
19/10/2019 18:00,6131.412111377651
19/10/2019 19:00,6412.172157478761
19/10/2019 20:00,6315.860288758355
19/10/2019 21:00,5863.401061723179
19/10/2019 22:00,5338.882989678762
19/10/2019 23:00,4637.502015599189
20/10/2019 00:00,4068.837193601584
20/10/2019 01:00,3795.562178633803
20/10/2019 02:00,3486.311047282672
20/10/2019 03:00,3368.399229369261
20/10/2019 04:00,3639.927775046631
20/10/2019 05:00,4182.636729419325
20/10/2019 06:00,4955.869202518281
20/10/2019 07:00,5247.109958243201
20/10/2019 08:00,4542.711964518911
20/10/2019 09:00,4253.762114844802
20/10/2019 10:00,4440.138040243732
20/10/2019 11:00,4646.13116779541
20/10/2019 12:00,4826.995024056566
20/10/2019 13:00,4152.712528356468
20/10/2019 14:00,5186.988088861218
20/10/2019 15:00,5826.499524218307
20/10/2019 16:00,6113.467381117232
20/10/2019 17:00,4970.157417889834
20/10/2019 18:00,6058.610244045624
20/10/2019 19:00,6239.072512683137
20/10/2019 20:00,5969.943407040838
20/10/2019 21:00,5785.287099832863
20/10/2019 22:00,4884.77006056853
20/10/2019 23:00,4385.439806358443
21/10/2019 00:00,4670.1416189337215
21/10/2019 01:00,4153.869563439662
21/10/2019 02:00,4261.821320288893
21/10/2019 03:00,4104.366919605134
21/10/2019 04:00,3976.2739304080283
21/10/2019 05:00,4680.318973922362
21/10/2019 06:00,5481.446027484417
21/10/2019 07:00,5955.809258394568
21/10/2019 08:00,5473.00535048987
21/10/2019 09:00,5072.22706729429
21/10/2019 10:00,5098.5204801443415
21/10/2019 11:00,5207.778648754095
21/10/2019 12:00,5478.075028360396
21/10/2019 13:00,5050.4687701608
21/10/2019 14:00,6208.265751447431
21/10/2019 15:00,6828.919862433811
21/10/2019 16:00,6689.691401115825
21/10/2019 17:00,5578.124361936227
21/10/2019 18:00,7267.036936203066
21/10/2019 19:00,7687.934302616212
21/10/2019 20:00,7505.204704790282
21/10/2019 21:00,6806.655634965674
21/10/2019 22:00,6017.703996513305
21/10/2019 23:00,4971.515789789904
22/10/2019 00:00,4563.681284846056
22/10/2019 01:00,4276.483853260159
22/10/2019 02:00,4304.240016045289
22/10/2019 03:00,4040.58983919436
22/10/2019 04:00,4365.299499338215
22/10/2019 05:00,4901.3143216164935
22/10/2019 06:00,5759.41941528207
22/10/2019 07:00,6120.430217828938
22/10/2019 08:00,5387.91389522541
22/10/2019 09:00,4991.294909809733
22/10/2019 10:00,4971.007476493426
22/10/2019 11:00,5423.31388546511
22/10/2019 12:00,5607.701983126701
22/10/2019 13:00,4815.399499847758
22/10/2019 14:00,6430.499273568914
22/10/2019 15:00,6655.544786929944
22/10/2019 16:00,6668.715677576195
22/10/2019 17:00,5982.531168820867
22/10/2019 18:00,7217.059924947996
22/10/2019 19:00,7882.917357459696
22/10/2019 20:00,7450.777221110249
22/10/2019 21:00,7157.562454701354
22/10/2019 22:00,6092.43619692914
22/10/2019 23:00,5218.387673509588
23/10/2019 00:00,4648.3341278616645
23/10/2019 01:00,4439.661436079622
23/10/2019 02:00,3970.931797824771
23/10/2019 03:00,3881.575193052748
23/10/2019 04:00,4134.321295772488
23/10/2019 05:00,4510.993014718348
23/10/2019 06:00,5909.377743006117
23/10/2019 07:00,5753.895031038081
23/10/2019 08:00,5358.516019725685
23/10/2019 09:00,5269.32384562532
23/10/2019 10:00,4957.0536483826645
23/10/2019 11:00,5731.560639108293
23/10/2019 12:00,5115.589605643332
23/10/2019 13:00,5319.549445825833
23/10/2019 14:00,6331.697017161841
23/10/2019 15:00,6495.4581294670525
23/10/2019 16:00,7520.607230494807
23/10/2019 17:00,5766.950392210742
23/10/2019 18:00,6876.0962350661075
23/10/2019 19:00,7276.310757436774
23/10/2019 20:00,7227.974464922447
23/10/2019 21:00,6715.234508196579
23/10/2019 22:00,6010.451560210289
23/10/2019 23:00,5196.159642587533
24/10/2019 00:00,4688.404089555186
24/10/2019 01:00,4230.228329486039
24/10/2019 02:00,3829.973076979007
24/10/2019 03:00,3941.260335161692
24/10/2019 04:00,3876.6154725741994
24/10/2019 05:00,4866.102167632262
24/10/2019 06:00,5712.1045443436005
24/10/2019 07:00,6128.890044138943
24/10/2019 08:00,5560.9090345346995
24/10/2019 09:00,4989.8168010331065
24/10/2019 10:00,5189.111731721723
24/10/2019 11:00,5386.04979403781
24/10/2019 12:00,5631.387765731527
24/10/2019 13:00,5079.737285358419
24/10/2019 14:00,6049.517015958364
24/10/2019 15:00,6989.186267249208
24/10/2019 16:00,6864.072472914028
24/10/2019 17:00,5632.143141220878
24/10/2019 18:00,6960.764849229895
24/10/2019 19:00,7586.833725250172
24/10/2019 20:00,7568.971079048127
24/10/2019 21:00,6349.86943523571
24/10/2019 22:00,5996.148979252927
24/10/2019 23:00,5341.291086403135
25/10/2019 00:00,4627.701706806118
25/10/2019 01:00,4448.186687755266
25/10/2019 02:00,4056.931356676055
25/10/2019 03:00,3937.0808252115753
25/10/2019 04:00,4247.153735990601
25/10/2019 05:00,4829.345880569722
25/10/2019 06:00,5816.073337256583
25/10/2019 07:00,6193.43887492312
25/10/2019 08:00,5245.269208938728
25/10/2019 09:00,5041.829824416862
25/10/2019 10:00,4949.341541936222
25/10/2019 11:00,5678.510952210842
25/10/2019 12:00,4833.026874864293
25/10/2019 13:00,5196.953868460275
25/10/2019 14:00,6212.380726367797
25/10/2019 15:00,6502.68197285412
25/10/2019 16:00,7019.624492466727
25/10/2019 17:00,5860.466850264078
25/10/2019 18:00,7186.920967555378
25/10/2019 19:00,6992.621866151426
25/10/2019 20:00,7574.255480819586
25/10/2019 21:00,6591.807506211585
25/10/2019 22:00,6115.41741815635
25/10/2019 23:00,5359.563494963517
26/10/2019 00:00,3807.9910760811736
26/10/2019 01:00,3710.082599199648
26/10/2019 02:00,3416.130904302484
26/10/2019 03:00,3156.035152548506
26/10/2019 04:00,3671.311169908299
26/10/2019 05:00,3997.5880418284587
26/10/2019 06:00,4874.018302280557
26/10/2019 07:00,5121.463382406522
26/10/2019 08:00,4584.639895252789
26/10/2019 09:00,4358.099408835451
26/10/2019 10:00,4344.933828390985
26/10/2019 11:00,4452.0553664347535
26/10/2019 12:00,4446.219939413987
26/10/2019 13:00,4350.408095432193
26/10/2019 14:00,5575.446357725117
26/10/2019 15:00,5800.925599292036
26/10/2019 16:00,6104.21688151605
26/10/2019 17:00,4916.980680013513
26/10/2019 18:00,5915.602268911605
26/10/2019 19:00,6409.653681025065
26/10/2019 20:00,6153.351743469585
26/10/2019 21:00,5833.613986121525
26/10/2019 22:00,5303.235103240628
26/10/2019 23:00,4504.638070452695
27/10/2019 00:00,4050.1244821972155
27/10/2019 01:00,3532.702848035096
27/10/2019 02:00,3413.1098649546348
27/10/2019 03:00,3292.0283998103323
27/10/2019 04:00,3580.5105205818795
27/10/2019 05:00,4048.676192071709
27/10/2019 06:00,5111.7652002283785
27/10/2019 07:00,5039.356424299221
27/10/2019 08:00,4553.370500535356
27/10/2019 09:00,4455.556406889453
27/10/2019 10:00,4009.796604780179
27/10/2019 11:00,4933.682422124572
27/10/2019 12:00,4508.871004105263
27/10/2019 13:00,4100.384572585658
27/10/2019 14:00,5300.118833731472
27/10/2019 15:00,5826.640032151344
27/10/2019 16:00,5897.225827046869
27/10/2019 17:00,5057.341107387502
27/10/2019 18:00,6137.300637899555
27/10/2019 19:00,6515.1556182918075
27/10/2019 20:00,6268.120976011193
27/10/2019 21:00,5711.911252154615
27/10/2019 22:00,5364.487899800482
27/10/2019 23:00,4258.786669531631
28/10/2019 00:00,4620.27612059202
28/10/2019 01:00,4288.349162644639
28/10/2019 02:00,4165.20394393176
28/10/2019 03:00,3858.775474978245
28/10/2019 04:00,3954.7096269059775
28/10/2019 05:00,4837.653084675384
28/10/2019 06:00,5934.651243401195
28/10/2019 07:00,6371.5520039466355
28/10/2019 08:00,5146.106891564824
28/10/2019 09:00,5313.915215575713
28/10/2019 10:00,5386.171805100772
28/10/2019 11:00,5395.156110263695
28/10/2019 12:00,5142.803773771338
28/10/2019 13:00,5073.293389629192
28/10/2019 14:00,6208.607444825204
28/10/2019 15:00,6963.82458104142
28/10/2019 16:00,6831.605489619292
28/10/2019 17:00,6047.5781139091
28/10/2019 18:00,6825.875183742392
28/10/2019 19:00,7200.617753768297
28/10/2019 20:00,7517.572751413435
28/10/2019 21:00,6281.003388859171
28/10/2019 22:00,5955.3056327474405
28/10/2019 23:00,5733.380064813135
29/10/2019 00:00,4599.33762838494
29/10/2019 01:00,4136.093433650602
29/10/2019 02:00,4058.998657367287
29/10/2019 03:00,3952.9663903356577
29/10/2019 04:00,4193.111766032807
29/10/2019 05:00,4910.6638877729565
29/10/2019 06:00,5701.544923224676
29/10/2019 07:00,6407.770667666677
29/10/2019 08:00,5389.340842641805
29/10/2019 09:00,5247.98442666959
29/10/2019 10:00,4934.231100058866
29/10/2019 11:00,5667.593619647539
29/10/2019 12:00,5308.743088385503
29/10/2019 13:00,5178.765291279083
29/10/2019 14:00,6032.274310549304
29/10/2019 15:00,6643.190366671947
29/10/2019 16:00,7098.594037191394
29/10/2019 17:00,5701.105192051852
29/10/2019 18:00,6881.109040681323
29/10/2019 19:00,7450.412084518619
29/10/2019 20:00,7428.567476494478
29/10/2019 21:00,6613.7896733287935
29/10/2019 22:00,5970.850349495196
29/10/2019 23:00,5245.363714842658
30/10/2019 00:00,4336.348333263998
30/10/2019 01:00,4091.1073695500404
30/10/2019 02:00,4107.019176930418
30/10/2019 03:00,3871.4630227758944
30/10/2019 04:00,4305.291391643195
30/10/2019 05:00,4954.655286208991
30/10/2019 06:00,6011.969228045052
30/10/2019 07:00,6431.963643924586
30/10/2019 08:00,5336.664162897219
30/10/2019 09:00,5235.9797271432635
30/10/2019 10:00,4940.831424660957
30/10/2019 11:00,5858.477478435739
30/10/2019 12:00,5668.373201215981
30/10/2019 13:00,5137.830537350502
30/10/2019 14:00,6277.974624283749
30/10/2019 15:00,7127.254098813505
30/10/2019 16:00,6924.299342320537
30/10/2019 17:00,5664.180783567579
30/10/2019 18:00,7247.1634686483185
30/10/2019 19:00,7614.877088574929
30/10/2019 20:00,7315.944028468568
30/10/2019 21:00,6572.2853062913655
30/10/2019 22:00,5683.231254610196
30/10/2019 23:00,5280.142839649884
31/10/2019 00:00,4725.911910587445
31/10/2019 01:00,4251.006413418636
31/10/2019 02:00,4241.215672795791
31/10/2019 03:00,3875.395858030396
31/10/2019 04:00,4040.9615492828166
31/10/2019 05:00,4805.288582125519
31/10/2019 06:00,5870.41828082173
31/10/2019 07:00,6239.881178772405
31/10/2019 08:00,5225.61846673773
31/10/2019 09:00,5346.79596000844
31/10/2019 10:00,5325.7487621336195
31/10/2019 11:00,5450.591731345013
31/10/2019 12:00,5550.578522439583
31/10/2019 13:00,4973.21493135806
31/10/2019 14:00,6406.184746537248
31/10/2019 15:00,7063.1524653744555
31/10/2019 16:00,7135.156188511618
31/10/2019 17:00,5775.302294175223
31/10/2019 18:00,6436.112819308463
31/10/2019 19:00,7450.743966690243
31/10/2019 20:00,7139.375051659805
31/10/2019 21:00,6543.1675038760295
31/10/2019 22:00,6013.974402497382
31/10/2019 23:00,5177.101239653965
01/11/2019 00:00,3814.1019836483138
01/11/2019 01:00,3522.4425518202333
01/11/2019 02:00,3381.913467125935
01/11/2019 03:00,3478.3703921827037
01/11/2019 04:00,3476.709332399506
01/11/2019 05:00,4029.5245382773564
01/11/2019 06:00,4933.714530657499
01/11/2019 07:00,5236.871796738454
01/11/2019 08:00,4609.743836472505
01/11/2019 09:00,3966.847422368401
01/11/2019 10:00,4405.663989003645
01/11/2019 11:00,4838.325639253138
01/11/2019 12:00,4404.228301640434
01/11/2019 13:00,4238.260043483568
01/11/2019 14:00,5203.846050623924
01/11/2019 15:00,5688.78355410641
01/11/2019 16:00,5951.463990911615
01/11/2019 17:00,4624.5009108331715
01/11/2019 18:00,5801.382478417136
01/11/2019 19:00,6755.628668808084
01/11/2019 20:00,6012.379923698183
01/11/2019 21:00,5943.58972557864
01/11/2019 22:00,5147.49425493339
01/11/2019 23:00,4214.657238996551
02/11/2019 00:00,3387.581768169338
02/11/2019 01:00,3081.384122042871
02/11/2019 02:00,2897.5444378258294
02/11/2019 03:00,2881.397592733238
02/11/2019 04:00,3057.922991976982
02/11/2019 05:00,3552.685408949359
02/11/2019 06:00,4402.207340319497
02/11/2019 07:00,4460.481363701862
02/11/2019 08:00,3705.8547515217224
02/11/2019 09:00,3658.0324614469873
02/11/2019 10:00,3954.255289942078
02/11/2019 11:00,4028.3756467552043
02/11/2019 12:00,4140.120517011227
02/11/2019 13:00,3866.1036292458425
02/11/2019 14:00,4516.361017745424
02/11/2019 15:00,4992.417971930439
02/11/2019 16:00,5019.4730727060805
02/11/2019 17:00,3956.9655648499242
02/11/2019 18:00,5105.057472180971
02/11/2019 19:00,5688.188194927496
02/11/2019 20:00,5162.3423954447335
02/11/2019 21:00,4930.563436737694
02/11/2019 22:00,4439.821749631052
02/11/2019 23:00,3684.6895727736405
03/11/2019 00:00,3279.2155659210302
03/11/2019 01:00,2997.8693689399242
03/11/2019 02:00,2865.227092891379
03/11/2019 03:00,2749.88638453273
03/11/2019 04:00,2933.547139269261
03/11/2019 05:00,3626.9791695584263
03/11/2019 06:00,4135.136653296443
03/11/2019 07:00,4423.244880792583
03/11/2019 08:00,3807.0617107383737
03/11/2019 09:00,3841.994656935575
03/11/2019 10:00,3776.373877735004
03/11/2019 11:00,4044.885107920636
03/11/2019 12:00,3900.8747454459867
03/11/2019 13:00,3685.0378053921672
03/11/2019 14:00,4323.509914571978
03/11/2019 15:00,5236.158769236521
03/11/2019 16:00,4910.467077451184
03/11/2019 17:00,4257.718840756652
03/11/2019 18:00,5264.4814837010545
03/11/2019 19:00,5397.397250859096
03/11/2019 20:00,5420.6121530491755
03/11/2019 21:00,4982.032589090353
03/11/2019 22:00,4553.642067862343
03/11/2019 23:00,3734.730017128674
04/11/2019 00:00,3759.9853612406487
04/11/2019 01:00,3582.8308480907863
04/11/2019 02:00,3477.7545618505874
04/11/2019 03:00,3371.026836756508
04/11/2019 04:00,3505.1836833005805
04/11/2019 05:00,3858.333962993127
04/11/2019 06:00,5072.854207021604
04/11/2019 07:00,5490.89788893702
04/11/2019 08:00,4610.835475160931
04/11/2019 09:00,4445.3772606594
04/11/2019 10:00,4348.060099838676
04/11/2019 11:00,4693.700433777481
04/11/2019 12:00,4674.6025295299805
04/11/2019 13:00,4417.381300277524
04/11/2019 14:00,5225.61789987086
04/11/2019 15:00,5681.801232578632
04/11/2019 16:00,5867.593899801835
04/11/2019 17:00,4957.583525877545
04/11/2019 18:00,5945.779464278014
04/11/2019 19:00,6518.344789881611
04/11/2019 20:00,6266.079037506507
04/11/2019 21:00,5873.069794927904
04/11/2019 22:00,5289.20594005872
04/11/2019 23:00,4466.9793188246595
05/11/2019 00:00,3757.414460605768
05/11/2019 01:00,3600.335338873154
05/11/2019 02:00,3460.668539176418
05/11/2019 03:00,3179.8208831045204
05/11/2019 04:00,3694.819874580885
05/11/2019 05:00,4110.231516042816
05/11/2019 06:00,5059.478666503377
05/11/2019 07:00,5396.522820321165
05/11/2019 08:00,4461.53276439783
05/11/2019 09:00,4440.78112360402
05/11/2019 10:00,4260.561079785469
05/11/2019 11:00,4612.8336681507
05/11/2019 12:00,4442.153653493788
05/11/2019 13:00,4583.7407216900965
05/11/2019 14:00,5215.67599215792
05/11/2019 15:00,5942.943244649915
05/11/2019 16:00,5579.212752313384
05/11/2019 17:00,5085.158329975963
05/11/2019 18:00,6192.183237175904
05/11/2019 19:00,6476.325276866179
05/11/2019 20:00,6142.493548717701
05/11/2019 21:00,5798.608200964947
05/11/2019 22:00,5442.918057819864
05/11/2019 23:00,4220.81142468505
06/11/2019 00:00,4002.6017542608283
06/11/2019 01:00,3538.506087642923
06/11/2019 02:00,3454.034800916455
06/11/2019 03:00,3340.125386518473
06/11/2019 04:00,3501.472011710354
06/11/2019 05:00,4091.4650652920836
06/11/2019 06:00,4832.047771656025
06/11/2019 07:00,5344.212772738584
06/11/2019 08:00,4302.73397148473
06/11/2019 09:00,4436.291878716102
06/11/2019 10:00,4232.775205538893
06/11/2019 11:00,4475.511702789564
06/11/2019 12:00,4575.110151333927
06/11/2019 13:00,4161.689230076226
06/11/2019 14:00,5281.384831428597
06/11/2019 15:00,5572.331542850316
06/11/2019 16:00,5993.557757333978
06/11/2019 17:00,4775.106114820234
06/11/2019 18:00,5921.484546419345
06/11/2019 19:00,6514.394904255207
06/11/2019 20:00,6041.264081653015
06/11/2019 21:00,5719.886249295017
06/11/2019 22:00,4861.892754731791
06/11/2019 23:00,4540.895860136193
07/11/2019 00:00,4117.919394693147
07/11/2019 01:00,3942.7416758436934
07/11/2019 02:00,3465.5525869508165
07/11/2019 03:00,3444.7227549321096
07/11/2019 04:00,3357.5709512074045
07/11/2019 05:00,4277.259477419616
07/11/2019 06:00,5118.736671132685
07/11/2019 07:00,5108.886492940682
07/11/2019 08:00,4716.282390679427
07/11/2019 09:00,4332.271777193912
07/11/2019 10:00,4215.913079542805
07/11/2019 11:00,4704.594518545474
07/11/2019 12:00,4402.431862360649
07/11/2019 13:00,4499.400152143931
07/11/2019 14:00,5107.986444293141
07/11/2019 15:00,5637.435232381917
07/11/2019 16:00,5750.414241801311
07/11/2019 17:00,5023.203976027588
07/11/2019 18:00,5891.630476122169
07/11/2019 19:00,6196.311538667146
07/11/2019 20:00,6072.223344171912
07/11/2019 21:00,5724.342060670692
07/11/2019 22:00,4912.752128386016
07/11/2019 23:00,4302.5742666059905
08/11/2019 00:00,4158.5588980464
08/11/2019 01:00,3544.0778918277524
08/11/2019 02:00,3422.605998078508
08/11/2019 03:00,3328.075772202809
08/11/2019 04:00,3502.2127900499354
08/11/2019 05:00,4169.040506100257
08/11/2019 06:00,5144.535442219964
08/11/2019 07:00,5136.566590013264
08/11/2019 08:00,4378.8134497516385
08/11/2019 09:00,4532.510887760915
08/11/2019 10:00,4262.423506135482
08/11/2019 11:00,4879.230336663727
08/11/2019 12:00,4241.145943924673
08/11/2019 13:00,4391.191569085034
08/11/2019 14:00,5578.725208154911
08/11/2019 15:00,5759.111603613247
08/11/2019 16:00,5871.758177638044
08/11/2019 17:00,4954.840397127229
08/11/2019 18:00,5902.071490139378
08/11/2019 19:00,6396.994333070982
08/11/2019 20:00,6121.922463053915
08/11/2019 21:00,5621.999199145411
08/11/2019 22:00,5280.964365444444
08/11/2019 23:00,4518.19451914492
09/11/2019 00:00,3349.2168202487906
09/11/2019 01:00,3167.310323738189
09/11/2019 02:00,2914.38717502407
09/11/2019 03:00,2793.9420445270785
09/11/2019 04:00,2960.4852672380816
09/11/2019 05:00,3479.0235873077627
09/11/2019 06:00,4116.802234910687
09/11/2019 07:00,4340.395082196985
09/11/2019 08:00,3805.525469062786
09/11/2019 09:00,3947.2715482620083
09/11/2019 10:00,3331.0967551587923
09/11/2019 11:00,3921.436994032774
09/11/2019 12:00,4065.4886093320415
09/11/2019 13:00,3724.3240669117235
09/11/2019 14:00,4585.180989108111
09/11/2019 15:00,4962.497259880785
09/11/2019 16:00,4924.387243031634
09/11/2019 17:00,3893.831595906583
09/11/2019 18:00,5133.743865740606
09/11/2019 19:00,5361.1172578433125
09/11/2019 20:00,5130.691263999265
09/11/2019 21:00,4797.464885718866
09/11/2019 22:00,4555.836666963476
09/11/2019 23:00,4061.3581080977647
10/11/2019 00:00,3345.883925393315
10/11/2019 01:00,3049.1840094049326
10/11/2019 02:00,2833.9353883554954
10/11/2019 03:00,2900.5835520779824
10/11/2019 04:00,3176.2559103721323
10/11/2019 05:00,3453.023789590571
10/11/2019 06:00,3948.4540099061255
10/11/2019 07:00,4495.105269156631
10/11/2019 08:00,3979.643182289387
10/11/2019 09:00,3534.2192229444536
10/11/2019 10:00,3652.689906950218
10/11/2019 11:00,3996.053727520935
10/11/2019 12:00,3856.897385874916
10/11/2019 13:00,3622.7291671288444
10/11/2019 14:00,4620.4938464245115
10/11/2019 15:00,4887.80618295397
10/11/2019 16:00,4801.096242917796
10/11/2019 17:00,3917.932606942528
10/11/2019 18:00,5295.291786049346
10/11/2019 19:00,5590.375458269016
10/11/2019 20:00,5270.784070589163
10/11/2019 21:00,4806.04345548703
10/11/2019 22:00,4260.515484557905
10/11/2019 23:00,3665.818608904382
11/11/2019 00:00,3860.229250774189
11/11/2019 01:00,3406.6136813417843
11/11/2019 02:00,3379.782712217424
11/11/2019 03:00,3333.7594585055335
11/11/2019 04:00,3611.948250641603
11/11/2019 05:00,4087.84772901086
11/11/2019 06:00,5121.542124391521
11/11/2019 07:00,5393.973562655214
11/11/2019 08:00,4691.860855049953
11/11/2019 09:00,4427.221733691475
11/11/2019 10:00,4276.171264046804
11/11/2019 11:00,4501.969915871224
11/11/2019 12:00,4648.4468672094235
11/11/2019 13:00,4585.593155154788
11/11/2019 14:00,5329.239307092797
11/11/2019 15:00,6155.599461534764
11/11/2019 16:00,5641.186043646097
11/11/2019 17:00,4741.246721049967
11/11/2019 18:00,6156.705542716815
11/11/2019 19:00,6508.649224526624
11/11/2019 20:00,6428.35651747678
11/11/2019 21:00,5727.190494581457
11/11/2019 22:00,4960.5768273393605
11/11/2019 23:00,4427.993331093534
12/11/2019 00:00,3731.027086769387
12/11/2019 01:00,3514.8256139381897
12/11/2019 02:00,3556.925911036133
12/11/2019 03:00,3453.2618170340725
12/11/2019 04:00,3585.6778304526415
12/11/2019 05:00,3881.4317992826714
12/11/2019 06:00,4948.46527143172
12/11/2019 07:00,4993.63250481609
12/11/2019 08:00,4708.008549147996
12/11/2019 09:00,4289.151079611573
12/11/2019 10:00,4135.4142564432295
12/11/2019 11:00,4642.596240663224
12/11/2019 12:00,4460.166928226338
12/11/2019 13:00,4559.922972431559
12/11/2019 14:00,5158.813971032521
12/11/2019 15:00,5576.461164461158
12/11/2019 16:00,5529.925405696616
12/11/2019 17:00,4906.76394752091
12/11/2019 18:00,5901.50706316635
12/11/2019 19:00,6180.637598460426
12/11/2019 20:00,6405.246699168476
12/11/2019 21:00,5844.546438239922
12/11/2019 22:00,5088.888420969906
12/11/2019 23:00,4638.95564370379
13/11/2019 00:00,3988.5823713865093
13/11/2019 01:00,3548.1935069082783
13/11/2019 02:00,3348.3505357369454
13/11/2019 03:00,3447.7289178295678
13/11/2019 04:00,3589.228002388125
13/11/2019 05:00,4113.592055320857
13/11/2019 06:00,4875.21819096797
13/11/2019 07:00,5278.700741384786
13/11/2019 08:00,4444.43106486845
13/11/2019 09:00,4352.243011821175
13/11/2019 10:00,4460.205393860593
13/11/2019 11:00,4546.492603167193
13/11/2019 12:00,4332.904940603835
13/11/2019 13:00,4227.749999375155
13/11/2019 14:00,5432.450772219796
13/11/2019 15:00,5865.282170133882
13/11/2019 16:00,5888.893274696103
13/11/2019 17:00,4836.290627819199
13/11/2019 18:00,6090.104097512086
13/11/2019 19:00,6292.958436399195
13/11/2019 20:00,6241.31257827481
13/11/2019 21:00,5604.150630266612
13/11/2019 22:00,4956.041236567513
13/11/2019 23:00,4371.320161169918
14/11/2019 00:00,3866.8051336375456
14/11/2019 01:00,3632.6707117061956
14/11/2019 02:00,3480.5127632045055
14/11/2019 03:00,2992.792926186487
14/11/2019 04:00,3461.10669267433
14/11/2019 05:00,4044.672059255282
14/11/2019 06:00,5228.110897478856
14/11/2019 07:00,5016.183134332673
14/11/2019 08:00,4569.70952862428
14/11/2019 09:00,4561.401129605482
14/11/2019 10:00,4106.275572203826
14/11/2019 11:00,4693.273031592322
14/11/2019 12:00,4438.050065055483
14/11/2019 13:00,4299.509128039863
14/11/2019 14:00,5148.0053011943855
14/11/2019 15:00,5693.000149375185
14/11/2019 16:00,6394.487924211586
14/11/2019 17:00,5035.721283735167
14/11/2019 18:00,6201.102055888322
14/11/2019 19:00,6552.7607002471705
14/11/2019 20:00,5886.578327993478
14/11/2019 21:00,5797.74149778771
14/11/2019 22:00,5257.139353378265
14/11/2019 23:00,4342.45347721913
15/11/2019 00:00,4024.107433888013
15/11/2019 01:00,3714.871253943474
15/11/2019 02:00,3648.1250679664154
15/11/2019 03:00,3322.9729248631943
15/11/2019 04:00,3430.251568959566
15/11/2019 05:00,4048.348396660965
15/11/2019 06:00,5217.682550016582
15/11/2019 07:00,4899.788089584994
15/11/2019 08:00,4265.321843022321
15/11/2019 09:00,4377.307920891115
15/11/2019 10:00,4217.892570389288
15/11/2019 11:00,4639.5253633830225
15/11/2019 12:00,4676.464158390853
15/11/2019 13:00,4293.231097877506
15/11/2019 14:00,4978.691208237737
15/11/2019 15:00,6177.815547444484
15/11/2019 16:00,5734.889070152015
15/11/2019 17:00,4755.26252947986
15/11/2019 18:00,6201.4590037911785
15/11/2019 19:00,6382.965421759914
15/11/2019 20:00,6172.838773633164
15/11/2019 21:00,5812.839449770409
15/11/2019 22:00,5258.767163822795
15/11/2019 23:00,4411.967472434024
16/11/2019 00:00,3475.802259709413
16/11/2019 01:00,2894.1639838327205
16/11/2019 02:00,3004.645467075655
16/11/2019 03:00,2788.3365278724905
16/11/2019 04:00,3139.114131826146
16/11/2019 05:00,3493.6619897887094
16/11/2019 06:00,4166.078462225377
16/11/2019 07:00,4494.152325135896
16/11/2019 08:00,3968.9502372275865
16/11/2019 09:00,3782.2174510601667
16/11/2019 10:00,3521.2119287159394
16/11/2019 11:00,3885.432724709846
16/11/2019 12:00,3864.902708716352
16/11/2019 13:00,3706.1668599399673
16/11/2019 14:00,4584.687050115863
16/11/2019 15:00,4648.607404098551
16/11/2019 16:00,5075.387178101295
16/11/2019 17:00,4138.288271635861
16/11/2019 18:00,4973.946674925817
16/11/2019 19:00,5366.570933300738
16/11/2019 20:00,5223.075844180566
16/11/2019 21:00,4344.213724112422
16/11/2019 22:00,4238.138894930134
16/11/2019 23:00,3688.5381298021757
17/11/2019 00:00,3377.3551979615745
17/11/2019 01:00,3017.5720951901812
17/11/2019 02:00,2918.7269024783845
17/11/2019 03:00,2992.7223009361483
17/11/2019 04:00,3104.931371238213
17/11/2019 05:00,3573.003167439024
17/11/2019 06:00,4188.150084941921
17/11/2019 07:00,4478.314100162325
17/11/2019 08:00,3838.251918687151
17/11/2019 09:00,3688.930354726453
17/11/2019 10:00,3678.1096670934767
17/11/2019 11:00,3872.069814789618
17/11/2019 12:00,4038.5055062451142
17/11/2019 13:00,3692.933864495566
17/11/2019 14:00,4567.013802488446
17/11/2019 15:00,5163.735361376353
17/11/2019 16:00,5180.508919647043
17/11/2019 17:00,3998.154578079379
17/11/2019 18:00,5170.394703018884
17/11/2019 19:00,5628.916187820877
17/11/2019 20:00,5397.56330919481
17/11/2019 21:00,4707.707683666081
17/11/2019 22:00,4243.886497335995
17/11/2019 23:00,3901.0911118901054
18/11/2019 00:00,3821.4760836294736
18/11/2019 01:00,3605.2911723756565
18/11/2019 02:00,3619.4915315565922
18/11/2019 03:00,3360.3244505770285
18/11/2019 04:00,3469.7128738318934
18/11/2019 05:00,3984.9939468809803
18/11/2019 06:00,5052.1803579925245
18/11/2019 07:00,4976.812822555586
18/11/2019 08:00,4513.757191125431
18/11/2019 09:00,4409.2425367065725
18/11/2019 10:00,4441.252323412123
18/11/2019 11:00,4731.341651801766
18/11/2019 12:00,4450.083666279281
18/11/2019 13:00,4519.9352211826845
18/11/2019 14:00,5227.7008467629985
18/11/2019 15:00,5605.016595477644
18/11/2019 16:00,5881.23803483087
18/11/2019 17:00,5123.198411927607
18/11/2019 18:00,6032.456593455741
18/11/2019 19:00,6459.875779384491
18/11/2019 20:00,6488.364974134877
18/11/2019 21:00,5483.8065428881555
18/11/2019 22:00,4896.765597769193
18/11/2019 23:00,4240.5169822943835
19/11/2019 00:00,3954.571134802866
19/11/2019 01:00,3656.171059893345
19/11/2019 02:00,3616.0555347686686
19/11/2019 03:00,3389.7299046748044
19/11/2019 04:00,3504.043030424068
19/11/2019 05:00,4092.9703789791565
19/11/2019 06:00,5019.914058019889
19/11/2019 07:00,4924.150163846273
19/11/2019 08:00,4917.256994578388
19/11/2019 09:00,4433.686467498771
19/11/2019 10:00,4301.581360416662
19/11/2019 11:00,4724.0522214863095
19/11/2019 12:00,4644.281393026527
19/11/2019 13:00,4347.191991110717
19/11/2019 14:00,5175.2041964664995
19/11/2019 15:00,5925.478476648241
19/11/2019 16:00,5980.156781845354
19/11/2019 17:00,4791.971602690266
19/11/2019 18:00,6258.241351930627
19/11/2019 19:00,6514.279183208615
19/11/2019 20:00,6320.009224836411
19/11/2019 21:00,5969.114936948184
19/11/2019 22:00,5096.544524318702
19/11/2019 23:00,4498.925374001752
20/11/2019 00:00,4005.886850771349
20/11/2019 01:00,3558.8886613140626
20/11/2019 02:00,3461.7042385588616
20/11/2019 03:00,3377.8246947910734
20/11/2019 04:00,3445.314375427542
20/11/2019 05:00,4377.31523900535
20/11/2019 06:00,4791.060991168703
20/11/2019 07:00,4982.263039431006
20/11/2019 08:00,4726.793360590361
20/11/2019 09:00,4459.015054334322
20/11/2019 10:00,4143.080784788674
20/11/2019 11:00,4722.956391962953
20/11/2019 12:00,4747.751496958758
20/11/2019 13:00,4361.636507872638
20/11/2019 14:00,5686.371520405502
20/11/2019 15:00,5519.737430338981
20/11/2019 16:00,6034.8013241005465
20/11/2019 17:00,5083.1751185304665
20/11/2019 18:00,6163.214101144975
20/11/2019 19:00,6417.861493389161
20/11/2019 20:00,6130.712068310615
20/11/2019 21:00,5806.196556256628
20/11/2019 22:00,5217.844022542489
20/11/2019 23:00,4537.098589773925
21/11/2019 00:00,4032.87531206628
21/11/2019 01:00,3526.8005328857366
21/11/2019 02:00,3432.484021571524
21/11/2019 03:00,3270.2511615804124
21/11/2019 04:00,3505.9631603275093
21/11/2019 05:00,4217.401359149189
21/11/2019 06:00,5018.454877023433
21/11/2019 07:00,5589.580467919286
21/11/2019 08:00,4573.885463643857
21/11/2019 09:00,4373.417726215766
21/11/2019 10:00,4288.266844497553
21/11/2019 11:00,4549.696688058115
21/11/2019 12:00,4539.609640156387
21/11/2019 13:00,4513.304142334757
21/11/2019 14:00,5293.1362001432235
21/11/2019 15:00,5682.242888128829
21/11/2019 16:00,5747.683929846563
21/11/2019 17:00,4844.967703483847
21/11/2019 18:00,6016.0014011321455
21/11/2019 19:00,6688.675761205335
21/11/2019 20:00,5935.888418458154
21/11/2019 21:00,5674.873302049173
21/11/2019 22:00,5115.2499937296025
21/11/2019 23:00,4211.389956838131
22/11/2019 00:00,3813.0476646518246
22/11/2019 01:00,3563.7969647731925
22/11/2019 02:00,3373.5714037280586
22/11/2019 03:00,3384.5221130728883
22/11/2019 04:00,3529.9646111134994
22/11/2019 05:00,4024.5705841073886
22/11/2019 06:00,5066.4732814601875
22/11/2019 07:00,5452.130333924573
22/11/2019 08:00,4771.135570296493
22/11/2019 09:00,4113.77842655654
22/11/2019 10:00,4348.653448318925
22/11/2019 11:00,4613.677436106102
22/11/2019 12:00,4568.667067650406
22/11/2019 13:00,4313.437667662999
22/11/2019 14:00,5293.708753445539
22/11/2019 15:00,5847.23936513168
22/11/2019 16:00,5809.071458454775
22/11/2019 17:00,4779.230101870986
22/11/2019 18:00,5921.8984327782
22/11/2019 19:00,6502.83152461799
22/11/2019 20:00,6295.736583243414
22/11/2019 21:00,5876.5368491343725
22/11/2019 22:00,5017.689741235467
22/11/2019 23:00,4494.49902519239
23/11/2019 00:00,3420.209683174384
23/11/2019 01:00,3200.431072827625
23/11/2019 02:00,2932.5000282073192
23/11/2019 03:00,2841.4190559483964
23/11/2019 04:00,3032.2796439475487
23/11/2019 05:00,3358.848135877628
23/11/2019 06:00,4227.216178997276
23/11/2019 07:00,4504.958713229934
23/11/2019 08:00,3939.815991564203
23/11/2019 09:00,3680.673053532919
23/11/2019 10:00,3657.1845622610695
23/11/2019 11:00,3845.1424660415055
23/11/2019 12:00,3946.9528288733595
23/11/2019 13:00,3702.096699829266
23/11/2019 14:00,4446.71537667752
23/11/2019 15:00,4893.989186319124
23/11/2019 16:00,5015.506273150047
23/11/2019 17:00,4118.513632322365
23/11/2019 18:00,5203.036197656421
23/11/2019 19:00,5423.7431444480035
23/11/2019 20:00,5508.132066581418
23/11/2019 21:00,5084.456128286005
23/11/2019 22:00,4213.429362785562
23/11/2019 23:00,3795.988834329089
24/11/2019 00:00,3259.334678587407
24/11/2019 01:00,3061.9972322105555
24/11/2019 02:00,3114.1600340586433
24/11/2019 03:00,2833.9843891651653
24/11/2019 04:00,3047.574864002795
24/11/2019 05:00,3535.332564514336
24/11/2019 06:00,4124.27484389814
24/11/2019 07:00,4293.487448306708
24/11/2019 08:00,3725.5231382835505
24/11/2019 09:00,3612.1312571844437
24/11/2019 10:00,3322.7890292267857
24/11/2019 11:00,4007.09596504251
24/11/2019 12:00,4103.5818855743555
24/11/2019 13:00,3727.215818567615
24/11/2019 14:00,4293.3255235723545
24/11/2019 15:00,4852.272444375608
24/11/2019 16:00,4955.811987691299
24/11/2019 17:00,4047.164565033635
24/11/2019 18:00,5233.962167249113
24/11/2019 19:00,5622.253949950563
24/11/2019 20:00,5074.68681731686
24/11/2019 21:00,4976.314943374452
24/11/2019 22:00,4527.517237582359
24/11/2019 23:00,4004.2780671226533
25/11/2019 00:00,4247.0124332145715
25/11/2019 01:00,3539.5565222397695
25/11/2019 02:00,3748.9236464699334
25/11/2019 03:00,3329.3912711512894
25/11/2019 04:00,3484.004862194776
25/11/2019 05:00,4132.908763868439
25/11/2019 06:00,4914.901510745996
25/11/2019 07:00,5246.21114045198
25/11/2019 08:00,4367.408469662939
25/11/2019 09:00,4334.331049212956
25/11/2019 10:00,4439.512422943424
25/11/2019 11:00,4630.509721582835
25/11/2019 12:00,4566.817205205988
25/11/2019 13:00,4427.843668942616
25/11/2019 14:00,5460.360714824407
25/11/2019 15:00,5531.758039858632
25/11/2019 16:00,6015.416801903499
25/11/2019 17:00,4871.792647363258
25/11/2019 18:00,6032.708318825651
25/11/2019 19:00,6662.787256711961
25/11/2019 20:00,5963.032997070349
25/11/2019 21:00,5555.780977415919
25/11/2019 22:00,4797.474043875569
25/11/2019 23:00,4383.12937154248
26/11/2019 00:00,4066.9436400204168
26/11/2019 01:00,3624.839114250006
26/11/2019 02:00,3317.1518304438246
26/11/2019 03:00,3316.1185451807987
26/11/2019 04:00,3388.7244043390074
26/11/2019 05:00,3954.596837464194
26/11/2019 06:00,5060.599081816
26/11/2019 07:00,5001.583937862917
26/11/2019 08:00,4699.291135087361
26/11/2019 09:00,4356.285517750532
26/11/2019 10:00,4285.626622036494
26/11/2019 11:00,4599.713427251974
26/11/2019 12:00,4652.935766373327
26/11/2019 13:00,4468.168884182379
26/11/2019 14:00,5328.123356353157
26/11/2019 15:00,5919.425732830017
26/11/2019 16:00,5874.135366815438
26/11/2019 17:00,4991.187648834973
26/11/2019 18:00,5941.854632314901
26/11/2019 19:00,6457.882317655978
26/11/2019 20:00,6133.643148030075
26/11/2019 21:00,5651.256190574457
26/11/2019 22:00,4987.906473755301
26/11/2019 23:00,4519.078529970569
27/11/2019 00:00,4064.6174940237956
27/11/2019 01:00,3765.8140691880153
27/11/2019 02:00,3325.815536273169
27/11/2019 03:00,3495.300849453255
27/11/2019 04:00,3513.1942766050834
27/11/2019 05:00,4166.509501432113
27/11/2019 06:00,4866.256530658005
27/11/2019 07:00,5206.231355115297
27/11/2019 08:00,4590.299685226711
27/11/2019 09:00,4171.164279611867
27/11/2019 10:00,4352.653877278395
27/11/2019 11:00,4825.7415671132285
27/11/2019 12:00,4523.673654010384
27/11/2019 13:00,4543.738499758283
27/11/2019 14:00,5245.080435580676
27/11/2019 15:00,5969.157849149484
27/11/2019 16:00,5518.281070113658
27/11/2019 17:00,5267.6802992262665
27/11/2019 18:00,6272.003616261597
27/11/2019 19:00,6402.311351126713
27/11/2019 20:00,5818.702546174559
27/11/2019 21:00,5779.360780384056
27/11/2019 22:00,4872.573952109318
27/11/2019 23:00,4516.025360984055
28/11/2019 00:00,3959.137153783809
28/11/2019 01:00,3535.255258135119
28/11/2019 02:00,3572.3252239094095
28/11/2019 03:00,3446.4763913344455
28/11/2019 04:00,3650.8888250558816
28/11/2019 05:00,4093.8375710007263
28/11/2019 06:00,4789.825842088428
28/11/2019 07:00,5336.233096199501
28/11/2019 08:00,4510.6145818729
28/11/2019 09:00,4183.583274206342
28/11/2019 10:00,4448.034852272864
28/11/2019 11:00,4930.589904404246
28/11/2019 12:00,4541.8727240040125
28/11/2019 13:00,4648.375779376083
28/11/2019 14:00,5289.5508297469305
28/11/2019 15:00,5754.363268190856
28/11/2019 16:00,5799.93661700407
28/11/2019 17:00,5152.506084911242
28/11/2019 18:00,5862.210909695808
28/11/2019 19:00,6599.888944170939
28/11/2019 20:00,6080.853860370785
28/11/2019 21:00,5650.725338893898
28/11/2019 22:00,5250.618032239773
28/11/2019 23:00,4405.740403780076
29/11/2019 00:00,3863.3571797118243
29/11/2019 01:00,3761.634304649658
29/11/2019 02:00,3621.722943553097
29/11/2019 03:00,3430.2343367456583
29/11/2019 04:00,3477.374966021192
29/11/2019 05:00,4030.056211934995
29/11/2019 06:00,5014.242683841308
29/11/2019 07:00,5234.062487415956
29/11/2019 08:00,4412.730393209182
29/11/2019 09:00,4460.294832870894
29/11/2019 10:00,4285.616186636316
29/11/2019 11:00,4399.703182482389
29/11/2019 12:00,4420.771204630295
29/11/2019 13:00,4299.575275869189
29/11/2019 14:00,5263.570052167836
29/11/2019 15:00,6150.71342038609
29/11/2019 16:00,5953.990276572128
29/11/2019 17:00,4787.421510514227
29/11/2019 18:00,6042.431415870438
29/11/2019 19:00,6389.242329256118
29/11/2019 20:00,6244.854994246574
29/11/2019 21:00,5829.646972846829
29/11/2019 22:00,5277.965605973228
29/11/2019 23:00,4453.302980531653
30/11/2019 00:00,3487.670583873777
30/11/2019 01:00,3176.53635438082
30/11/2019 02:00,2875.337963823952
30/11/2019 03:00,3050.008142736633
30/11/2019 04:00,3044.5690801515143
30/11/2019 05:00,3391.6796267523746
30/11/2019 06:00,4462.753749918193
30/11/2019 07:00,4681.201022041815
30/11/2019 08:00,3861.5453491375
30/11/2019 09:00,3654.692242794259
30/11/2019 10:00,3614.6630133970775
30/11/2019 11:00,4027.2213082283643
30/11/2019 12:00,4013.556855038157
30/11/2019 13:00,3774.2682470362583
30/11/2019 14:00,4497.51830247374
30/11/2019 15:00,5170.0304862709945
30/11/2019 16:00,4977.827519001161
30/11/2019 17:00,4303.715430736296
30/11/2019 18:00,5058.201558728588
30/11/2019 19:00,5559.80688460529
30/11/2019 20:00,5239.000354525821
30/11/2019 21:00,4862.211871966282
30/11/2019 22:00,4280.206322226167
30/11/2019 23:00,3940.899435432788
01/12/2019 00:00,3251.1302231985123
01/12/2019 01:00,3023.6293941633085
01/12/2019 02:00,3124.609329504391
01/12/2019 03:00,2944.2878951710113
01/12/2019 04:00,2799.259502603797
01/12/2019 05:00,3419.844201024964
01/12/2019 06:00,4020.7798965725947
01/12/2019 07:00,4280.8501594641475
01/12/2019 08:00,3501.428916160168
01/12/2019 09:00,3695.509936640292
01/12/2019 10:00,3508.976759269413
01/12/2019 11:00,3949.7681222288793
01/12/2019 12:00,3676.923907418409
01/12/2019 13:00,3719.9899796482996
01/12/2019 14:00,4428.022516102829
01/12/2019 15:00,5170.6154794041295
01/12/2019 16:00,5237.74901764933
01/12/2019 17:00,4272.960230431643
01/12/2019 18:00,5052.300604200036
01/12/2019 19:00,5815.755113151025
01/12/2019 20:00,5011.984999527131
01/12/2019 21:00,4665.296899453063
01/12/2019 22:00,4318.338535848948
01/12/2019 23:00,4044.220955124967
02/12/2019 00:00,3887.1104865820134
02/12/2019 01:00,3618.000614156139
02/12/2019 02:00,3306.598408547259
02/12/2019 03:00,3460.645848316178
02/12/2019 04:00,3648.4789149875674
02/12/2019 05:00,4189.6346259158845
02/12/2019 06:00,4907.824426677478
02/12/2019 07:00,5074.239783202172
02/12/2019 08:00,4371.085796988502
02/12/2019 09:00,4376.584613810625
02/12/2019 10:00,4136.099104296989
02/12/2019 11:00,4474.608372336793
02/12/2019 12:00,4489.69799394546
02/12/2019 13:00,4301.536194048473
02/12/2019 14:00,5189.963283878339
02/12/2019 15:00,5902.252421278633
02/12/2019 16:00,5925.769325330858
02/12/2019 17:00,4868.843378620522
02/12/2019 18:00,6035.657151143259
02/12/2019 19:00,6265.367911252566
02/12/2019 20:00,6204.133185322953
02/12/2019 21:00,5755.737890808775
02/12/2019 22:00,4863.540452077614
02/12/2019 23:00,4589.670770031177
03/12/2019 00:00,3807.43534981739
03/12/2019 01:00,3647.8564114853903
03/12/2019 02:00,3576.8297024939184
03/12/2019 03:00,3458.601234236625
03/12/2019 04:00,3550.703467377692
03/12/2019 05:00,4048.2414661786324
03/12/2019 06:00,5144.440743340164
03/12/2019 07:00,5289.081599076196
03/12/2019 08:00,4463.139552140479
03/12/2019 09:00,4261.494368839482
03/12/2019 10:00,4008.8922076768954
03/12/2019 11:00,4659.884069881717
03/12/2019 12:00,4536.217960135865
03/12/2019 13:00,4514.404711954184
03/12/2019 14:00,5331.921545708548
03/12/2019 15:00,6053.788438803213
03/12/2019 16:00,5788.0707107684975
03/12/2019 17:00,5078.993931614438
03/12/2019 18:00,5907.452209534455
03/12/2019 19:00,6608.088630676614
03/12/2019 20:00,5913.94488536664
03/12/2019 21:00,5770.2686998521995
03/12/2019 22:00,4789.94762129883
03/12/2019 23:00,4420.834653110788
04/12/2019 00:00,3962.5147525087227
04/12/2019 01:00,3581.141492318638
04/12/2019 02:00,3347.187475337695
04/12/2019 03:00,3450.5694670085363
04/12/2019 04:00,3536.0403693382036
04/12/2019 05:00,4032.6392920309563
04/12/2019 06:00,5008.537216147819
04/12/2019 07:00,5594.216649966516
04/12/2019 08:00,4704.866626281447
04/12/2019 09:00,4517.859948175224
04/12/2019 10:00,4330.504242174421
04/12/2019 11:00,4661.617008377563
04/12/2019 12:00,4220.614473814523
04/12/2019 13:00,4276.675301984416
04/12/2019 14:00,5199.047657387468
04/12/2019 15:00,5493.398848207764
04/12/2019 16:00,5706.4794160658175
04/12/2019 17:00,4619.44553521073
04/12/2019 18:00,5995.798605343781
04/12/2019 19:00,6616.0642095537305
04/12/2019 20:00,6389.948730636521
04/12/2019 21:00,5801.149582501342
04/12/2019 22:00,4945.996892650223
04/12/2019 23:00,4198.239650533937
05/12/2019 00:00,3704.7245014083687
05/12/2019 01:00,3499.5032415184437
05/12/2019 02:00,3363.940359928567
05/12/2019 03:00,3349.0226702595087
05/12/2019 04:00,3439.131264302782
05/12/2019 05:00,4134.370307664323
05/12/2019 06:00,4967.39329611864
05/12/2019 07:00,5185.790116545667
05/12/2019 08:00,4703.058681648169
05/12/2019 09:00,4211.027410235246
05/12/2019 10:00,4328.344465767924
05/12/2019 11:00,4636.505576351255
05/12/2019 12:00,4502.004134118709
05/12/2019 13:00,4481.540249831172
05/12/2019 14:00,5414.20662700111
05/12/2019 15:00,5655.519991241317
05/12/2019 16:00,5879.443365051337
05/12/2019 17:00,4952.733448100254
05/12/2019 18:00,5953.536671809345
05/12/2019 19:00,6570.782380065456
05/12/2019 20:00,6236.771804619036
05/12/2019 21:00,6044.859030691617
05/12/2019 22:00,4859.379469146472
05/12/2019 23:00,4440.180736696737
06/12/2019 00:00,3804.259488585576
06/12/2019 01:00,3703.9322876866177
06/12/2019 02:00,3288.4267669244077
06/12/2019 03:00,3400.1118265043983
06/12/2019 04:00,3480.005601347576
06/12/2019 05:00,4002.6077706729966
06/12/2019 06:00,4785.177630840158
06/12/2019 07:00,5111.819296005061
06/12/2019 08:00,4695.45298484494
06/12/2019 09:00,4362.30108849551
06/12/2019 10:00,4355.143422948013
06/12/2019 11:00,4870.090735772984
06/12/2019 12:00,4583.482855659419
06/12/2019 13:00,4292.415137646139
06/12/2019 14:00,5349.044064809322
06/12/2019 15:00,5725.752829746014
06/12/2019 16:00,5822.289376060539
06/12/2019 17:00,4687.360514796938
06/12/2019 18:00,6169.501375251968
06/12/2019 19:00,6382.672230036175
06/12/2019 20:00,6218.386144332183
06/12/2019 21:00,5551.772806301196
06/12/2019 22:00,5159.811054030006
06/12/2019 23:00,4354.681123255673
07/12/2019 00:00,3310.090360366177
07/12/2019 01:00,3173.735043092022
07/12/2019 02:00,3007.3750531046744
07/12/2019 03:00,2858.4870702874755
07/12/2019 04:00,2855.0654459211596
07/12/2019 05:00,3791.1825492457006
07/12/2019 06:00,4474.609687368244
07/12/2019 07:00,4502.062094682838
07/12/2019 08:00,3778.032547981984
07/12/2019 09:00,3698.1146025012836
07/12/2019 10:00,3574.2177304263228
07/12/2019 11:00,4092.1719808078915
07/12/2019 12:00,3895.8151633517923
07/12/2019 13:00,3623.464683628579
07/12/2019 14:00,4420.511354303474
07/12/2019 15:00,5114.098404476908
07/12/2019 16:00,5266.201650371495
07/12/2019 17:00,4366.010417597626
07/12/2019 18:00,5218.173027610937
07/12/2019 19:00,5447.234032294235
07/12/2019 20:00,4745.699606694672
07/12/2019 21:00,4913.790900241646
07/12/2019 22:00,4328.982487019108
07/12/2019 23:00,3803.975348889704
08/12/2019 00:00,3329.5975032109427
08/12/2019 01:00,2969.2639854981385
08/12/2019 02:00,2986.8097226900013
08/12/2019 03:00,2914.6288195936895
08/12/2019 04:00,3076.70988931107
08/12/2019 05:00,3577.6271273000625
08/12/2019 06:00,4328.963742190634
08/12/2019 07:00,4352.323323667349
08/12/2019 08:00,3857.1606705695904
08/12/2019 09:00,3720.904275372274
08/12/2019 10:00,3645.1921249781512
08/12/2019 11:00,4060.7521585017225
08/12/2019 12:00,3940.0156331864296
08/12/2019 13:00,3942.0156882545575
08/12/2019 14:00,4780.638285152635
08/12/2019 15:00,4959.502419407218
08/12/2019 16:00,4446.613114815581
08/12/2019 17:00,4329.503609917718
08/12/2019 18:00,5019.580215224041
08/12/2019 19:00,5356.856170048794
08/12/2019 20:00,5194.072271483668
08/12/2019 21:00,4805.112959624337
08/12/2019 22:00,4408.739521219134
08/12/2019 23:00,3610.8500602026434
09/12/2019 00:00,3784.405874639627
09/12/2019 01:00,3675.452324605106
09/12/2019 02:00,3520.6887059053424
09/12/2019 03:00,3429.9165159936924
09/12/2019 04:00,3463.300289004289
09/12/2019 05:00,3972.6360979189676
09/12/2019 06:00,4926.220577080531
09/12/2019 07:00,5221.456089862706
09/12/2019 08:00,4750.156250103008
09/12/2019 09:00,4097.451246653975
09/12/2019 10:00,4246.343854572037
09/12/2019 11:00,4453.003130556799
09/12/2019 12:00,4322.092792742051
09/12/2019 13:00,4492.240377927519
09/12/2019 14:00,5361.288472788243
09/12/2019 15:00,5899.281878288775
09/12/2019 16:00,6075.096235240891
09/12/2019 17:00,4840.618697469375
09/12/2019 18:00,5924.790203421142
09/12/2019 19:00,6880.877385128655
09/12/2019 20:00,6138.851699734787
09/12/2019 21:00,5856.215902139489
09/12/2019 22:00,5094.17507393303
09/12/2019 23:00,4209.444303433372
10/12/2019 00:00,3670.962879814514
10/12/2019 01:00,3574.809662235759
10/12/2019 02:00,3565.599746076899
10/12/2019 03:00,3444.7315900498593
10/12/2019 04:00,3644.3183221608256
10/12/2019 05:00,3971.5580025347517
10/12/2019 06:00,5244.739944911431
10/12/2019 07:00,5034.085451935162
10/12/2019 08:00,4576.53456858855
10/12/2019 09:00,4364.244181295363
10/12/2019 10:00,4252.3525082197675
10/12/2019 11:00,4824.719781116318
10/12/2019 12:00,4451.305297286359
10/12/2019 13:00,4188.84489886992
10/12/2019 14:00,5278.2643456786245
10/12/2019 15:00,5750.98065635195
10/12/2019 16:00,6510.737304156604
10/12/2019 17:00,5010.97593507119
10/12/2019 18:00,5928.985539874055
10/12/2019 19:00,6252.856370426585
10/12/2019 20:00,5835.735048879888
10/12/2019 21:00,5553.619452647621
10/12/2019 22:00,5110.7626429577085
10/12/2019 23:00,4647.37884506794
11/12/2019 00:00,4042.452739475234
11/12/2019 01:00,3663.0034099258855
11/12/2019 02:00,3422.5930069169694
11/12/2019 03:00,3392.287817035411
11/12/2019 04:00,3491.86095273067
11/12/2019 05:00,4303.735027309878
11/12/2019 06:00,4973.8587024715025
11/12/2019 07:00,5170.722347765106
11/12/2019 08:00,4245.206425666555
11/12/2019 09:00,4340.004289020606
11/12/2019 10:00,4381.920307610554
11/12/2019 11:00,4489.872666376066
11/12/2019 12:00,4445.082978366818
11/12/2019 13:00,4469.419776570542
11/12/2019 14:00,5041.4145644065975
11/12/2019 15:00,6005.5174431410005
11/12/2019 16:00,5817.372950718075
11/12/2019 17:00,4854.048746961047
11/12/2019 18:00,5800.310852926578
11/12/2019 19:00,6530.686444732001
11/12/2019 20:00,6640.999728358381
11/12/2019 21:00,5864.185858725704
11/12/2019 22:00,4961.140669116534
11/12/2019 23:00,4608.378497608161
12/12/2019 00:00,3873.695413933491
12/12/2019 01:00,3788.011290873004
12/12/2019 02:00,3539.7386294056078
12/12/2019 03:00,3068.026614828584
12/12/2019 04:00,3440.204380137806
12/12/2019 05:00,4208.703978622786
12/12/2019 06:00,5025.008827687622
12/12/2019 07:00,5024.93086811071
12/12/2019 08:00,4461.062550348756
12/12/2019 09:00,4115.944002340133
12/12/2019 10:00,4263.317053794259
12/12/2019 11:00,4946.075212789134
12/12/2019 12:00,4657.313037830658
12/12/2019 13:00,4652.4745338116445
12/12/2019 14:00,5414.741986650533
12/12/2019 15:00,6000.222552853621
12/12/2019 16:00,6261.8577904683
12/12/2019 17:00,4966.885591368225
12/12/2019 18:00,5968.983916715719
12/12/2019 19:00,6657.500028421324
12/12/2019 20:00,6454.34260991512
12/12/2019 21:00,5647.346237758663
12/12/2019 22:00,4982.947130494773
12/12/2019 23:00,4475.114565539896
13/12/2019 00:00,4008.406020312191
13/12/2019 01:00,3725.1036570509227
13/12/2019 02:00,3308.438030709749
13/12/2019 03:00,3558.1352346973445
13/12/2019 04:00,3478.8226781154867
13/12/2019 05:00,4060.204657019528
13/12/2019 06:00,4866.790916832528
13/12/2019 07:00,5603.806243044697
13/12/2019 08:00,4580.524491194035
13/12/2019 09:00,4254.149495633296
13/12/2019 10:00,4385.439124085408
13/12/2019 11:00,4745.477935666218
13/12/2019 12:00,4521.889340808115
13/12/2019 13:00,4475.692579959813
13/12/2019 14:00,5144.495071322633
13/12/2019 15:00,5734.724639155262
13/12/2019 16:00,5555.233050771072
13/12/2019 17:00,4716.230371202174
13/12/2019 18:00,6328.219963115983
13/12/2019 19:00,6775.433298762563
13/12/2019 20:00,6196.80629429303
13/12/2019 21:00,6015.70043258042
13/12/2019 22:00,5068.741258744198
13/12/2019 23:00,4424.00689448273
14/12/2019 00:00,3329.8581190735636
14/12/2019 01:00,3080.711148523428
14/12/2019 02:00,2918.719629646663
14/12/2019 03:00,2958.494006576995
14/12/2019 04:00,3028.572236119816
14/12/2019 05:00,3553.195748405355
14/12/2019 06:00,4383.472692430497
14/12/2019 07:00,4457.844041509858
14/12/2019 08:00,3752.8611242085235
14/12/2019 09:00,3560.1551812160333
14/12/2019 10:00,3649.6701210847655
14/12/2019 11:00,3922.426222918562
14/12/2019 12:00,3875.5090193368633
14/12/2019 13:00,3708.972819399537
14/12/2019 14:00,4831.364540075988
14/12/2019 15:00,4750.233984784654
14/12/2019 16:00,4725.003846054316
14/12/2019 17:00,4216.231259732855
14/12/2019 18:00,5044.676432455122
14/12/2019 19:00,5540.877807867385
14/12/2019 20:00,5348.992614960249
14/12/2019 21:00,5057.994545835605
14/12/2019 22:00,4133.4666350163225
14/12/2019 23:00,3724.8009507337692
15/12/2019 00:00,3366.981434716992
15/12/2019 01:00,3163.7751373083083
15/12/2019 02:00,3130.9949152641684
15/12/2019 03:00,2942.3877240690426
15/12/2019 04:00,3009.8559842795203
15/12/2019 05:00,3385.9070613396702
15/12/2019 06:00,4179.933167648024
15/12/2019 07:00,4328.174661339355
15/12/2019 08:00,3941.3567106044916
15/12/2019 09:00,3739.3696752354613
15/12/2019 10:00,3489.169964730986
15/12/2019 11:00,3891.1238671827855
15/12/2019 12:00,3967.1365112326685
15/12/2019 13:00,3749.9080380103055
15/12/2019 14:00,4560.326258955188
15/12/2019 15:00,5004.517222592484
15/12/2019 16:00,5270.17132333076
15/12/2019 17:00,4204.166596633697
15/12/2019 18:00,5043.20693425615
15/12/2019 19:00,5338.039719045618
15/12/2019 20:00,5296.275233708715
15/12/2019 21:00,4513.758368573995
15/12/2019 22:00,4305.285171024573
15/12/2019 23:00,3764.675441492822
16/12/2019 00:00,3750.7627748639256
16/12/2019 01:00,3536.6890663690847
16/12/2019 02:00,3540.04772169836
16/12/2019 03:00,3388.4413892719886
16/12/2019 04:00,3557.8814492722972
16/12/2019 05:00,4130.364116085008
16/12/2019 06:00,5016.150390554525
16/12/2019 07:00,5377.445578657257
16/12/2019 08:00,4564.338826113921
16/12/2019 09:00,4174.620744909385
16/12/2019 10:00,4483.697051630511
16/12/2019 11:00,4689.984144389744
16/12/2019 12:00,4467.111059776284
16/12/2019 13:00,4201.444483758338
16/12/2019 14:00,5337.754613209273
16/12/2019 15:00,5800.338955803355
16/12/2019 16:00,6190.928867869813
16/12/2019 17:00,4860.33436717383
16/12/2019 18:00,5851.903630013192
16/12/2019 19:00,6630.986778683428
16/12/2019 20:00,6356.274951810896
16/12/2019 21:00,5758.840411161038
16/12/2019 22:00,5196.544651456536
16/12/2019 23:00,4451.511363861685
17/12/2019 00:00,3938.2883399084603
17/12/2019 01:00,3765.1471049230263
17/12/2019 02:00,3520.934880826351
17/12/2019 03:00,3348.060983715349
17/12/2019 04:00,3690.9569270558204
17/12/2019 05:00,3802.3871451902264
17/12/2019 06:00,5310.199511661811
17/12/2019 07:00,4918.831564746666
17/12/2019 08:00,4461.94886138044
17/12/2019 09:00,4360.241112250572
17/12/2019 10:00,4255.865392026156
17/12/2019 11:00,4778.495618658335
17/12/2019 12:00,4403.184639306099
17/12/2019 13:00,4399.752108552121
17/12/2019 14:00,5183.596200820429
17/12/2019 15:00,5872.338698375817
17/12/2019 16:00,5900.2624777941965
17/12/2019 17:00,4924.993046130658
17/12/2019 18:00,5903.6689862449875
17/12/2019 19:00,6358.638626363561
17/12/2019 20:00,6237.89996770762
17/12/2019 21:00,5892.070448719687
17/12/2019 22:00,5001.785310851906
17/12/2019 23:00,4340.398819977008
18/12/2019 00:00,3982.824520667531
18/12/2019 01:00,3634.452525111684
18/12/2019 02:00,3542.2085380260655
18/12/2019 03:00,3273.7056952227226
18/12/2019 04:00,3357.6972347873043
18/12/2019 05:00,4027.306426323158
18/12/2019 06:00,4887.245379809122
18/12/2019 07:00,5171.896473471711
18/12/2019 08:00,4460.618391643162
18/12/2019 09:00,4462.649508082632
18/12/2019 10:00,4237.697754422067
18/12/2019 11:00,4659.389053165134
18/12/2019 12:00,4569.005294635305
18/12/2019 13:00,4391.132878543039
18/12/2019 14:00,5271.281495883169
18/12/2019 15:00,5909.9631349622105
18/12/2019 16:00,5770.638572878158
18/12/2019 17:00,5117.488837895257
18/12/2019 18:00,5960.10411146561
18/12/2019 19:00,6203.372110584284
18/12/2019 20:00,6219.494754509539
18/12/2019 21:00,5583.535905379448
18/12/2019 22:00,5194.860455534818
18/12/2019 23:00,4751.96653189735
19/12/2019 00:00,3818.565036071929
19/12/2019 01:00,3674.2751164480655
19/12/2019 02:00,3274.083914046338
19/12/2019 03:00,3410.9737754856365
19/12/2019 04:00,3452.799865992615
19/12/2019 05:00,4016.0312434620682
19/12/2019 06:00,4836.982689685961
19/12/2019 07:00,5298.01745335655
19/12/2019 08:00,4684.92149696829
19/12/2019 09:00,4368.662714793395
19/12/2019 10:00,4163.7963515210995
19/12/2019 11:00,4859.637693804479
19/12/2019 12:00,4445.125298321071
19/12/2019 13:00,4082.442953743103
19/12/2019 14:00,5347.641435992736
19/12/2019 15:00,5627.879827390024
19/12/2019 16:00,6087.082241049062
19/12/2019 17:00,4855.143552909835
19/12/2019 18:00,6111.417284070439
19/12/2019 19:00,6728.953552385297
19/12/2019 20:00,5960.310743976
19/12/2019 21:00,5632.567953916684
19/12/2019 22:00,5081.637762782291
19/12/2019 23:00,4662.115229925274
20/12/2019 00:00,3833.6049184262783
20/12/2019 01:00,3573.1158666241254
20/12/2019 02:00,3505.675049295353
20/12/2019 03:00,3306.8761626102523
20/12/2019 04:00,3563.2805079879595
20/12/2019 05:00,3902.248356609981
20/12/2019 06:00,5334.548958654613
20/12/2019 07:00,4974.548195810745
20/12/2019 08:00,4503.604887358136
20/12/2019 09:00,4361.346023697832
20/12/2019 10:00,4519.932170005848
20/12/2019 11:00,4454.093072622975
20/12/2019 12:00,4818.126836682688
20/12/2019 13:00,4464.765933906089
20/12/2019 14:00,5341.106586375951
20/12/2019 15:00,5648.859327038177
20/12/2019 16:00,6013.043327128557
20/12/2019 17:00,4804.70220453929
20/12/2019 18:00,6230.801625137223
20/12/2019 19:00,6269.332465004149
20/12/2019 20:00,6163.604799255606
20/12/2019 21:00,5634.401054899431
20/12/2019 22:00,4942.310441433005
20/12/2019 23:00,4555.661864901229
21/12/2019 00:00,3377.6220204788274
21/12/2019 01:00,3204.4586671418465
21/12/2019 02:00,2780.823627782305
21/12/2019 03:00,2951.695397994066
21/12/2019 04:00,3241.6097897635273
21/12/2019 05:00,3431.701921272912
21/12/2019 06:00,4493.652682195513
21/12/2019 07:00,4371.738678532001
21/12/2019 08:00,3706.2286513202193
21/12/2019 09:00,3676.736140740436
21/12/2019 10:00,3747.7104798057885
21/12/2019 11:00,3843.542587535997
21/12/2019 12:00,3795.758978678284
21/12/2019 13:00,3776.8344715132876
21/12/2019 14:00,4484.246631756094
21/12/2019 15:00,5034.455818686789
21/12/2019 16:00,5060.840214083241
21/12/2019 17:00,4234.672387713798
21/12/2019 18:00,5036.123154634498
21/12/2019 19:00,5526.990469776161
21/12/2019 20:00,5110.656507178808
21/12/2019 21:00,5058.6270504934755
21/12/2019 22:00,4246.8425563138035
21/12/2019 23:00,3916.3520144012755
22/12/2019 00:00,3300.925654524324
22/12/2019 01:00,3111.0392462289456
22/12/2019 02:00,2894.0635018994994
22/12/2019 03:00,2773.1935858575252
22/12/2019 04:00,2857.1793155121877
22/12/2019 05:00,3368.6984622729783
22/12/2019 06:00,4210.595536944516
22/12/2019 07:00,4434.537042845606
22/12/2019 08:00,3982.539848142469
22/12/2019 09:00,3661.137031454527
22/12/2019 10:00,3537.315623685145
22/12/2019 11:00,3772.0375098220757
22/12/2019 12:00,3921.0437772116825
22/12/2019 13:00,3864.7410863911045
22/12/2019 14:00,4654.175479310653
22/12/2019 15:00,5053.055601780594
22/12/2019 16:00,5121.247665624346
22/12/2019 17:00,4387.212261566806
22/12/2019 18:00,5153.126327405391
22/12/2019 19:00,5595.227426949277
22/12/2019 20:00,5206.320043263747
22/12/2019 21:00,4671.36274268345
22/12/2019 22:00,4240.404029889376
22/12/2019 23:00,3787.026648313869
23/12/2019 00:00,3917.981674221401
23/12/2019 01:00,3848.2348381989173
23/12/2019 02:00,3464.5270605673445
23/12/2019 03:00,3484.1595504698867
23/12/2019 04:00,3500.7527781080016
23/12/2019 05:00,4054.48165555603
23/12/2019 06:00,4802.80914640097
23/12/2019 07:00,5068.699806961377
23/12/2019 08:00,4619.393436316801
23/12/2019 09:00,4366.5901417058585
23/12/2019 10:00,4395.571977146311
23/12/2019 11:00,4663.672121301032
23/12/2019 12:00,4499.416499661322
23/12/2019 13:00,4646.95814365645
23/12/2019 14:00,5260.239478540454
23/12/2019 15:00,6023.887881333819
23/12/2019 16:00,5840.594544196285
23/12/2019 17:00,5015.8516776928955
23/12/2019 18:00,6169.817987915695
23/12/2019 19:00,6497.8397942617985
23/12/2019 20:00,5747.753947488717
23/12/2019 21:00,5732.987515885092
23/12/2019 22:00,5281.209373457533
23/12/2019 23:00,4527.072341192892
24/12/2019 00:00,3963.1582689557085
24/12/2019 01:00,3450.0328782278766
24/12/2019 02:00,3381.4010569071975
24/12/2019 03:00,3406.6784039740783
24/12/2019 04:00,3590.719500057808
24/12/2019 05:00,4241.889823931669
24/12/2019 06:00,4980.510208222114
24/12/2019 07:00,5247.265588167901
24/12/2019 08:00,4549.733855955476
24/12/2019 09:00,4236.342083685863
24/12/2019 10:00,3985.368447596075
24/12/2019 11:00,4698.4265071938225
24/12/2019 12:00,4571.230747907717
24/12/2019 13:00,4284.638851086224
24/12/2019 14:00,5018.861006287194
24/12/2019 15:00,5930.767632964112
24/12/2019 16:00,5864.588410041233
24/12/2019 17:00,4993.349364719001
24/12/2019 18:00,6338.379723405079
24/12/2019 19:00,6042.604514856385
24/12/2019 20:00,6054.79746515498
24/12/2019 21:00,5693.859274261941
24/12/2019 22:00,5315.491620104912
24/12/2019 23:00,4237.76864374266
25/12/2019 00:00,4137.97586276849
25/12/2019 01:00,3652.827313096945
25/12/2019 02:00,3446.146363389448
25/12/2019 03:00,3345.154975634117
25/12/2019 04:00,3500.6265963511746
25/12/2019 05:00,4221.440395994965
25/12/2019 06:00,4841.899761736733
25/12/2019 07:00,5237.870367893069
25/12/2019 08:00,4495.088016255926
25/12/2019 09:00,4265.784906515005
25/12/2019 10:00,4606.274163542114
25/12/2019 11:00,4696.762376418515
25/12/2019 12:00,4631.164751930397
25/12/2019 13:00,4514.612349410613
25/12/2019 14:00,5050.167107103503
25/12/2019 15:00,6126.792222338527
25/12/2019 16:00,5466.780172000952
25/12/2019 17:00,4798.030725911334
25/12/2019 18:00,5920.03711726227
25/12/2019 19:00,6570.143486293863
25/12/2019 20:00,6225.180549663359
25/12/2019 21:00,5701.175296740279
25/12/2019 22:00,5091.366853730262
25/12/2019 23:00,4325.791744835616
26/12/2019 00:00,3735.1864607009475
26/12/2019 01:00,3717.2914784617574
26/12/2019 02:00,3528.0255308660894
26/12/2019 03:00,3525.1118373967934
26/12/2019 04:00,3462.983095702248
26/12/2019 05:00,4177.815583558772
26/12/2019 06:00,4959.674840541126
26/12/2019 07:00,5369.298026834724
26/12/2019 08:00,4686.921271808315
26/12/2019 09:00,4393.261672597628
26/12/2019 10:00,4231.108822474232
26/12/2019 11:00,4772.167075915965
26/12/2019 12:00,4635.753949585277
26/12/2019 13:00,4275.960209419576
26/12/2019 14:00,5064.971876525859
26/12/2019 15:00,5770.415230751342
26/12/2019 16:00,6180.512428686543
26/12/2019 17:00,5080.2222714805675
26/12/2019 18:00,5802.390956934251
26/12/2019 19:00,6231.2279462409115
26/12/2019 20:00,6421.102292101832
26/12/2019 21:00,5534.6392983337
26/12/2019 22:00,5171.018288271203
26/12/2019 23:00,4374.183434758787
27/12/2019 00:00,4100.570604291968
27/12/2019 01:00,3553.915837422092
27/12/2019 02:00,3574.6471535363307
27/12/2019 03:00,3383.812312991337
27/12/2019 04:00,3573.8864327313518
27/12/2019 05:00,3850.8305866102214
27/12/2019 06:00,4671.664300367801
27/12/2019 07:00,5149.846592422896
27/12/2019 08:00,4581.184159701611
27/12/2019 09:00,4218.235090896846
27/12/2019 10:00,4135.036501387219
27/12/2019 11:00,4716.58088159451
27/12/2019 12:00,4624.287422496363
27/12/2019 13:00,4347.560328803113
27/12/2019 14:00,5398.56926298286
27/12/2019 15:00,5615.756098312166
27/12/2019 16:00,5848.624052617333
27/12/2019 17:00,5154.096638558561
27/12/2019 18:00,6015.003517481693
27/12/2019 19:00,6481.919702419594
27/12/2019 20:00,6612.440717667281
27/12/2019 21:00,5489.309378730342
27/12/2019 22:00,5214.891374301448
27/12/2019 23:00,4679.019141658364
28/12/2019 00:00,3291.8254991429058
28/12/2019 01:00,3172.047088465737
28/12/2019 02:00,2851.1390816000794
28/12/2019 03:00,2801.4480832159416
28/12/2019 04:00,3049.8126257140643
28/12/2019 05:00,3562.1800106600213
28/12/2019 06:00,4394.896219064195
28/12/2019 07:00,4614.02584599405
28/12/2019 08:00,3857.553812761743
28/12/2019 09:00,3843.636202698726
28/12/2019 10:00,3596.140048324227
28/12/2019 11:00,4049.382288828034
28/12/2019 12:00,3889.4356603599363
28/12/2019 13:00,3760.3741125144984
28/12/2019 14:00,4540.803182849468
28/12/2019 15:00,4709.492993513707
28/12/2019 16:00,4855.526551322436
28/12/2019 17:00,4187.447100221083
28/12/2019 18:00,4844.025131650268
28/12/2019 19:00,5625.70385552811
28/12/2019 20:00,5394.360738242192
28/12/2019 21:00,4918.175773906372
28/12/2019 22:00,4183.610926278644
28/12/2019 23:00,3944.9092837943695
29/12/2019 00:00,3527.3867433737346
29/12/2019 01:00,3105.9441702053355
29/12/2019 02:00,2982.6787636973654
29/12/2019 03:00,2877.6889612717664
29/12/2019 04:00,3062.964273811874
29/12/2019 05:00,3466.359735419842
29/12/2019 06:00,4247.503576296654
29/12/2019 07:00,4526.2595854147685
29/12/2019 08:00,4137.376509843713
29/12/2019 09:00,3554.9001499869414
29/12/2019 10:00,3622.1365680704444
29/12/2019 11:00,3803.0570730880186
29/12/2019 12:00,4049.988197270006
29/12/2019 13:00,3645.331363588994
29/12/2019 14:00,4289.702773063864
29/12/2019 15:00,5042.406351513893
29/12/2019 16:00,5287.941746430856
29/12/2019 17:00,4257.712769402493
29/12/2019 18:00,5133.643175557984
29/12/2019 19:00,5556.203679820386
29/12/2019 20:00,5480.040700864428
29/12/2019 21:00,4742.64221747409
29/12/2019 22:00,4314.693678401423
29/12/2019 23:00,3736.622874825826
30/12/2019 00:00,3773.829618889346
30/12/2019 01:00,3602.16112418725
30/12/2019 02:00,3570.9518463947484
30/12/2019 03:00,3422.3510365899133
30/12/2019 04:00,3615.612046782264
30/12/2019 05:00,4110.734641787823
30/12/2019 06:00,5080.783891764623
30/12/2019 07:00,5059.6385873014815
30/12/2019 08:00,4505.275113812378
30/12/2019 09:00,4390.7464109073135
30/12/2019 10:00,4310.238494985084
30/12/2019 11:00,4683.005260669871
30/12/2019 12:00,4528.627609150915
30/12/2019 13:00,4316.169612000763
30/12/2019 14:00,5774.8267788556095
30/12/2019 15:00,5979.146820748548
30/12/2019 16:00,5985.0227377288875
30/12/2019 17:00,4876.939293082768
30/12/2019 18:00,5921.444062425119
30/12/2019 19:00,6432.110851181136
30/12/2019 20:00,6238.930877981386
30/12/2019 21:00,5406.611591935504
30/12/2019 22:00,4853.403547385129
30/12/2019 23:00,4371.401053687223
31/12/2019 00:00,3935.152737989764
31/12/2019 01:00,3611.8857287198466
31/12/2019 02:00,3609.356043085673
31/12/2019 03:00,3215.4953735672357
31/12/2019 04:00,3467.098201561301
31/12/2019 05:00,4279.39066418824
31/12/2019 06:00,5021.926749255687
31/12/2019 07:00,5321.764700268858
31/12/2019 08:00,4827.341364235537
31/12/2019 09:00,4274.733822996233
31/12/2019 10:00,4261.913978978718
31/12/2019 11:00,4600.540843241316
31/12/2019 12:00,4280.844649363369
31/12/2019 13:00,4324.9479514056875
31/12/2019 14:00,5414.530734339552
31/12/2019 15:00,5915.199908149421
31/12/2019 16:00,6021.545947798888
31/12/2019 17:00,4855.972882301558
31/12/2019 18:00,5884.549353642868
31/12/2019 19:00,6703.334651155052
31/12/2019 20:00,6092.32877129909
31/12/2019 21:00,5780.401379099378
31/12/2019 22:00,5118.156885868805
31/12/2019 23:00,4651.97644906402
