day,power
1/1/2019 0:00,0
1/1/2019 1:00,0
1/1/2019 2:00,0
1/1/2019 3:00,0
1/1/2019 4:00,0
1/1/2019 5:00,0
1/1/2019 6:00,0
1/1/2019 7:00,194.924
1/1/2019 8:00,886.169
1/1/2019 9:00,1548.953
1/1/2019 10:00,1946.971
1/1/2019 11:00,2159.611
1/1/2019 12:00,2216.967
1/1/2019 13:00,2125.04
1/1/2019 14:00,1868.147
1/1/2019 15:00,1478.663
1/1/2019 16:00,879.948
1/1/2019 17:00,228.753
1/1/2019 18:00,0
1/1/2019 19:00,0
1/1/2019 20:00,0
1/1/2019 21:00,0
1/1/2019 22:00,0
1/1/2019 23:00,0
2/1/2019 0:00,0
2/1/2019 1:00,0
2/1/2019 2:00,0
2/1/2019 3:00,0
2/1/2019 4:00,0
2/1/2019 5:00,0
2/1/2019 6:00,0
2/1/2019 7:00,198.709
2/1/2019 8:00,819.85
2/1/2019 9:00,1545.89
2/1/2019 10:00,1927.497
2/1/2019 11:00,2146.757
2/1/2019 12:00,2191.822
2/1/2019 13:00,2033.516
2/1/2019 14:00,1713.573
2/1/2019 15:00,1189.562
2/1/2019 16:00,615.952
2/1/2019 17:00,142.264
2/1/2019 18:00,0
2/1/2019 19:00,0
2/1/2019 20:00,0
2/1/2019 21:00,0
2/1/2019 22:00,0
2/1/2019 23:00,0
3/1/2019 0:00,0
3/1/2019 1:00,0
3/1/2019 2:00,0
3/1/2019 3:00,0
3/1/2019 4:00,0
3/1/2019 5:00,0
3/1/2019 6:00,0
3/1/2019 7:00,193.873
3/1/2019 8:00,816.909
3/1/2019 9:00,1502.79
3/1/2019 10:00,1917.64
3/1/2019 11:00,2111.208
3/1/2019 12:00,2138.202
3/1/2019 13:00,1979.518
3/1/2019 14:00,1700.28
3/1/2019 15:00,1210.077
3/1/2019 16:00,735.522
3/1/2019 17:00,154.037
3/1/2019 18:00,0
3/1/2019 19:00,0
3/1/2019 20:00,0
3/1/2019 21:00,0
3/1/2019 22:00,0
3/1/2019 23:00,0
4/1/2019 0:00,0
4/1/2019 1:00,0
4/1/2019 2:00,0
4/1/2019 3:00,0
4/1/2019 4:00,0
4/1/2019 5:00,0
4/1/2019 6:00,0
4/1/2019 7:00,159.558
4/1/2019 8:00,652.469
4/1/2019 9:00,1287.451
4/1/2019 10:00,1892.057
4/1/2019 11:00,2151.461
4/1/2019 12:00,2197.684
4/1/2019 13:00,2066.666
4/1/2019 14:00,1677.354
4/1/2019 15:00,1139.573
4/1/2019 16:00,598.209
4/1/2019 17:00,91.249
4/1/2019 18:00,0
4/1/2019 19:00,0
4/1/2019 20:00,0
4/1/2019 21:00,0
4/1/2019 22:00,0
4/1/2019 23:00,0
5/1/2019 0:00,0
5/1/2019 1:00,0
5/1/2019 2:00,0
5/1/2019 3:00,0
5/1/2019 4:00,0
5/1/2019 5:00,0
5/1/2019 6:00,0
5/1/2019 7:00,120.739
5/1/2019 8:00,626.152
5/1/2019 9:00,1152.842
5/1/2019 10:00,1549.488
5/1/2019 11:00,1749.839
5/1/2019 12:00,1869.595
5/1/2019 13:00,1907.008
5/1/2019 14:00,1614.709
5/1/2019 15:00,1164.532
5/1/2019 16:00,603.261
5/1/2019 17:00,104.177
5/1/2019 18:00,0
5/1/2019 19:00,0
5/1/2019 20:00,0
5/1/2019 21:00,0
5/1/2019 22:00,0
5/1/2019 23:00,0
6/1/2019 0:00,0
6/1/2019 1:00,0
6/1/2019 2:00,0
6/1/2019 3:00,0
6/1/2019 4:00,0
6/1/2019 5:00,0
6/1/2019 6:00,0
6/1/2019 7:00,129.331
6/1/2019 8:00,651.574
6/1/2019 9:00,1187.688
6/1/2019 10:00,1734.455
6/1/2019 11:00,1897.261
6/1/2019 12:00,1908.319
6/1/2019 13:00,1780.4
6/1/2019 14:00,1446.167
6/1/2019 15:00,964.711
6/1/2019 16:00,450.871
6/1/2019 17:00,65.045
6/1/2019 18:00,0
6/1/2019 19:00,0
6/1/2019 20:00,0
6/1/2019 21:00,0
6/1/2019 22:00,0
6/1/2019 23:00,0
7/1/2019 0:00,0
7/1/2019 1:00,0
7/1/2019 2:00,0
7/1/2019 3:00,0
7/1/2019 4:00,0
7/1/2019 5:00,0
7/1/2019 6:00,0
7/1/2019 7:00,126.583
7/1/2019 8:00,622.651
7/1/2019 9:00,1188.512
7/1/2019 10:00,1591.824
7/1/2019 11:00,1843.536
7/1/2019 12:00,1791.696
7/1/2019 13:00,1676.312
7/1/2019 14:00,1395.668
7/1/2019 15:00,664.165
7/1/2019 16:00,183.92
7/1/2019 17:00,6.438
7/1/2019 18:00,0
7/1/2019 19:00,0
7/1/2019 20:00,0
7/1/2019 21:00,0
7/1/2019 22:00,0
7/1/2019 23:00,0
8/1/2019 0:00,0
8/1/2019 1:00,0
8/1/2019 2:00,0
8/1/2019 3:00,0
8/1/2019 4:00,0
8/1/2019 5:00,0
8/1/2019 6:00,0
8/1/2019 7:00,0
8/1/2019 8:00,98.978
8/1/2019 9:00,256.591
8/1/2019 10:00,450.773
8/1/2019 11:00,625.458
8/1/2019 12:00,822.502
8/1/2019 13:00,875.093
8/1/2019 14:00,671.865
8/1/2019 15:00,504.103
8/1/2019 16:00,243.693
8/1/2019 17:00,28.269
8/1/2019 18:00,0
8/1/2019 19:00,0
8/1/2019 20:00,0
8/1/2019 21:00,0
8/1/2019 22:00,0
8/1/2019 23:00,0
9/1/2019 0:00,0
9/1/2019 1:00,0
9/1/2019 2:00,0
9/1/2019 3:00,0
9/1/2019 4:00,0
9/1/2019 5:00,0
9/1/2019 6:00,0
9/1/2019 7:00,160.646
9/1/2019 8:00,709.309
9/1/2019 9:00,1263.733
9/1/2019 10:00,1874.903
9/1/2019 11:00,2101.25
9/1/2019 12:00,2149.142
9/1/2019 13:00,2042.087
9/1/2019 14:00,1796.925
9/1/2019 15:00,1369.816
9/1/2019 16:00,849.87
9/1/2019 17:00,184.695
9/1/2019 18:00,0
9/1/2019 19:00,0
9/1/2019 20:00,0
9/1/2019 21:00,0
9/1/2019 22:00,0
9/1/2019 23:00,0
10/1/2019 0:00,0
10/1/2019 1:00,0
10/1/2019 2:00,0
10/1/2019 3:00,0
10/1/2019 4:00,0
10/1/2019 5:00,0
10/1/2019 6:00,0
10/1/2019 7:00,243.953
10/1/2019 8:00,909.502
10/1/2019 9:00,1549.636
10/1/2019 10:00,1926.217
10/1/2019 11:00,2137.124
10/1/2019 12:00,2187.866
10/1/2019 13:00,2089.062
10/1/2019 14:00,1829.719
10/1/2019 15:00,1440.965
10/1/2019 16:00,722.23
10/1/2019 17:00,159.761
10/1/2019 18:00,0
10/1/2019 19:00,0
10/1/2019 20:00,0
10/1/2019 21:00,0
10/1/2019 22:00,0
10/1/2019 23:00,0
11/1/2019 0:00,0
11/1/2019 1:00,0
11/1/2019 2:00,0
11/1/2019 3:00,0
11/1/2019 4:00,0
11/1/2019 5:00,0
11/1/2019 6:00,0
11/1/2019 7:00,229.493
11/1/2019 8:00,879.015
11/1/2019 9:00,1413.909
11/1/2019 10:00,1829.533
11/1/2019 11:00,1998.099
11/1/2019 12:00,2052.467
11/1/2019 13:00,1944.563
11/1/2019 14:00,1784.086
11/1/2019 15:00,1385.848
11/1/2019 16:00,757.93
11/1/2019 17:00,177.29
11/1/2019 18:00,0
11/1/2019 19:00,0
11/1/2019 20:00,0
11/1/2019 21:00,0
11/1/2019 22:00,0
11/1/2019 23:00,0
12/1/2019 0:00,0
12/1/2019 1:00,0
12/1/2019 2:00,0
12/1/2019 3:00,0
12/1/2019 4:00,0
12/1/2019 5:00,0
12/1/2019 6:00,0
12/1/2019 7:00,214.81
12/1/2019 8:00,828.634
12/1/2019 9:00,1459.075
12/1/2019 10:00,1824.722
12/1/2019 11:00,2005.463
12/1/2019 12:00,1990.395
12/1/2019 13:00,1741.96
12/1/2019 14:00,1373.897
12/1/2019 15:00,998.7
12/1/2019 16:00,519.958
12/1/2019 17:00,73.622
12/1/2019 18:00,0
12/1/2019 19:00,0
12/1/2019 20:00,0
12/1/2019 21:00,0
12/1/2019 22:00,0
12/1/2019 23:00,0
13/1/2019 0:00,0
13/1/2019 1:00,0
13/1/2019 2:00,0
13/1/2019 3:00,0
13/1/2019 4:00,0
13/1/2019 5:00,0
13/1/2019 6:00,0
13/1/2019 7:00,79.402
13/1/2019 8:00,484.726
13/1/2019 9:00,1036.555
13/1/2019 10:00,1471.589
13/1/2019 11:00,1738.568
13/1/2019 12:00,1795.21
13/1/2019 13:00,1768.511
13/1/2019 14:00,1592.204
13/1/2019 15:00,1227.227
13/1/2019 16:00,661.31
13/1/2019 17:00,145.681
13/1/2019 18:00,0
13/1/2019 19:00,0
13/1/2019 20:00,0
13/1/2019 21:00,0
13/1/2019 22:00,0
13/1/2019 23:00,0
14/1/2019 0:00,0
14/1/2019 1:00,0
14/1/2019 2:00,0
14/1/2019 3:00,0
14/1/2019 4:00,0
14/1/2019 5:00,0
14/1/2019 6:00,0
14/1/2019 7:00,217.058
14/1/2019 8:00,827.34
14/1/2019 9:00,1382.856
14/1/2019 10:00,1783.631
14/1/2019 11:00,2059.964
14/1/2019 12:00,2119.576
14/1/2019 13:00,1990.389
14/1/2019 14:00,1673.93
14/1/2019 15:00,1309.838
14/1/2019 16:00,807.407
14/1/2019 17:00,181.326
14/1/2019 18:00,0
14/1/2019 19:00,0
14/1/2019 20:00,0
14/1/2019 21:00,0
14/1/2019 22:00,0
14/1/2019 23:00,0
15/1/2019 0:00,0
15/1/2019 1:00,0
15/1/2019 2:00,0
15/1/2019 3:00,0
15/1/2019 4:00,0
15/1/2019 5:00,0
15/1/2019 6:00,0
15/1/2019 7:00,282.093
15/1/2019 8:00,968.175
15/1/2019 9:00,1523.732
15/1/2019 10:00,1916.46
15/1/2019 11:00,2169.564
15/1/2019 12:00,2222.947
15/1/2019 13:00,2144.89
15/1/2019 14:00,1920.506
15/1/2019 15:00,1526.836
15/1/2019 16:00,962.8
15/1/2019 17:00,257.643
15/1/2019 18:00,0
15/1/2019 19:00,0
15/1/2019 20:00,0
15/1/2019 21:00,0
15/1/2019 22:00,0
15/1/2019 23:00,0
16/1/2019 0:00,0
16/1/2019 1:00,0
16/1/2019 2:00,0
16/1/2019 3:00,0
16/1/2019 4:00,0
16/1/2019 5:00,0
16/1/2019 6:00,0
16/1/2019 7:00,168.699
16/1/2019 8:00,802.699
16/1/2019 9:00,1379.73
16/1/2019 10:00,1601.299
16/1/2019 11:00,1786.383
16/1/2019 12:00,1962.46
16/1/2019 13:00,2166.473
16/1/2019 14:00,1959.097
16/1/2019 15:00,1559.353
16/1/2019 16:00,972.941
16/1/2019 17:00,208.429
16/1/2019 18:00,0
16/1/2019 19:00,0
16/1/2019 20:00,0
16/1/2019 21:00,0
16/1/2019 22:00,0
16/1/2019 23:00,0
17/1/2019 0:00,0
17/1/2019 1:00,0
17/1/2019 2:00,0
17/1/2019 3:00,0
17/1/2019 4:00,0
17/1/2019 5:00,0
17/1/2019 6:00,0
17/1/2019 7:00,176.628
17/1/2019 8:00,580.632
17/1/2019 9:00,1257.479
17/1/2019 10:00,1847.186
17/1/2019 11:00,2120.971
17/1/2019 12:00,2177.951
17/1/2019 13:00,2035.072
17/1/2019 14:00,1711.551
17/1/2019 15:00,1309.208
17/1/2019 16:00,664.349
17/1/2019 17:00,131.229
17/1/2019 18:00,0
17/1/2019 19:00,0
17/1/2019 20:00,0
17/1/2019 21:00,0
17/1/2019 22:00,0
17/1/2019 23:00,0
18/1/2019 0:00,0
18/1/2019 1:00,0
18/1/2019 2:00,0
18/1/2019 3:00,0
18/1/2019 4:00,0
18/1/2019 5:00,0
18/1/2019 6:00,0
18/1/2019 7:00,229.39
18/1/2019 8:00,968.933
18/1/2019 9:00,1550.147
18/1/2019 10:00,1919.533
18/1/2019 11:00,2129.478
18/1/2019 12:00,2185.766
18/1/2019 13:00,2073.88
18/1/2019 14:00,1812.314
18/1/2019 15:00,1372.531
18/1/2019 16:00,765.379
18/1/2019 17:00,152.39
18/1/2019 18:00,0
18/1/2019 19:00,0
18/1/2019 20:00,0
18/1/2019 21:00,0
18/1/2019 22:00,0
18/1/2019 23:00,0
19/1/2019 0:00,0
19/1/2019 1:00,0
19/1/2019 2:00,0
19/1/2019 3:00,0
19/1/2019 4:00,0
19/1/2019 5:00,0
19/1/2019 6:00,0
19/1/2019 7:00,308.403
19/1/2019 8:00,1001.944
19/1/2019 9:00,1556.305
19/1/2019 10:00,1956.812
19/1/2019 11:00,2166.499
19/1/2019 12:00,2226.662
19/1/2019 13:00,2126.122
19/1/2019 14:00,1889.79
19/1/2019 15:00,1489.729
19/1/2019 16:00,914.764
19/1/2019 17:00,224.102
19/1/2019 18:00,0
19/1/2019 19:00,0
19/1/2019 20:00,0
19/1/2019 21:00,0
19/1/2019 22:00,0
19/1/2019 23:00,0
20/1/2019 0:00,0
20/1/2019 1:00,0
20/1/2019 2:00,0
20/1/2019 3:00,0
20/1/2019 4:00,0
20/1/2019 5:00,0
20/1/2019 6:00,0
20/1/2019 7:00,344.077
20/1/2019 8:00,1041.268
20/1/2019 9:00,1591.189
20/1/2019 10:00,1984.549
20/1/2019 11:00,2195.477
20/1/2019 12:00,2257.366
20/1/2019 13:00,2166.513
20/1/2019 14:00,1934.089
20/1/2019 15:00,1538.729
20/1/2019 16:00,967.512
20/1/2019 17:00,262.564
20/1/2019 18:00,0
20/1/2019 19:00,0
20/1/2019 20:00,0
20/1/2019 21:00,0
20/1/2019 22:00,0
20/1/2019 23:00,0
21/1/2019 0:00,0
21/1/2019 1:00,0
21/1/2019 2:00,0
21/1/2019 3:00,0
21/1/2019 4:00,0
21/1/2019 5:00,0
21/1/2019 6:00,0
21/1/2019 7:00,412.559
21/1/2019 8:00,1122.519
21/1/2019 9:00,1666.356
21/1/2019 10:00,2032.866
21/1/2019 11:00,2238.535
21/1/2019 12:00,2295.886
21/1/2019 13:00,2205.174
21/1/2019 14:00,1970.552
21/1/2019 15:00,1574.22
21/1/2019 16:00,1001.363
21/1/2019 17:00,285.117
21/1/2019 18:00,0
21/1/2019 19:00,0
21/1/2019 20:00,0
21/1/2019 21:00,0
21/1/2019 22:00,0
21/1/2019 23:00,0
22/1/2019 0:00,0
22/1/2019 1:00,0
22/1/2019 2:00,0
22/1/2019 3:00,0
22/1/2019 4:00,0
22/1/2019 5:00,0
22/1/2019 6:00,0
22/1/2019 7:00,416.583
22/1/2019 8:00,1126.619
22/1/2019 9:00,1666.944
22/1/2019 10:00,2020.646
22/1/2019 11:00,2216.826
22/1/2019 12:00,2270.151
22/1/2019 13:00,2178.11
22/1/2019 14:00,1939.908
22/1/2019 15:00,1538.205
22/1/2019 16:00,949.715
22/1/2019 17:00,204.682
22/1/2019 18:00,0
22/1/2019 19:00,0
22/1/2019 20:00,0
22/1/2019 21:00,0
22/1/2019 22:00,0
22/1/2019 23:00,0
23/1/2019 0:00,0
23/1/2019 1:00,0
23/1/2019 2:00,0
23/1/2019 3:00,0
23/1/2019 4:00,0
23/1/2019 5:00,0
23/1/2019 6:00,0
23/1/2019 7:00,358.239
23/1/2019 8:00,1054.12
23/1/2019 9:00,1604.735
23/1/2019 10:00,1974.891
23/1/2019 11:00,1942.524
23/1/2019 12:00,2207.871
23/1/2019 13:00,2126.239
23/1/2019 14:00,1857.947
23/1/2019 15:00,1478.499
23/1/2019 16:00,924.841
23/1/2019 17:00,237.125
23/1/2019 18:00,0
23/1/2019 19:00,0
23/1/2019 20:00,0
23/1/2019 21:00,0
23/1/2019 22:00,0
23/1/2019 23:00,0
24/1/2019 0:00,0
24/1/2019 1:00,0
24/1/2019 2:00,0
24/1/2019 3:00,0
24/1/2019 4:00,0
24/1/2019 5:00,0
24/1/2019 6:00,0
24/1/2019 7:00,336.148
24/1/2019 8:00,981.076
24/1/2019 9:00,1562.664
24/1/2019 10:00,1971.507
24/1/2019 11:00,2168.172
24/1/2019 12:00,2227.243
24/1/2019 13:00,2014.406
24/1/2019 14:00,1824.649
24/1/2019 15:00,1387.929
24/1/2019 16:00,886.405
24/1/2019 17:00,230.51
24/1/2019 18:00,0
24/1/2019 19:00,0
24/1/2019 20:00,0
24/1/2019 21:00,0
24/1/2019 22:00,0
24/1/2019 23:00,0
25/1/2019 0:00,0
25/1/2019 1:00,0
25/1/2019 2:00,0
25/1/2019 3:00,0
25/1/2019 4:00,0
25/1/2019 5:00,0
25/1/2019 6:00,0
25/1/2019 7:00,405.205
25/1/2019 8:00,1104.463
25/1/2019 9:00,1644.289
25/1/2019 10:00,1987.937
25/1/2019 11:00,2190.04
25/1/2019 12:00,2240.868
25/1/2019 13:00,2134.364
25/1/2019 14:00,1881.985
25/1/2019 15:00,1460.977
25/1/2019 16:00,777.67
25/1/2019 17:00,173.683
25/1/2019 18:00,0
25/1/2019 19:00,0
25/1/2019 20:00,0
25/1/2019 21:00,0
25/1/2019 22:00,0
25/1/2019 23:00,0
26/1/2019 0:00,0
26/1/2019 1:00,0
26/1/2019 2:00,0
26/1/2019 3:00,0
26/1/2019 4:00,0
26/1/2019 5:00,0
26/1/2019 6:00,0
26/1/2019 7:00,261.309
26/1/2019 8:00,932.131
26/1/2019 9:00,1516.575
26/1/2019 10:00,1828.188
26/1/2019 11:00,2015.399
26/1/2019 12:00,2038.653
26/1/2019 13:00,1907.016
26/1/2019 14:00,1676.392
26/1/2019 15:00,1246.125
26/1/2019 16:00,656.593
26/1/2019 17:00,117.069
26/1/2019 18:00,0
26/1/2019 19:00,0
26/1/2019 20:00,0
26/1/2019 21:00,0
26/1/2019 22:00,0
26/1/2019 23:00,0
27/1/2019 0:00,0
27/1/2019 1:00,0
27/1/2019 2:00,0
27/1/2019 3:00,0
27/1/2019 4:00,0
27/1/2019 5:00,0
27/1/2019 6:00,0
27/1/2019 7:00,302.419
27/1/2019 8:00,983.481
27/1/2019 9:00,1545.618
27/1/2019 10:00,1933.945
27/1/2019 11:00,2151.835
27/1/2019 12:00,2178.894
27/1/2019 13:00,2081.488
27/1/2019 14:00,1854.03
27/1/2019 15:00,1444.32
27/1/2019 16:00,867.592
27/1/2019 17:00,198.557
27/1/2019 18:00,0
27/1/2019 19:00,0
27/1/2019 20:00,0
27/1/2019 21:00,0
27/1/2019 22:00,0
27/1/2019 23:00,0
28/1/2019 0:00,0
28/1/2019 1:00,0
28/1/2019 2:00,0
28/1/2019 3:00,0
28/1/2019 4:00,0
28/1/2019 5:00,0
28/1/2019 6:00,0
28/1/2019 7:00,314.174
28/1/2019 8:00,995.592
28/1/2019 9:00,1565.235
28/1/2019 10:00,1942.588
28/1/2019 11:00,2150.561
28/1/2019 12:00,2188.429
28/1/2019 13:00,2038.147
28/1/2019 14:00,1814.668
28/1/2019 15:00,1383.772
28/1/2019 16:00,825.14
28/1/2019 17:00,207.604
28/1/2019 18:00,0
28/1/2019 19:00,0
28/1/2019 20:00,0
28/1/2019 21:00,0
28/1/2019 22:00,0
28/1/2019 23:00,0
29/1/2019 0:00,0
29/1/2019 1:00,0
29/1/2019 2:00,0
29/1/2019 3:00,0
29/1/2019 4:00,0
29/1/2019 5:00,0
29/1/2019 6:00,0
29/1/2019 7:00,318.369
29/1/2019 8:00,992.238
29/1/2019 9:00,1542.417
29/1/2019 10:00,1912.683
29/1/2019 11:00,2089.156
29/1/2019 12:00,2138.315
29/1/2019 13:00,2021.895
29/1/2019 14:00,1789.436
29/1/2019 15:00,1418.297
29/1/2019 16:00,837.989
29/1/2019 17:00,205.176
29/1/2019 18:00,0
29/1/2019 19:00,0
29/1/2019 20:00,0
29/1/2019 21:00,0
29/1/2019 22:00,0
29/1/2019 23:00,0
30/1/2019 0:00,0
30/1/2019 1:00,0
30/1/2019 2:00,0
30/1/2019 3:00,0
30/1/2019 4:00,0
30/1/2019 5:00,0
30/1/2019 6:00,0
30/1/2019 7:00,318.666
30/1/2019 8:00,999.347
30/1/2019 9:00,1557.327
30/1/2019 10:00,1966.391
30/1/2019 11:00,2176.538
30/1/2019 12:00,2234.318
30/1/2019 13:00,2139.492
30/1/2019 14:00,1898.179
30/1/2019 15:00,1504.077
30/1/2019 16:00,932.157
30/1/2019 17:00,248.718
30/1/2019 18:00,0
30/1/2019 19:00,0
30/1/2019 20:00,0
30/1/2019 21:00,0
30/1/2019 22:00,0
30/1/2019 23:00,0
31/1/2019 0:00,0
31/1/2019 1:00,0
31/1/2019 2:00,0
31/1/2019 3:00,0
31/1/2019 4:00,0
31/1/2019 5:00,0
31/1/2019 6:00,0
31/1/2019 7:00,400.121
31/1/2019 8:00,1088.763
31/1/2019 9:00,1632.902
31/1/2019 10:00,1995.653
31/1/2019 11:00,2195.368
31/1/2019 12:00,2244.552
31/1/2019 13:00,2143.135
31/1/2019 14:00,1910.477
31/1/2019 15:00,1514.056
31/1/2019 16:00,933.107
31/1/2019 17:00,245.718
31/1/2019 18:00,0
31/1/2019 19:00,0
31/1/2019 20:00,0
31/1/2019 21:00,0
31/1/2019 22:00,0
31/1/2019 23:00,0
1/2/2019 0:00,0
1/2/2019 1:00,0
1/2/2019 2:00,0
1/2/2019 3:00,0
1/2/2019 4:00,0
1/2/2019 5:00,0
1/2/2019 6:00,0
1/2/2019 7:00,348.004
1/2/2019 8:00,1017.57
1/2/2019 9:00,1563.984
1/2/2019 10:00,1934.209
1/2/2019 11:00,2140.282
1/2/2019 12:00,2196.927
1/2/2019 13:00,2101.301
1/2/2019 14:00,1862.162
1/2/2019 15:00,1452.348
1/2/2019 16:00,845.057
1/2/2019 17:00,208.636
1/2/2019 18:00,0
1/2/2019 19:00,0
1/2/2019 20:00,0
1/2/2019 21:00,0
1/2/2019 22:00,0
1/2/2019 23:00,0
2/2/2019 0:00,0
2/2/2019 1:00,0
2/2/2019 2:00,0
2/2/2019 3:00,0
2/2/2019 4:00,0
2/2/2019 5:00,0
2/2/2019 6:00,0
2/2/2019 7:00,337.021
2/2/2019 8:00,1001.968
2/2/2019 9:00,1545.739
2/2/2019 10:00,1917.959
2/2/2019 11:00,2132.613
2/2/2019 12:00,2197.283
2/2/2019 13:00,2094.249
2/2/2019 14:00,1860.952
2/2/2019 15:00,1464.364
2/2/2019 16:00,899.011
2/2/2019 17:00,242.931
2/2/2019 18:00,0
2/2/2019 19:00,0
2/2/2019 20:00,0
2/2/2019 21:00,0
2/2/2019 22:00,0
2/2/2019 23:00,0
3/2/2019 0:00,0
3/2/2019 1:00,0
3/2/2019 2:00,0
3/2/2019 3:00,0
3/2/2019 4:00,0
3/2/2019 5:00,0
3/2/2019 6:00,0
3/2/2019 7:00,443.271
3/2/2019 8:00,1131.024
3/2/2019 9:00,1679.152
3/2/2019 10:00,2044.755
3/2/2019 11:00,2245.544
3/2/2019 12:00,2297.067
3/2/2019 13:00,2208.594
3/2/2019 14:00,1974.782
3/2/2019 15:00,1581.014
3/2/2019 16:00,1015.416
3/2/2019 17:00,313.568
3/2/2019 18:00,0
3/2/2019 19:00,0
3/2/2019 20:00,0
3/2/2019 21:00,0
3/2/2019 22:00,0
3/2/2019 23:00,0
4/2/2019 0:00,0
4/2/2019 1:00,0
4/2/2019 2:00,0
4/2/2019 3:00,0
4/2/2019 4:00,0
4/2/2019 5:00,0
4/2/2019 6:00,0
4/2/2019 7:00,458.319
4/2/2019 8:00,1133.896
4/2/2019 9:00,1666.499
4/2/2019 10:00,2018.677
4/2/2019 11:00,2215.336
4/2/2019 12:00,2270.98
4/2/2019 13:00,2185.404
4/2/2019 14:00,1958.852
4/2/2019 15:00,1574.374
4/2/2019 16:00,1019.28
4/2/2019 17:00,322.268
4/2/2019 18:00,0
4/2/2019 19:00,0
4/2/2019 20:00,0
4/2/2019 21:00,0
4/2/2019 22:00,0
4/2/2019 23:00,0
5/2/2019 0:00,0
5/2/2019 1:00,0
5/2/2019 2:00,0
5/2/2019 3:00,0
5/2/2019 4:00,0
5/2/2019 5:00,0
5/2/2019 6:00,0
5/2/2019 7:00,497.624
5/2/2019 8:00,1181.034
5/2/2019 9:00,1716.992
5/2/2019 10:00,2075.005
5/2/2019 11:00,2273.299
5/2/2019 12:00,2327.786
5/2/2019 13:00,2238.897
5/2/2019 14:00,2007.523
5/2/2019 15:00,1617.245
5/2/2019 16:00,1050.14
5/2/2019 17:00,338.759
5/2/2019 18:00,0
5/2/2019 19:00,0
5/2/2019 20:00,0
5/2/2019 21:00,0
5/2/2019 22:00,0
5/2/2019 23:00,0
6/2/2019 0:00,0
6/2/2019 1:00,0
6/2/2019 2:00,0
6/2/2019 3:00,0
6/2/2019 4:00,0
6/2/2019 5:00,0
6/2/2019 6:00,0
6/2/2019 7:00,443.779
6/2/2019 8:00,1137.704
6/2/2019 9:00,1676.851
6/2/2019 10:00,2032.418
6/2/2019 11:00,2229.983
6/2/2019 12:00,2283.109
6/2/2019 13:00,2195.517
6/2/2019 14:00,1963.965
6/2/2019 15:00,1572.856
6/2/2019 16:00,1011.213
6/2/2019 17:00,316.363
6/2/2019 18:00,0
6/2/2019 19:00,0
6/2/2019 20:00,0
6/2/2019 21:00,0
6/2/2019 22:00,0
6/2/2019 23:00,0
7/2/2019 0:00,0
7/2/2019 1:00,0
7/2/2019 2:00,0
7/2/2019 3:00,0
7/2/2019 4:00,0
7/2/2019 5:00,0
7/2/2019 6:00,0
7/2/2019 7:00,458.894
7/2/2019 8:00,1152.38
7/2/2019 9:00,1688.412
7/2/2019 10:00,2037.072
7/2/2019 11:00,2230.598
7/2/2019 12:00,2279.69
7/2/2019 13:00,2191.923
7/2/2019 14:00,1958.148
7/2/2019 15:00,1565.703
7/2/2019 16:00,1003.177
7/2/2019 17:00,312.358
7/2/2019 18:00,0
7/2/2019 19:00,0
7/2/2019 20:00,0
7/2/2019 21:00,0
7/2/2019 22:00,0
7/2/2019 23:00,0
8/2/2019 0:00,0
8/2/2019 1:00,0
8/2/2019 2:00,0
8/2/2019 3:00,0
8/2/2019 4:00,0
8/2/2019 5:00,0
8/2/2019 6:00,0
8/2/2019 7:00,465.794
8/2/2019 8:00,1166.521
8/2/2019 9:00,1705.486
8/2/2019 10:00,2056.147
8/2/2019 11:00,2250.392
8/2/2019 12:00,2304.721
8/2/2019 13:00,2218.818
8/2/2019 14:00,1985.873
8/2/2019 15:00,1593.091
8/2/2019 16:00,1030.734
8/2/2019 17:00,333.504
8/2/2019 18:00,0
8/2/2019 19:00,0
8/2/2019 20:00,0
8/2/2019 21:00,0
8/2/2019 22:00,0
8/2/2019 23:00,0
9/2/2019 0:00,0
9/2/2019 1:00,0
9/2/2019 2:00,0
9/2/2019 3:00,0
9/2/2019 4:00,0
9/2/2019 5:00,0
9/2/2019 6:00,0
9/2/2019 7:00,437.412
9/2/2019 8:00,1129.611
9/2/2019 9:00,1667.388
9/2/2019 10:00,2018.309
9/2/2019 11:00,2218.549
9/2/2019 12:00,2272.024
9/2/2019 13:00,2191.593
9/2/2019 14:00,1957.86
9/2/2019 15:00,1564.475
9/2/2019 16:00,987.281
9/2/2019 17:00,300.646
9/2/2019 18:00,0
9/2/2019 19:00,0
9/2/2019 20:00,0
9/2/2019 21:00,0
9/2/2019 22:00,0
9/2/2019 23:00,0
10/2/2019 0:00,0
10/2/2019 1:00,0
10/2/2019 2:00,0
10/2/2019 3:00,0
10/2/2019 4:00,0
10/2/2019 5:00,0
10/2/2019 6:00,0
10/2/2019 7:00,436.352
10/2/2019 8:00,1138.049
10/2/2019 9:00,1681.399
10/2/2019 10:00,2030.999
10/2/2019 11:00,2232.306
10/2/2019 12:00,2286.946
10/2/2019 13:00,2199.942
10/2/2019 14:00,1969.579
10/2/2019 15:00,1580.956
10/2/2019 16:00,1020.988
10/2/2019 17:00,330.76
10/2/2019 18:00,0
10/2/2019 19:00,0
10/2/2019 20:00,0
10/2/2019 21:00,0
10/2/2019 22:00,0
10/2/2019 23:00,0
11/2/2019 0:00,0
11/2/2019 1:00,0
11/2/2019 2:00,0
11/2/2019 3:00,0
11/2/2019 4:00,0
11/2/2019 5:00,0
11/2/2019 6:00,0
11/2/2019 7:00,439.892
11/2/2019 8:00,1140.091
11/2/2019 9:00,1677.925
11/2/2019 10:00,2019.766
11/2/2019 11:00,2197.386
11/2/2019 12:00,2227.968
11/2/2019 13:00,2154.863
11/2/2019 14:00,1941.756
11/2/2019 15:00,1553.233
11/2/2019 16:00,986.153
11/2/2019 17:00,311.509
11/2/2019 18:00,0
11/2/2019 19:00,0
11/2/2019 20:00,0
11/2/2019 21:00,0
11/2/2019 22:00,0
11/2/2019 23:00,0
12/2/2019 0:00,0
12/2/2019 1:00,0
12/2/2019 2:00,0
12/2/2019 3:00,0
12/2/2019 4:00,0
12/2/2019 5:00,0
12/2/2019 6:00,0
12/2/2019 7:00,255.206
12/2/2019 8:00,880.479
12/2/2019 9:00,1448.831
12/2/2019 10:00,1677.344
12/2/2019 11:00,1788.027
12/2/2019 12:00,1769.239
12/2/2019 13:00,1579.322
12/2/2019 14:00,1291.843
12/2/2019 15:00,786.522
12/2/2019 16:00,360.471
12/2/2019 17:00,77.949
12/2/2019 18:00,0
12/2/2019 19:00,0
12/2/2019 20:00,0
12/2/2019 21:00,0
12/2/2019 22:00,0
12/2/2019 23:00,0
13/2/2019 0:00,0
13/2/2019 1:00,0
13/2/2019 2:00,0
13/2/2019 3:00,0
13/2/2019 4:00,0
13/2/2019 5:00,0
13/2/2019 6:00,0
13/2/2019 7:00,344.705
13/2/2019 8:00,1011.518
13/2/2019 9:00,1553.758
13/2/2019 10:00,1943.471
13/2/2019 11:00,2150.126
13/2/2019 12:00,2208.19
13/2/2019 13:00,2122.255
13/2/2019 14:00,1891.991
13/2/2019 15:00,1504.548
13/2/2019 16:00,953.176
13/2/2019 17:00,293.592
13/2/2019 18:00,0
13/2/2019 19:00,0
13/2/2019 20:00,0
13/2/2019 21:00,0
13/2/2019 22:00,0
13/2/2019 23:00,0
14/2/2019 0:00,0
14/2/2019 1:00,0
14/2/2019 2:00,0
14/2/2019 3:00,0
14/2/2019 4:00,0
14/2/2019 5:00,0
14/2/2019 6:00,0
14/2/2019 7:00,406.639
14/2/2019 8:00,1090.468
14/2/2019 9:00,1626.01
14/2/2019 10:00,1970.03
14/2/2019 11:00,2175.659
14/2/2019 12:00,2237.487
14/2/2019 13:00,2141.568
14/2/2019 14:00,1915.158
14/2/2019 15:00,1530.793
14/2/2019 16:00,979.646
14/2/2019 17:00,310.955
14/2/2019 18:00,0
14/2/2019 19:00,0
14/2/2019 20:00,0
14/2/2019 21:00,0
14/2/2019 22:00,0
14/2/2019 23:00,0
15/2/2019 0:00,0
15/2/2019 1:00,0
15/2/2019 2:00,0
15/2/2019 3:00,0
15/2/2019 4:00,0
15/2/2019 5:00,0
15/2/2019 6:00,0
15/2/2019 7:00,411.797
15/2/2019 8:00,1096.81
15/2/2019 9:00,1632.723
15/2/2019 10:00,1974.577
15/2/2019 11:00,2173.804
15/2/2019 12:00,2151.237
15/2/2019 13:00,1800.918
15/2/2019 14:00,1346.631
15/2/2019 15:00,881.151
15/2/2019 16:00,424.488
15/2/2019 17:00,95.249
15/2/2019 18:00,0
15/2/2019 19:00,0
15/2/2019 20:00,0
15/2/2019 21:00,0
15/2/2019 22:00,0
15/2/2019 23:00,0
16/2/2019 0:00,0
16/2/2019 1:00,0
16/2/2019 2:00,0
16/2/2019 3:00,0
16/2/2019 4:00,0
16/2/2019 5:00,0
16/2/2019 6:00,0
16/2/2019 7:00,299.416
16/2/2019 8:00,946.64
16/2/2019 9:00,1517.8
16/2/2019 10:00,1908.943
16/2/2019 11:00,2100.966
16/2/2019 12:00,2106.325
16/2/2019 13:00,1912.275
16/2/2019 14:00,1649.969
16/2/2019 15:00,1222.352
16/2/2019 16:00,759.372
16/2/2019 17:00,214.889
16/2/2019 18:00,0
16/2/2019 19:00,0
16/2/2019 20:00,0
16/2/2019 21:00,0
16/2/2019 22:00,0
16/2/2019 23:00,0
17/2/2019 0:00,0
17/2/2019 1:00,0
17/2/2019 2:00,0
17/2/2019 3:00,0
17/2/2019 4:00,0
17/2/2019 5:00,0
17/2/2019 6:00,0
17/2/2019 7:00,341.172
17/2/2019 8:00,982.155
17/2/2019 9:00,1575.719
17/2/2019 10:00,1974.132
17/2/2019 11:00,2184.182
17/2/2019 12:00,2244.065
17/2/2019 13:00,2166.903
17/2/2019 14:00,1936.601
17/2/2019 15:00,1543.706
17/2/2019 16:00,979.806
17/2/2019 17:00,303.171
17/2/2019 18:00,0
17/2/2019 19:00,0
17/2/2019 20:00,0
17/2/2019 21:00,0
17/2/2019 22:00,0
17/2/2019 23:00,0
18/2/2019 0:00,0
18/2/2019 1:00,0
18/2/2019 2:00,0
18/2/2019 3:00,0
18/2/2019 4:00,0
18/2/2019 5:00,0
18/2/2019 6:00,0
18/2/2019 7:00,380.418
18/2/2019 8:00,1065.476
18/2/2019 9:00,1614.249
18/2/2019 10:00,1989.937
18/2/2019 11:00,2201.533
18/2/2019 12:00,2259.941
18/2/2019 13:00,2177.29
18/2/2019 14:00,1942.642
18/2/2019 15:00,1559.59
18/2/2019 16:00,1005.717
18/2/2019 17:00,321.843
18/2/2019 18:00,0
18/2/2019 19:00,0
18/2/2019 20:00,0
18/2/2019 21:00,0
18/2/2019 22:00,0
18/2/2019 23:00,0
19/2/2019 0:00,0
19/2/2019 1:00,0
19/2/2019 2:00,0
19/2/2019 3:00,0
19/2/2019 4:00,0
19/2/2019 5:00,0
19/2/2019 6:00,0
19/2/2019 7:00,398.644
19/2/2019 8:00,1092.703
19/2/2019 9:00,1644.176
19/2/2019 10:00,2037.333
19/2/2019 11:00,2243.801
19/2/2019 12:00,2298.929
19/2/2019 13:00,2209.231
19/2/2019 14:00,1976.291
19/2/2019 15:00,1583.597
19/2/2019 16:00,1023.914
19/2/2019 17:00,342.896
19/2/2019 18:00,0
19/2/2019 19:00,0
19/2/2019 20:00,0
19/2/2019 21:00,0
19/2/2019 22:00,0
19/2/2019 23:00,0
20/2/2019 0:00,0
20/2/2019 1:00,0
20/2/2019 2:00,0
20/2/2019 3:00,0
20/2/2019 4:00,0
20/2/2019 5:00,0
20/2/2019 6:00,0
20/2/2019 7:00,421.725
20/2/2019 8:00,1111.94
20/2/2019 9:00,1651.296
20/2/2019 10:00,2036.3
20/2/2019 11:00,2240.175
20/2/2019 12:00,2297.246
20/2/2019 13:00,2207.34
20/2/2019 14:00,1978.17
20/2/2019 15:00,1591.798
20/2/2019 16:00,1038.702
20/2/2019 17:00,357.014
20/2/2019 18:00,0
20/2/2019 19:00,0
20/2/2019 20:00,0
20/2/2019 21:00,0
20/2/2019 22:00,0
20/2/2019 23:00,0
21/2/2019 0:00,0
21/2/2019 1:00,0
21/2/2019 2:00,0
21/2/2019 3:00,0
21/2/2019 4:00,0
21/2/2019 5:00,0
21/2/2019 6:00,0
21/2/2019 7:00,460.037
21/2/2019 8:00,1156.706
21/2/2019 9:00,1691.524
21/2/2019 10:00,2048.944
21/2/2019 11:00,2250.905
21/2/2019 12:00,2305.699
21/2/2019 13:00,2207.105
21/2/2019 14:00,1975.414
21/2/2019 15:00,1586.216
21/2/2019 16:00,1032.185
21/2/2019 17:00,354.914
21/2/2019 18:00,0
21/2/2019 19:00,0
21/2/2019 20:00,0
21/2/2019 21:00,0
21/2/2019 22:00,0
21/2/2019 23:00,0
22/2/2019 0:00,0
22/2/2019 1:00,0
22/2/2019 2:00,0
22/2/2019 3:00,0
22/2/2019 4:00,0
22/2/2019 5:00,0
22/2/2019 6:00,0
22/2/2019 7:00,450.349
22/2/2019 8:00,1145.545
22/2/2019 9:00,1690.779
22/2/2019 10:00,2040.669
22/2/2019 11:00,2237.755
22/2/2019 12:00,2289.466
22/2/2019 13:00,2196.278
22/2/2019 14:00,1962.994
22/2/2019 15:00,1571.048
22/2/2019 16:00,1014.262
22/2/2019 17:00,341.319
22/2/2019 18:00,0
22/2/2019 19:00,0
22/2/2019 20:00,0
22/2/2019 21:00,0
22/2/2019 22:00,0
22/2/2019 23:00,0
23/2/2019 0:00,0
23/2/2019 1:00,0
23/2/2019 2:00,0
23/2/2019 3:00,0
23/2/2019 4:00,0
23/2/2019 5:00,0
23/2/2019 6:00,0
23/2/2019 7:00,436.232
23/2/2019 8:00,1134.853
23/2/2019 9:00,1677.153
23/2/2019 10:00,2024.134
23/2/2019 11:00,2222.039
23/2/2019 12:00,2274.772
23/2/2019 13:00,2186.671
23/2/2019 14:00,1954.473
23/2/2019 15:00,1563.512
23/2/2019 16:00,1008.613
23/2/2019 17:00,339.883
23/2/2019 18:00,0
23/2/2019 19:00,0
23/2/2019 20:00,0
23/2/2019 21:00,0
23/2/2019 22:00,0
23/2/2019 23:00,0
24/2/2019 0:00,0
24/2/2019 1:00,0
24/2/2019 2:00,0
24/2/2019 3:00,0
24/2/2019 4:00,0
24/2/2019 5:00,0
24/2/2019 6:00,0
24/2/2019 7:00,448.133
24/2/2019 8:00,1143.884
24/2/2019 9:00,1676.732
24/2/2019 10:00,2040.032
24/2/2019 11:00,2232.961
24/2/2019 12:00,2280.832
24/2/2019 13:00,2195.104
24/2/2019 14:00,1960.81
24/2/2019 15:00,1570.266
24/2/2019 16:00,1017.791
24/2/2019 17:00,349.986
24/2/2019 18:00,0
24/2/2019 19:00,0
24/2/2019 20:00,0
24/2/2019 21:00,0
24/2/2019 22:00,0
24/2/2019 23:00,0
25/2/2019 0:00,0
25/2/2019 1:00,0
25/2/2019 2:00,0
25/2/2019 3:00,0
25/2/2019 4:00,0
25/2/2019 5:00,0
25/2/2019 6:00,0
25/2/2019 7:00,440.014
25/2/2019 8:00,1123.941
25/2/2019 9:00,1651.945
25/2/2019 10:00,2008.362
25/2/2019 11:00,2208.574
25/2/2019 12:00,2263.333
25/2/2019 13:00,2184.397
25/2/2019 14:00,1955.704
25/2/2019 15:00,1570.226
25/2/2019 16:00,996.333
25/2/2019 17:00,333.958
25/2/2019 18:00,0
25/2/2019 19:00,0
25/2/2019 20:00,0
25/2/2019 21:00,0
25/2/2019 22:00,0
25/2/2019 23:00,0
26/2/2019 0:00,0
26/2/2019 1:00,0
26/2/2019 2:00,0
26/2/2019 3:00,0
26/2/2019 4:00,0
26/2/2019 5:00,0
26/2/2019 6:00,0
26/2/2019 7:00,426.106
26/2/2019 8:00,1111.831
26/2/2019 9:00,1641.675
26/2/2019 10:00,1985.839
26/2/2019 11:00,2189.292
26/2/2019 12:00,2246.604
26/2/2019 13:00,2155.226
26/2/2019 14:00,1925.735
26/2/2019 15:00,1539.283
26/2/2019 16:00,993.071
26/2/2019 17:00,342.219
26/2/2019 18:00,0
26/2/2019 19:00,0
26/2/2019 20:00,0
26/2/2019 21:00,0
26/2/2019 22:00,0
26/2/2019 23:00,0
27/2/2019 0:00,0
27/2/2019 1:00,0
27/2/2019 2:00,0
27/2/2019 3:00,0
27/2/2019 4:00,0
27/2/2019 5:00,0
27/2/2019 6:00,0
27/2/2019 7:00,436.875
27/2/2019 8:00,1123.341
27/2/2019 9:00,1650.22
27/2/2019 10:00,1991.996
27/2/2019 11:00,2195.201
27/2/2019 12:00,2252.03
27/2/2019 13:00,2169.07
27/2/2019 14:00,1941.326
27/2/2019 15:00,1554.599
27/2/2019 16:00,985.929
27/2/2019 17:00,336.784
27/2/2019 18:00,0
27/2/2019 19:00,0
27/2/2019 20:00,0
27/2/2019 21:00,0
27/2/2019 22:00,0
27/2/2019 23:00,0
28/2/2019 0:00,0
28/2/2019 1:00,0
28/2/2019 2:00,0
28/2/2019 3:00,0
28/2/2019 4:00,0
28/2/2019 5:00,0
28/2/2019 6:00,0
28/2/2019 7:00,422.603
28/2/2019 8:00,1098.422
28/2/2019 9:00,1624.074
28/2/2019 10:00,1935.502
28/2/2019 11:00,2133.994
28/2/2019 12:00,2146.831
28/2/2019 13:00,1980.829
28/2/2019 14:00,1808.785
28/2/2019 15:00,1475.733
28/2/2019 16:00,902.178
28/2/2019 17:00,316.282
28/2/2019 18:00,0
28/2/2019 19:00,0
28/2/2019 20:00,0
28/2/2019 21:00,0
28/2/2019 22:00,0
28/2/2019 23:00,0
1/3/2019 0:00,0
1/3/2019 1:00,0
1/3/2019 2:00,0
1/3/2019 3:00,0
1/3/2019 4:00,0
1/3/2019 5:00,0
1/3/2019 6:00,0
1/3/2019 7:00,465.193
1/3/2019 8:00,1154.701
1/3/2019 9:00,1683.28
1/3/2019 10:00,2045.321
1/3/2019 11:00,2249.253
1/3/2019 12:00,2304.501
1/3/2019 13:00,2212.638
1/3/2019 14:00,1983.89
1/3/2019 15:00,1599.517
1/3/2019 16:00,1055.024
1/3/2019 17:00,386.256
1/3/2019 18:00,0
1/3/2019 19:00,0
1/3/2019 20:00,0
1/3/2019 21:00,0
1/3/2019 22:00,0
1/3/2019 23:00,0
2/3/2019 0:00,0
2/3/2019 1:00,0
2/3/2019 2:00,0
2/3/2019 3:00,0
2/3/2019 4:00,0
2/3/2019 5:00,0
2/3/2019 6:00,0
2/3/2019 7:00,473.181
2/3/2019 8:00,1162.707
2/3/2019 9:00,1688.641
2/3/2019 10:00,2021.013
2/3/2019 11:00,2222.742
2/3/2019 12:00,2276.653
2/3/2019 13:00,2186.504
2/3/2019 14:00,1957.606
2/3/2019 15:00,1574.877
2/3/2019 16:00,1029.779
2/3/2019 17:00,370.111
2/3/2019 18:00,0
2/3/2019 19:00,0
2/3/2019 20:00,0
2/3/2019 21:00,0
2/3/2019 22:00,0
2/3/2019 23:00,0
3/3/2019 0:00,0
3/3/2019 1:00,0
3/3/2019 2:00,0
3/3/2019 3:00,0
3/3/2019 4:00,0
3/3/2019 5:00,0
3/3/2019 6:00,0
3/3/2019 7:00,458.709
3/3/2019 8:00,1155.775
3/3/2019 9:00,1688.827
3/3/2019 10:00,2048.593
3/3/2019 11:00,2249.203
3/3/2019 12:00,2304.924
3/3/2019 13:00,2219.108
3/3/2019 14:00,1991.087
3/3/2019 15:00,1605.488
3/3/2019 16:00,1057.933
3/3/2019 17:00,389.696
3/3/2019 18:00,0
3/3/2019 19:00,0
3/3/2019 20:00,0
3/3/2019 21:00,0
3/3/2019 22:00,0
3/3/2019 23:00,0
4/3/2019 0:00,0
4/3/2019 1:00,0
4/3/2019 2:00,0
4/3/2019 3:00,0
4/3/2019 4:00,0
4/3/2019 5:00,0
4/3/2019 6:00,0
4/3/2019 7:00,465.63
4/3/2019 8:00,1150.142
4/3/2019 9:00,1683.531
4/3/2019 10:00,2041.011
4/3/2019 11:00,2238.767
4/3/2019 12:00,2291.114
4/3/2019 13:00,2213.109
4/3/2019 14:00,1983.926
4/3/2019 15:00,1600.452
4/3/2019 16:00,1058.462
4/3/2019 17:00,394.895
4/3/2019 18:00,0
4/3/2019 19:00,0
4/3/2019 20:00,0
4/3/2019 21:00,0
4/3/2019 22:00,0
4/3/2019 23:00,0
5/3/2019 0:00,0
5/3/2019 1:00,0
5/3/2019 2:00,0
5/3/2019 3:00,0
5/3/2019 4:00,0
5/3/2019 5:00,0
5/3/2019 6:00,0
5/3/2019 7:00,493.473
5/3/2019 8:00,1193.557
5/3/2019 9:00,1722.569
5/3/2019 10:00,2072.323
5/3/2019 11:00,2265.86
5/3/2019 12:00,2314.688
5/3/2019 13:00,2226.283
5/3/2019 14:00,1995.004
5/3/2019 15:00,1610.95
5/3/2019 16:00,1066.899
5/3/2019 17:00,401.205
5/3/2019 18:00,0
5/3/2019 19:00,0
5/3/2019 20:00,0
5/3/2019 21:00,0
5/3/2019 22:00,0
5/3/2019 23:00,0
6/3/2019 0:00,0
6/3/2019 1:00,0
6/3/2019 2:00,0
6/3/2019 3:00,0
6/3/2019 4:00,0
6/3/2019 5:00,0
6/3/2019 6:00,0
6/3/2019 7:00,387.144
6/3/2019 8:00,1137.494
6/3/2019 9:00,1666.97
6/3/2019 10:00,2022.78
6/3/2019 11:00,2222.51
6/3/2019 12:00,2277.572
6/3/2019 13:00,2210.024
6/3/2019 14:00,1982.25
6/3/2019 15:00,1600.654
6/3/2019 16:00,1062.506
6/3/2019 17:00,400.376
6/3/2019 18:00,0
6/3/2019 19:00,0
6/3/2019 20:00,0
6/3/2019 21:00,0
6/3/2019 22:00,0
6/3/2019 23:00,0
7/3/2019 0:00,0
7/3/2019 1:00,0
7/3/2019 2:00,0
7/3/2019 3:00,0
7/3/2019 4:00,0
7/3/2019 5:00,0
7/3/2019 6:00,0
7/3/2019 7:00,480.975
7/3/2019 8:00,1153.407
7/3/2019 9:00,1675.217
7/3/2019 10:00,2033.754
7/3/2019 11:00,2230.074
7/3/2019 12:00,2270.949
7/3/2019 13:00,2145.336
7/3/2019 14:00,1876.381
7/3/2019 15:00,1438.469
7/3/2019 16:00,874.738
7/3/2019 17:00,292.709
7/3/2019 18:00,0
7/3/2019 19:00,0
7/3/2019 20:00,0
7/3/2019 21:00,0
7/3/2019 22:00,0
7/3/2019 23:00,0
8/3/2019 0:00,0
8/3/2019 1:00,0
8/3/2019 2:00,0
8/3/2019 3:00,0
8/3/2019 4:00,0
8/3/2019 5:00,0
8/3/2019 6:00,0
8/3/2019 7:00,402.043
8/3/2019 8:00,1121.246
8/3/2019 9:00,1651.127
8/3/2019 10:00,2038.632
8/3/2019 11:00,2237.684
8/3/2019 12:00,2288.845
8/3/2019 13:00,2193.211
8/3/2019 14:00,1967.426
8/3/2019 15:00,1576.253
8/3/2019 16:00,1024.723
8/3/2019 17:00,359.652
8/3/2019 18:00,0
8/3/2019 19:00,0
8/3/2019 20:00,0
8/3/2019 21:00,0
8/3/2019 22:00,0
8/3/2019 23:00,0
9/3/2019 0:00,0
9/3/2019 1:00,0
9/3/2019 2:00,0
9/3/2019 3:00,0
9/3/2019 4:00,0
9/3/2019 5:00,0
9/3/2019 6:00,0
9/3/2019 7:00,483.331
9/3/2019 8:00,1164.395
9/3/2019 9:00,1698.323
9/3/2019 10:00,2063.349
9/3/2019 11:00,2263.948
9/3/2019 12:00,2316.294
9/3/2019 13:00,2213.028
9/3/2019 14:00,1978.193
9/3/2019 15:00,1586.516
9/3/2019 16:00,1036.86
9/3/2019 17:00,382.353
9/3/2019 18:00,0
9/3/2019 19:00,0
9/3/2019 20:00,0
9/3/2019 21:00,0
9/3/2019 22:00,0
9/3/2019 23:00,0
10/3/2019 0:00,0
10/3/2019 1:00,0
10/3/2019 2:00,0
10/3/2019 3:00,0
10/3/2019 4:00,0
10/3/2019 5:00,0
10/3/2019 6:00,0
10/3/2019 7:00,504.992
10/3/2019 8:00,1203.06
10/3/2019 9:00,1735.232
10/3/2019 10:00,2103.125
10/3/2019 11:00,2304.27
10/3/2019 12:00,2356.601
10/3/2019 13:00,2265.08
10/3/2019 14:00,2033.963
10/3/2019 15:00,1646.652
10/3/2019 16:00,1097.106
10/3/2019 17:00,424.935
10/3/2019 18:00,0
10/3/2019 19:00,0
10/3/2019 20:00,0
10/3/2019 21:00,0
10/3/2019 22:00,0
10/3/2019 23:00,0
11/3/2019 0:00,0
11/3/2019 1:00,0
11/3/2019 2:00,0
11/3/2019 3:00,0
11/3/2019 4:00,0
11/3/2019 5:00,0
11/3/2019 6:00,0
11/3/2019 7:00,479.318
11/3/2019 8:00,1171.33
11/3/2019 9:00,1704.221
11/3/2019 10:00,2059.52
11/3/2019 11:00,2257.109
11/3/2019 12:00,2306.408
11/3/2019 13:00,2187.079
11/3/2019 14:00,1950.726
11/3/2019 15:00,1562.483
11/3/2019 16:00,1018.848
11/3/2019 17:00,375.292
11/3/2019 18:00,0
11/3/2019 19:00,0
11/3/2019 20:00,0
11/3/2019 21:00,0
11/3/2019 22:00,0
11/3/2019 23:00,0
12/3/2019 0:00,0
12/3/2019 1:00,0
12/3/2019 2:00,0
12/3/2019 3:00,0
12/3/2019 4:00,0
12/3/2019 5:00,0
12/3/2019 6:00,0
12/3/2019 7:00,470.203
12/3/2019 8:00,1153.796
12/3/2019 9:00,1682.284
12/3/2019 10:00,2013.762
12/3/2019 11:00,2216.995
12/3/2019 12:00,2270.095
12/3/2019 13:00,2159.715
12/3/2019 14:00,1926.026
12/3/2019 15:00,1535.247
12/3/2019 16:00,988.77
12/3/2019 17:00,356.089
12/3/2019 18:00,0
12/3/2019 19:00,0
12/3/2019 20:00,0
12/3/2019 21:00,0
12/3/2019 22:00,0
12/3/2019 23:00,0
13/3/2019 0:00,0
13/3/2019 1:00,0
13/3/2019 2:00,0
13/3/2019 3:00,0
13/3/2019 4:00,0
13/3/2019 5:00,0
13/3/2019 6:00,0
13/3/2019 7:00,432.376
13/3/2019 8:00,1098.073
13/3/2019 9:00,1626.014
13/3/2019 10:00,1982.54
13/3/2019 11:00,2182.583
13/3/2019 12:00,2233.682
13/3/2019 13:00,2081.225
13/3/2019 14:00,1848.975
13/3/2019 15:00,1466.511
13/3/2019 16:00,924.661
13/3/2019 17:00,327.82
13/3/2019 18:00,0
13/3/2019 19:00,0
13/3/2019 20:00,0
13/3/2019 21:00,0
13/3/2019 22:00,0
13/3/2019 23:00,0
14/3/2019 0:00,0
14/3/2019 1:00,0
14/3/2019 2:00,0
14/3/2019 3:00,0
14/3/2019 4:00,0
14/3/2019 5:00,0
14/3/2019 6:00,0
14/3/2019 7:00,410.437
14/3/2019 8:00,1061.607
14/3/2019 9:00,1590.173
14/3/2019 10:00,1902.639
14/3/2019 11:00,2111.365
14/3/2019 12:00,2167.444
14/3/2019 13:00,2040.504
14/3/2019 14:00,1803.369
14/3/2019 15:00,1415.475
14/3/2019 16:00,889.755
14/3/2019 17:00,310.03
14/3/2019 18:00,0
14/3/2019 19:00,0
14/3/2019 20:00,0
14/3/2019 21:00,0
14/3/2019 22:00,0
14/3/2019 23:00,0
15/3/2019 0:00,0
15/3/2019 1:00,0
15/3/2019 2:00,0
15/3/2019 3:00,0
15/3/2019 4:00,0
15/3/2019 5:00,0
15/3/2019 6:00,0
15/3/2019 7:00,376.153
15/3/2019 8:00,999.455
15/3/2019 9:00,1519.982
15/3/2019 10:00,1810.703
15/3/2019 11:00,2016.208
15/3/2019 12:00,2073.869
15/3/2019 13:00,1986.186
15/3/2019 14:00,1751.432
15/3/2019 15:00,1366.358
15/3/2019 16:00,856.92
15/3/2019 17:00,291.225
15/3/2019 18:00,0
15/3/2019 19:00,0
15/3/2019 20:00,0
15/3/2019 21:00,0
15/3/2019 22:00,0
15/3/2019 23:00,0
16/3/2019 0:00,0
16/3/2019 1:00,0
16/3/2019 2:00,0
16/3/2019 3:00,0
16/3/2019 4:00,0
16/3/2019 5:00,0
16/3/2019 6:00,0
16/3/2019 7:00,359.68
16/3/2019 8:00,966.458
16/3/2019 9:00,1499.007
16/3/2019 10:00,1868.593
16/3/2019 11:00,2077.876
16/3/2019 12:00,2139.654
16/3/2019 13:00,2024.468
16/3/2019 14:00,1795.155
16/3/2019 15:00,1412.449
16/3/2019 16:00,883.935
16/3/2019 17:00,293.777
16/3/2019 18:00,0
16/3/2019 19:00,0
16/3/2019 20:00,0
16/3/2019 21:00,0
16/3/2019 22:00,0
16/3/2019 23:00,0
17/3/2019 0:00,0
17/3/2019 1:00,0
17/3/2019 2:00,0
17/3/2019 3:00,0
17/3/2019 4:00,0
17/3/2019 5:00,0
17/3/2019 6:00,0
17/3/2019 7:00,403.365
17/3/2019 8:00,1035.249
17/3/2019 9:00,1556.722
17/3/2019 10:00,1911.771
17/3/2019 11:00,2114.101
17/3/2019 12:00,2165.919
17/3/2019 13:00,2069.539
17/3/2019 14:00,1838.613
17/3/2019 15:00,1457.235
17/3/2019 16:00,934.637
17/3/2019 17:00,341.37
17/3/2019 18:00,0
17/3/2019 19:00,0
17/3/2019 20:00,0
17/3/2019 21:00,0
17/3/2019 22:00,0
17/3/2019 23:00,0
18/3/2019 0:00,0
18/3/2019 1:00,0
18/3/2019 2:00,0
18/3/2019 3:00,0
18/3/2019 4:00,0
18/3/2019 5:00,0
18/3/2019 6:00,0
18/3/2019 7:00,405.851
18/3/2019 8:00,1029.54
18/3/2019 9:00,1535.944
18/3/2019 10:00,1885.032
18/3/2019 11:00,2084.289
18/3/2019 12:00,2135.681
18/3/2019 13:00,1961.774
18/3/2019 14:00,1705.532
18/3/2019 15:00,1308.082
18/3/2019 16:00,796.653
18/3/2019 17:00,258.179
18/3/2019 18:00,0
18/3/2019 19:00,0
18/3/2019 20:00,0
18/3/2019 21:00,0
18/3/2019 22:00,0
18/3/2019 23:00,0
19/3/2019 0:00,0
19/3/2019 1:00,0
19/3/2019 2:00,0
19/3/2019 3:00,0
19/3/2019 4:00,0
19/3/2019 5:00,0
19/3/2019 6:00,0
19/3/2019 7:00,394.213
19/3/2019 8:00,1017.979
19/3/2019 9:00,1546.243
19/3/2019 10:00,1942.647
19/3/2019 11:00,2140.75
19/3/2019 12:00,2191.083
19/3/2019 13:00,2055.281
19/3/2019 14:00,1801.743
19/3/2019 15:00,1433.826
19/3/2019 16:00,934.993
19/3/2019 17:00,350.361
19/3/2019 18:00,0
19/3/2019 19:00,0
19/3/2019 20:00,0
19/3/2019 21:00,0
19/3/2019 22:00,0
19/3/2019 23:00,0
20/3/2019 0:00,0
20/3/2019 1:00,0
20/3/2019 2:00,0
20/3/2019 3:00,0
20/3/2019 4:00,0
20/3/2019 5:00,0
20/3/2019 6:00,0
20/3/2019 7:00,476.197
20/3/2019 8:00,1129.315
20/3/2019 9:00,1650.274
20/3/2019 10:00,2008.371
20/3/2019 11:00,2209.305
20/3/2019 12:00,2265.297
20/3/2019 13:00,2188.807
20/3/2019 14:00,1968.097
20/3/2019 15:00,1596.879
20/3/2019 16:00,1074.405
20/3/2019 17:00,439.61
20/3/2019 18:00,0
20/3/2019 19:00,0
20/3/2019 20:00,0
20/3/2019 21:00,0
20/3/2019 22:00,0
20/3/2019 23:00,0
21/3/2019 0:00,0
21/3/2019 1:00,0
21/3/2019 2:00,0
21/3/2019 3:00,0
21/3/2019 4:00,0
21/3/2019 5:00,0
21/3/2019 6:00,0.998
21/3/2019 7:00,522.13
21/3/2019 8:00,1184.956
21/3/2019 9:00,1699.171
21/3/2019 10:00,2045.932
21/3/2019 11:00,2238.56
21/3/2019 12:00,2284.64
21/3/2019 13:00,2196.018
21/3/2019 14:00,1960.372
21/3/2019 15:00,1574.111
21/3/2019 16:00,1039.799
21/3/2019 17:00,410.77
21/3/2019 18:00,0
21/3/2019 19:00,0
21/3/2019 20:00,0
21/3/2019 21:00,0
21/3/2019 22:00,0
21/3/2019 23:00,0
22/3/2019 0:00,0
22/3/2019 1:00,0
22/3/2019 2:00,0
22/3/2019 3:00,0
22/3/2019 4:00,0
22/3/2019 5:00,0
22/3/2019 6:00,0.082
22/3/2019 7:00,482.381
22/3/2019 8:00,1134.853
22/3/2019 9:00,1641.71
22/3/2019 10:00,1985.679
22/3/2019 11:00,2179.089
22/3/2019 12:00,2227.955
22/3/2019 13:00,2070.791
22/3/2019 14:00,1837.954
22/3/2019 15:00,1453.077
22/3/2019 16:00,947.543
22/3/2019 17:00,353.791
22/3/2019 18:00,0
22/3/2019 19:00,0
22/3/2019 20:00,0
22/3/2019 21:00,0
22/3/2019 22:00,0
22/3/2019 23:00,0
23/3/2019 0:00,0
23/3/2019 1:00,0
23/3/2019 2:00,0
23/3/2019 3:00,0
23/3/2019 4:00,0
23/3/2019 5:00,0
23/3/2019 6:00,0
23/3/2019 7:00,402.897
23/3/2019 8:00,998.033
23/3/2019 9:00,1493.078
23/3/2019 10:00,1770.693
23/3/2019 11:00,1973.872
23/3/2019 12:00,2031.156
23/3/2019 13:00,1922.195
23/3/2019 14:00,1685.542
23/3/2019 15:00,1305.535
23/3/2019 16:00,793.061
23/3/2019 17:00,256.755
23/3/2019 18:00,0
23/3/2019 19:00,0
23/3/2019 20:00,0
23/3/2019 21:00,0
23/3/2019 22:00,0
23/3/2019 23:00,0
24/3/2019 0:00,0
24/3/2019 1:00,0
24/3/2019 2:00,0
24/3/2019 3:00,0
24/3/2019 4:00,0
24/3/2019 5:00,0
24/3/2019 6:00,0
24/3/2019 7:00,380.547
24/3/2019 8:00,974.41
24/3/2019 9:00,1485.27
24/3/2019 10:00,1874.436
24/3/2019 11:00,2086.115
24/3/2019 12:00,2150.811
24/3/2019 13:00,2088.468
24/3/2019 14:00,1867.543
24/3/2019 15:00,1497.021
24/3/2019 16:00,983.053
24/3/2019 17:00,387.945
24/3/2019 18:00,0
24/3/2019 19:00,0
24/3/2019 20:00,0
24/3/2019 21:00,0
24/3/2019 22:00,0
24/3/2019 23:00,0
25/3/2019 0:00,0
25/3/2019 1:00,0
25/3/2019 2:00,0
25/3/2019 3:00,0
25/3/2019 4:00,0
25/3/2019 5:00,0
25/3/2019 6:00,3.473
25/3/2019 7:00,481.027
25/3/2019 8:00,1126.771
25/3/2019 9:00,1641.482
25/3/2019 10:00,1974.506
25/3/2019 11:00,2170.794
25/3/2019 12:00,2224.863
25/3/2019 13:00,2104.232
25/3/2019 14:00,1878.083
25/3/2019 15:00,1500.606
25/3/2019 16:00,977.415
25/3/2019 17:00,379.536
25/3/2019 18:00,0
25/3/2019 19:00,0
25/3/2019 20:00,0
25/3/2019 21:00,0
25/3/2019 22:00,0
25/3/2019 23:00,0
26/3/2019 0:00,0
26/3/2019 1:00,0
26/3/2019 2:00,0
26/3/2019 3:00,0
26/3/2019 4:00,0
26/3/2019 5:00,0
26/3/2019 6:00,1.447
26/3/2019 7:00,422.946
26/3/2019 8:00,1031.732
26/3/2019 9:00,1539.41
26/3/2019 10:00,1883.414
26/3/2019 11:00,2066.72
26/3/2019 12:00,2087.001
26/3/2019 13:00,1941.429
26/3/2019 14:00,1625.121
26/3/2019 15:00,1090.145
26/3/2019 16:00,594.053
26/3/2019 17:00,175.244
26/3/2019 18:00,0
26/3/2019 19:00,0
26/3/2019 20:00,0
26/3/2019 21:00,0
26/3/2019 22:00,0
26/3/2019 23:00,0
27/3/2019 0:00,0
27/3/2019 1:00,0
27/3/2019 2:00,0
27/3/2019 3:00,0
27/3/2019 4:00,0
27/3/2019 5:00,0
27/3/2019 6:00,0
27/3/2019 7:00,93.398
27/3/2019 8:00,289.683
27/3/2019 9:00,507.711
27/3/2019 10:00,734.398
27/3/2019 11:00,871.978
27/3/2019 12:00,853.395
27/3/2019 13:00,789.247
27/3/2019 14:00,648.924
27/3/2019 15:00,477.46
27/3/2019 16:00,298.557
27/3/2019 17:00,101.404
27/3/2019 18:00,0
27/3/2019 19:00,0
27/3/2019 20:00,0
27/3/2019 21:00,0
27/3/2019 22:00,0
27/3/2019 23:00,0
28/3/2019 0:00,0
28/3/2019 1:00,0
28/3/2019 2:00,0
28/3/2019 3:00,0
28/3/2019 4:00,0
28/3/2019 5:00,0
28/3/2019 6:00,0
28/3/2019 7:00,300.477
28/3/2019 8:00,745.011
28/3/2019 9:00,1230.24
28/3/2019 10:00,1628.388
28/3/2019 11:00,1874.927
28/3/2019 12:00,2023.814
28/3/2019 13:00,2032.575
28/3/2019 14:00,1855.27
28/3/2019 15:00,1458.834
28/3/2019 16:00,917.405
28/3/2019 17:00,336.104
28/3/2019 18:00,0
28/3/2019 19:00,0
28/3/2019 20:00,0
28/3/2019 21:00,0
28/3/2019 22:00,0
28/3/2019 23:00,0
29/3/2019 0:00,0
29/3/2019 1:00,0
29/3/2019 2:00,0
29/3/2019 3:00,0
29/3/2019 4:00,0
29/3/2019 5:00,0
29/3/2019 6:00,4.761
29/3/2019 7:00,449.789
29/3/2019 8:00,1070.549
29/3/2019 9:00,1542.051
29/3/2019 10:00,1828.688
29/3/2019 11:00,1981.341
29/3/2019 12:00,2024.804
29/3/2019 13:00,2044.307
29/3/2019 14:00,1883.646
29/3/2019 15:00,1500.544
29/3/2019 16:00,952.108
29/3/2019 17:00,361.088
29/3/2019 18:00,0
29/3/2019 19:00,0
29/3/2019 20:00,0
29/3/2019 21:00,0
29/3/2019 22:00,0
29/3/2019 23:00,0
30/3/2019 0:00,0
30/3/2019 1:00,0
30/3/2019 2:00,0
30/3/2019 3:00,0
30/3/2019 4:00,0
30/3/2019 5:00,0
30/3/2019 6:00,5.212
30/3/2019 7:00,439.239
30/3/2019 8:00,1048.481
30/3/2019 9:00,1547.567
30/3/2019 10:00,1895.745
30/3/2019 11:00,2063.614
30/3/2019 12:00,2046.309
30/3/2019 13:00,1992.999
30/3/2019 14:00,1737.278
30/3/2019 15:00,1351.436
30/3/2019 16:00,846.484
30/3/2019 17:00,313.04
30/3/2019 18:00,0
30/3/2019 19:00,0
30/3/2019 20:00,0
30/3/2019 21:00,0
30/3/2019 22:00,0
30/3/2019 23:00,0
31/3/2019 0:00,0
31/3/2019 1:00,0
31/3/2019 2:00,0
31/3/2019 3:00,0
31/3/2019 4:00,0
31/3/2019 5:00,0
31/3/2019 6:00,3.693
31/3/2019 7:00,419.677
31/3/2019 8:00,1091.001
31/3/2019 9:00,1626.116
31/3/2019 10:00,2030.645
31/3/2019 11:00,2231.293
31/3/2019 12:00,2277.535
31/3/2019 13:00,2185.487
31/3/2019 14:00,1947.626
31/3/2019 15:00,1563.924
31/3/2019 16:00,1064.126
31/3/2019 17:00,452.531
31/3/2019 18:00,2.377
31/3/2019 19:00,0
31/3/2019 20:00,0
31/3/2019 21:00,0
31/3/2019 22:00,0
31/3/2019 23:00,0
1/4/2019 0:00,0
1/4/2019 1:00,0
1/4/2019 2:00,0
1/4/2019 3:00,0
1/4/2019 4:00,0
1/4/2019 5:00,0
1/4/2019 6:00,16.352
1/4/2019 7:00,591.054
1/4/2019 8:00,1254.332
1/4/2019 9:00,1759.648
1/4/2019 10:00,2078.483
1/4/2019 11:00,2265.583
1/4/2019 12:00,2299.628
1/4/2019 13:00,2195.31
1/4/2019 14:00,1953.212
1/4/2019 15:00,1566.129
1/4/2019 16:00,1046.089
1/4/2019 17:00,441.78
1/4/2019 18:00,2.384
1/4/2019 19:00,0
1/4/2019 20:00,0
1/4/2019 21:00,0
1/4/2019 22:00,0
1/4/2019 23:00,0
2/4/2019 0:00,0
2/4/2019 1:00,0
2/4/2019 2:00,0
2/4/2019 3:00,0
2/4/2019 4:00,0
2/4/2019 5:00,0
2/4/2019 6:00,12.532
2/4/2019 7:00,497.027
2/4/2019 8:00,1129.565
2/4/2019 9:00,1654.708
2/4/2019 10:00,1998.137
2/4/2019 11:00,2180.061
2/4/2019 12:00,2205.401
2/4/2019 13:00,2097.606
2/4/2019 14:00,1839.525
2/4/2019 15:00,1438.992
2/4/2019 16:00,921.964
2/4/2019 17:00,358.707
2/4/2019 18:00,0
2/4/2019 19:00,0
2/4/2019 20:00,0
2/4/2019 21:00,0
2/4/2019 22:00,0
2/4/2019 23:00,0
3/4/2019 0:00,0
3/4/2019 1:00,0
3/4/2019 2:00,0
3/4/2019 3:00,0
3/4/2019 4:00,0
3/4/2019 5:00,0
3/4/2019 6:00,8.389
3/4/2019 7:00,408.403
3/4/2019 8:00,1043.275
3/4/2019 9:00,1569.176
3/4/2019 10:00,1931.616
3/4/2019 11:00,2126.389
3/4/2019 12:00,2174.966
3/4/2019 13:00,2069.216
3/4/2019 14:00,1829.203
3/4/2019 15:00,1439.721
3/4/2019 16:00,904.87
3/4/2019 17:00,349.322
3/4/2019 18:00,0
3/4/2019 19:00,0
3/4/2019 20:00,0
3/4/2019 21:00,0
3/4/2019 22:00,0
3/4/2019 23:00,0
4/4/2019 0:00,0
4/4/2019 1:00,0
4/4/2019 2:00,0
4/4/2019 3:00,0
4/4/2019 4:00,0
4/4/2019 5:00,0
4/4/2019 6:00,10.212
4/4/2019 7:00,441.969
4/4/2019 8:00,1041.633
4/4/2019 9:00,1543.416
4/4/2019 10:00,1859.511
4/4/2019 11:00,2065.133
4/4/2019 12:00,2124.408
4/4/2019 13:00,2021.3
4/4/2019 14:00,1805.472
4/4/2019 15:00,1442.939
4/4/2019 16:00,943.649
4/4/2019 17:00,381.502
4/4/2019 18:00,2.005
4/4/2019 19:00,0
4/4/2019 20:00,0
4/4/2019 21:00,0
4/4/2019 22:00,0
4/4/2019 23:00,0
5/4/2019 0:00,0
5/4/2019 1:00,0
5/4/2019 2:00,0
5/4/2019 3:00,0
5/4/2019 4:00,0
5/4/2019 5:00,0
5/4/2019 6:00,4.511
5/4/2019 7:00,293.507
5/4/2019 8:00,745.317
5/4/2019 9:00,1190.63
5/4/2019 10:00,1471.443
5/4/2019 11:00,1683.297
5/4/2019 12:00,1803.104
5/4/2019 13:00,1678.644
5/4/2019 14:00,1440.015
5/4/2019 15:00,1075.137
5/4/2019 16:00,685.341
5/4/2019 17:00,279.045
5/4/2019 18:00,0
5/4/2019 19:00,0
5/4/2019 20:00,0
5/4/2019 21:00,0
5/4/2019 22:00,0
5/4/2019 23:00,0
6/4/2019 0:00,0
6/4/2019 1:00,0
6/4/2019 2:00,0
6/4/2019 3:00,0
6/4/2019 4:00,0
6/4/2019 5:00,0
6/4/2019 6:00,20.131
6/4/2019 7:00,524.047
6/4/2019 8:00,1151.392
6/4/2019 9:00,1645.81
6/4/2019 10:00,1908.15
6/4/2019 11:00,2091.713
6/4/2019 12:00,2133.233
6/4/2019 13:00,2009.395
6/4/2019 14:00,1748.941
6/4/2019 15:00,1353.763
6/4/2019 16:00,862.763
6/4/2019 17:00,322.674
6/4/2019 18:00,0
6/4/2019 19:00,0
6/4/2019 20:00,0
6/4/2019 21:00,0
6/4/2019 22:00,0
6/4/2019 23:00,0
7/4/2019 0:00,0
7/4/2019 1:00,0
7/4/2019 2:00,0
7/4/2019 3:00,0
7/4/2019 4:00,0
7/4/2019 5:00,0
7/4/2019 6:00,13.429
7/4/2019 7:00,458.479
7/4/2019 8:00,1063.271
7/4/2019 9:00,1570.183
7/4/2019 10:00,1935.025
7/4/2019 11:00,2135.768
7/4/2019 12:00,2187.504
7/4/2019 13:00,2109.463
7/4/2019 14:00,1883.255
7/4/2019 15:00,1502.383
7/4/2019 16:00,1064.518
7/4/2019 17:00,458.007
7/4/2019 18:00,7.282
7/4/2019 19:00,0
7/4/2019 20:00,0
7/4/2019 21:00,0
7/4/2019 22:00,0
7/4/2019 23:00,0
8/4/2019 0:00,0
8/4/2019 1:00,0
8/4/2019 2:00,0
8/4/2019 3:00,0
8/4/2019 4:00,0
8/4/2019 5:00,0
8/4/2019 6:00,19.675
8/4/2019 7:00,512.048
8/4/2019 8:00,1136.83
8/4/2019 9:00,1631.295
8/4/2019 10:00,1985.725
8/4/2019 11:00,2172.877
8/4/2019 12:00,2202.717
8/4/2019 13:00,2123.786
8/4/2019 14:00,1873.636
8/4/2019 15:00,1475.728
8/4/2019 16:00,941.44
8/4/2019 17:00,377.158
8/4/2019 18:00,1.96
8/4/2019 19:00,0
8/4/2019 20:00,0
8/4/2019 21:00,0
8/4/2019 22:00,0
8/4/2019 23:00,0
9/4/2019 0:00,0
9/4/2019 1:00,0
9/4/2019 2:00,0
9/4/2019 3:00,0
9/4/2019 4:00,0
9/4/2019 5:00,0
9/4/2019 6:00,21.192
9/4/2019 7:00,520.686
9/4/2019 8:00,1136.803
9/4/2019 9:00,1629.948
9/4/2019 10:00,1963.748
9/4/2019 11:00,2148.978
9/4/2019 12:00,2179.088
9/4/2019 13:00,2096.746
9/4/2019 14:00,1844.03
9/4/2019 15:00,1440.624
9/4/2019 16:00,914.723
9/4/2019 17:00,347.36
9/4/2019 18:00,0
9/4/2019 19:00,0
9/4/2019 20:00,0
9/4/2019 21:00,0
9/4/2019 22:00,0
9/4/2019 23:00,0
10/4/2019 0:00,0
10/4/2019 1:00,0
10/4/2019 2:00,0
10/4/2019 3:00,0
10/4/2019 4:00,0
10/4/2019 5:00,0
10/4/2019 6:00,23.071
10/4/2019 7:00,525.787
10/4/2019 8:00,1139.648
10/4/2019 9:00,1629.939
10/4/2019 10:00,1938.126
10/4/2019 11:00,2092.662
10/4/2019 12:00,2055.307
10/4/2019 13:00,2035.285
10/4/2019 14:00,1685.032
10/4/2019 15:00,1217.925
10/4/2019 16:00,695.236
10/4/2019 17:00,227.47
10/4/2019 18:00,0
10/4/2019 19:00,0
10/4/2019 20:00,0
10/4/2019 21:00,0
10/4/2019 22:00,0
10/4/2019 23:00,0
11/4/2019 0:00,0
11/4/2019 1:00,0
11/4/2019 2:00,0
11/4/2019 3:00,0
11/4/2019 4:00,0
11/4/2019 5:00,0
11/4/2019 6:00,20.474
11/4/2019 7:00,487.153
11/4/2019 8:00,1090.809
11/4/2019 9:00,1581.836
11/4/2019 10:00,1933.245
11/4/2019 11:00,2110.624
11/4/2019 12:00,2121.868
11/4/2019 13:00,2021.355
11/4/2019 14:00,1739.686
11/4/2019 15:00,1321.096
11/4/2019 16:00,813.002
11/4/2019 17:00,304.195
11/4/2019 18:00,0
11/4/2019 19:00,0
11/4/2019 20:00,0
11/4/2019 21:00,0
11/4/2019 22:00,0
11/4/2019 23:00,0
12/4/2019 0:00,0
12/4/2019 1:00,0
12/4/2019 2:00,0
12/4/2019 3:00,0
12/4/2019 4:00,0
12/4/2019 5:00,0
12/4/2019 6:00,16.87
12/4/2019 7:00,419.128
12/4/2019 8:00,942.635
12/4/2019 9:00,1400.507
12/4/2019 10:00,1698.396
12/4/2019 11:00,1831.391
12/4/2019 12:00,1758.942
12/4/2019 13:00,1692.966
12/4/2019 14:00,1424.652
12/4/2019 15:00,1044.054
12/4/2019 16:00,595.766
12/4/2019 17:00,203.142
12/4/2019 18:00,0
12/4/2019 19:00,0
12/4/2019 20:00,0
12/4/2019 21:00,0
12/4/2019 22:00,0
12/4/2019 23:00,0
13/4/2019 0:00,0
13/4/2019 1:00,0
13/4/2019 2:00,0
13/4/2019 3:00,0
13/4/2019 4:00,0
13/4/2019 5:00,0
13/4/2019 6:00,20.413
13/4/2019 7:00,500.629
13/4/2019 8:00,1092.709
13/4/2019 9:00,1578.714
13/4/2019 10:00,1911.014
13/4/2019 11:00,2091.84
13/4/2019 12:00,2096.003
13/4/2019 13:00,2105.113
13/4/2019 14:00,1806.179
13/4/2019 15:00,1366.815
13/4/2019 16:00,837.138
13/4/2019 17:00,309.542
13/4/2019 18:00,0
13/4/2019 19:00,0
13/4/2019 20:00,0
13/4/2019 21:00,0
13/4/2019 22:00,0
13/4/2019 23:00,0
14/4/2019 0:00,0
14/4/2019 1:00,0
14/4/2019 2:00,0
14/4/2019 3:00,0
14/4/2019 4:00,0
14/4/2019 5:00,0
14/4/2019 6:00,26.308
14/4/2019 7:00,511.068
14/4/2019 8:00,1109.997
14/4/2019 9:00,1599.21
14/4/2019 10:00,1939.95
14/4/2019 11:00,2135.756
14/4/2019 12:00,2194.582
14/4/2019 13:00,2131.622
14/4/2019 14:00,1925.454
14/4/2019 15:00,1579.021
14/4/2019 16:00,1084.901
14/4/2019 17:00,495.239
14/4/2019 18:00,16.484
14/4/2019 19:00,0
14/4/2019 20:00,0
14/4/2019 21:00,0
14/4/2019 22:00,0
14/4/2019 23:00,0
15/4/2019 0:00,0
15/4/2019 1:00,0
15/4/2019 2:00,0
15/4/2019 3:00,0
15/4/2019 4:00,0
15/4/2019 5:00,0
15/4/2019 6:00,32.684
15/4/2019 7:00,558.988
15/4/2019 8:00,1164.686
15/4/2019 9:00,1647.262
15/4/2019 10:00,1976.243
15/4/2019 11:00,2162.944
15/4/2019 12:00,2209.673
15/4/2019 13:00,2131.221
15/4/2019 14:00,1914.573
15/4/2019 15:00,1555.909
15/4/2019 16:00,1060.9
15/4/2019 17:00,475.615
15/4/2019 18:00,15.747
15/4/2019 19:00,0
15/4/2019 20:00,0
15/4/2019 21:00,0
15/4/2019 22:00,0
15/4/2019 23:00,0
16/4/2019 0:00,0
16/4/2019 1:00,0
16/4/2019 2:00,0
16/4/2019 3:00,0
16/4/2019 4:00,0
16/4/2019 5:00,0
16/4/2019 6:00,27.954
16/4/2019 7:00,497.366
16/4/2019 8:00,1114.571
16/4/2019 9:00,1591.605
16/4/2019 10:00,1917.189
16/4/2019 11:00,2089.632
16/4/2019 12:00,2134.005
16/4/2019 13:00,2064.328
16/4/2019 14:00,1853.086
16/4/2019 15:00,1497.949
16/4/2019 16:00,1022.041
16/4/2019 17:00,456.589
16/4/2019 18:00,11.386
16/4/2019 19:00,0
16/4/2019 20:00,0
16/4/2019 21:00,0
16/4/2019 22:00,0
16/4/2019 23:00,0
17/4/2019 0:00,0
17/4/2019 1:00,0
17/4/2019 2:00,0
17/4/2019 3:00,0
17/4/2019 4:00,0
17/4/2019 5:00,0
17/4/2019 6:00,27.721
17/4/2019 7:00,493.558
17/4/2019 8:00,1084.835
17/4/2019 9:00,1558.419
17/4/2019 10:00,1901.468
17/4/2019 11:00,2078.526
17/4/2019 12:00,2100.212
17/4/2019 13:00,1981.494
17/4/2019 14:00,1689.703
17/4/2019 15:00,1223.348
17/4/2019 16:00,631.841
17/4/2019 17:00,225.877
17/4/2019 18:00,0
17/4/2019 19:00,0
17/4/2019 20:00,0
17/4/2019 21:00,0
17/4/2019 22:00,0
17/4/2019 23:00,0
18/4/2019 0:00,0
18/4/2019 1:00,0
18/4/2019 2:00,0
18/4/2019 3:00,0
18/4/2019 4:00,0
18/4/2019 5:00,0
18/4/2019 6:00,31.262
18/4/2019 7:00,492.062
18/4/2019 8:00,1069.862
18/4/2019 9:00,1549.701
18/4/2019 10:00,1932.326
18/4/2019 11:00,2073.958
18/4/2019 12:00,2092.218
18/4/2019 13:00,2030.905
18/4/2019 14:00,1816.362
18/4/2019 15:00,1430.086
18/4/2019 16:00,942.951
18/4/2019 17:00,333.628
18/4/2019 18:00,3.29
18/4/2019 19:00,0
18/4/2019 20:00,0
18/4/2019 21:00,0
18/4/2019 22:00,0
18/4/2019 23:00,0
19/4/2019 0:00,0
19/4/2019 1:00,0
19/4/2019 2:00,0
19/4/2019 3:00,0
19/4/2019 4:00,0
19/4/2019 5:00,0
19/4/2019 6:00,33.398
19/4/2019 7:00,522.995
19/4/2019 8:00,1101.181
19/4/2019 9:00,1563.375
19/4/2019 10:00,1855.751
19/4/2019 11:00,1997.741
19/4/2019 12:00,2058.762
19/4/2019 13:00,2012.968
19/4/2019 14:00,1819.22
19/4/2019 15:00,1447.548
19/4/2019 16:00,910.306
19/4/2019 17:00,376.051
19/4/2019 18:00,10.766
19/4/2019 19:00,0
19/4/2019 20:00,0
19/4/2019 21:00,0
19/4/2019 22:00,0
19/4/2019 23:00,0
20/4/2019 0:00,0
20/4/2019 1:00,0
20/4/2019 2:00,0
20/4/2019 3:00,0
20/4/2019 4:00,0
20/4/2019 5:00,0
20/4/2019 6:00,25.567
20/4/2019 7:00,407.238
20/4/2019 8:00,957.519
20/4/2019 9:00,1443.828
20/4/2019 10:00,1847.408
20/4/2019 11:00,2095.201
20/4/2019 12:00,2148.313
20/4/2019 13:00,2069.106
20/4/2019 14:00,1811.681
20/4/2019 15:00,1424.29
20/4/2019 16:00,935.299
20/4/2019 17:00,423.956
20/4/2019 18:00,16.505
20/4/2019 19:00,0
20/4/2019 20:00,0
20/4/2019 21:00,0
20/4/2019 22:00,0
20/4/2019 23:00,0
21/4/2019 0:00,0
21/4/2019 1:00,0
21/4/2019 2:00,0
21/4/2019 3:00,0
21/4/2019 4:00,0
21/4/2019 5:00,0
21/4/2019 6:00,17.419
21/4/2019 7:00,314.186
21/4/2019 8:00,790.386
21/4/2019 9:00,1230.424
21/4/2019 10:00,1561.635
21/4/2019 11:00,1778.154
21/4/2019 12:00,1919.779
21/4/2019 13:00,1917.063
21/4/2019 14:00,1792.56
21/4/2019 15:00,1466.3
21/4/2019 16:00,998.342
21/4/2019 17:00,447.599
21/4/2019 18:00,19.789
21/4/2019 19:00,0
21/4/2019 20:00,0
21/4/2019 21:00,0
21/4/2019 22:00,0
21/4/2019 23:00,0
22/4/2019 0:00,0
22/4/2019 1:00,0
22/4/2019 2:00,0
22/4/2019 3:00,0
22/4/2019 4:00,0
22/4/2019 5:00,0
22/4/2019 6:00,30.107
22/4/2019 7:00,493.004
22/4/2019 8:00,1126.137
22/4/2019 9:00,1617.566
22/4/2019 10:00,1938.116
22/4/2019 11:00,2118.134
22/4/2019 12:00,2160.69
22/4/2019 13:00,2074.861
22/4/2019 14:00,1854.763
22/4/2019 15:00,1500.373
22/4/2019 16:00,1012.935
22/4/2019 17:00,431.424
22/4/2019 18:00,10.053
22/4/2019 19:00,0
22/4/2019 20:00,0
22/4/2019 21:00,0
22/4/2019 22:00,0
22/4/2019 23:00,0
23/4/2019 0:00,0
23/4/2019 1:00,0
23/4/2019 2:00,0
23/4/2019 3:00,0
23/4/2019 4:00,0
23/4/2019 5:00,0
23/4/2019 6:00,36.175
23/4/2019 7:00,472.305
23/4/2019 8:00,994.399
23/4/2019 9:00,1432.431
23/4/2019 10:00,1782.858
23/4/2019 11:00,1958.126
23/4/2019 12:00,2006.352
23/4/2019 13:00,1998.946
23/4/2019 14:00,1824.93
23/4/2019 15:00,1408.752
23/4/2019 16:00,825.096
23/4/2019 17:00,318.862
23/4/2019 18:00,10.82
23/4/2019 19:00,0
23/4/2019 20:00,0
23/4/2019 21:00,0
23/4/2019 22:00,0
23/4/2019 23:00,0
24/4/2019 0:00,0
24/4/2019 1:00,0
24/4/2019 2:00,0
24/4/2019 3:00,0
24/4/2019 4:00,0
24/4/2019 5:00,0
24/4/2019 6:00,45.174
24/4/2019 7:00,562.01
24/4/2019 8:00,1144.477
24/4/2019 9:00,1613.086
24/4/2019 10:00,1908.301
24/4/2019 11:00,2091.886
24/4/2019 12:00,2137.279
24/4/2019 13:00,2006.168
24/4/2019 14:00,1777.954
24/4/2019 15:00,1284.064
24/4/2019 16:00,682.78
24/4/2019 17:00,293.834
24/4/2019 18:00,8.549
24/4/2019 19:00,0
24/4/2019 20:00,0
24/4/2019 21:00,0
24/4/2019 22:00,0
24/4/2019 23:00,0
25/4/2019 0:00,0
25/4/2019 1:00,0
25/4/2019 2:00,0
25/4/2019 3:00,0
25/4/2019 4:00,0
25/4/2019 5:00,0
25/4/2019 6:00,44.403
25/4/2019 7:00,549.326
25/4/2019 8:00,1128.926
25/4/2019 9:00,1597.879
25/4/2019 10:00,1888.728
25/4/2019 11:00,2079.911
25/4/2019 12:00,2134.559
25/4/2019 13:00,2061.798
25/4/2019 14:00,1856.303
25/4/2019 15:00,1512.314
25/4/2019 16:00,989.645
25/4/2019 17:00,365.92
25/4/2019 18:00,13.283
25/4/2019 19:00,0
25/4/2019 20:00,0
25/4/2019 21:00,0
25/4/2019 22:00,0
25/4/2019 23:00,0
26/4/2019 0:00,0
26/4/2019 1:00,0
26/4/2019 2:00,0
26/4/2019 3:00,0
26/4/2019 4:00,0
26/4/2019 5:00,0
26/4/2019 6:00,47.133
26/4/2019 7:00,565.476
26/4/2019 8:00,1149.095
26/4/2019 9:00,1617.033
26/4/2019 10:00,1937.129
26/4/2019 11:00,2120.234
26/4/2019 12:00,2168.904
26/4/2019 13:00,2063.362
26/4/2019 14:00,1854.408
26/4/2019 15:00,1505.8
26/4/2019 16:00,1029.077
26/4/2019 17:00,459.832
26/4/2019 18:00,22.854
26/4/2019 19:00,0
26/4/2019 20:00,0
26/4/2019 21:00,0
26/4/2019 22:00,0
26/4/2019 23:00,0
27/4/2019 0:00,0
27/4/2019 1:00,0
27/4/2019 2:00,0
27/4/2019 3:00,0
27/4/2019 4:00,0
27/4/2019 5:00,0
27/4/2019 6:00,49.903
27/4/2019 7:00,589.032
27/4/2019 8:00,1178.311
27/4/2019 9:00,1645.646
27/4/2019 10:00,1968.929
27/4/2019 11:00,2148.824
27/4/2019 12:00,2193.616
27/4/2019 13:00,2106.556
27/4/2019 14:00,1895.334
27/4/2019 15:00,1546.659
27/4/2019 16:00,1065.537
27/4/2019 17:00,497.452
27/4/2019 18:00,27.141
27/4/2019 19:00,0
27/4/2019 20:00,0
27/4/2019 21:00,0
27/4/2019 22:00,0
27/4/2019 23:00,0
28/4/2019 0:00,0
28/4/2019 1:00,0
28/4/2019 2:00,0
28/4/2019 3:00,0
28/4/2019 4:00,0
28/4/2019 5:00,0
28/4/2019 6:00,48.918
28/4/2019 7:00,559.031
28/4/2019 8:00,1182.615
28/4/2019 9:00,1654.487
28/4/2019 10:00,1973.807
28/4/2019 11:00,2151.463
28/4/2019 12:00,2195.995
28/4/2019 13:00,2110.701
28/4/2019 14:00,1901.521
28/4/2019 15:00,1554.959
28/4/2019 16:00,1074.976
28/4/2019 17:00,506.679
28/4/2019 18:00,28.114
28/4/2019 19:00,0
28/4/2019 20:00,0
28/4/2019 21:00,0
28/4/2019 22:00,0
28/4/2019 23:00,0
29/4/2019 0:00,0
29/4/2019 1:00,0
29/4/2019 2:00,0
29/4/2019 3:00,0
29/4/2019 4:00,0
29/4/2019 5:00,0
29/4/2019 6:00,52.928
29/4/2019 7:00,605.216
29/4/2019 8:00,1196.712
29/4/2019 9:00,1664.195
29/4/2019 10:00,1951.863
29/4/2019 11:00,2133.652
29/4/2019 12:00,2180.444
29/4/2019 13:00,2092.89
29/4/2019 14:00,1880.644
29/4/2019 15:00,1533.257
29/4/2019 16:00,1055.867
29/4/2019 17:00,488.2
29/4/2019 18:00,25.249
29/4/2019 19:00,0
29/4/2019 20:00,0
29/4/2019 21:00,0
29/4/2019 22:00,0
29/4/2019 23:00,0
30/4/2019 0:00,0
30/4/2019 1:00,0
30/4/2019 2:00,0
30/4/2019 3:00,0
30/4/2019 4:00,0
30/4/2019 5:00,0
30/4/2019 6:00,52.148
30/4/2019 7:00,574.632
30/4/2019 8:00,1184.73
30/4/2019 9:00,1656.282
30/4/2019 10:00,1977.46
30/4/2019 11:00,2154.779
30/4/2019 12:00,2200.652
30/4/2019 13:00,2120.802
30/4/2019 14:00,1906.208
30/4/2019 15:00,1440.672
30/4/2019 16:00,1007.123
30/4/2019 17:00,376.193
30/4/2019 18:00,22.526
30/4/2019 19:00,0
30/4/2019 20:00,0
30/4/2019 21:00,0
30/4/2019 22:00,0
30/4/2019 23:00,0
1/5/2019 0:00,0
1/5/2019 1:00,0
1/5/2019 2:00,0
1/5/2019 3:00,0
1/5/2019 4:00,0
1/5/2019 5:00,0
1/5/2019 6:00,43.751
1/5/2019 7:00,470.567
1/5/2019 8:00,1114.339
1/5/2019 9:00,1624.402
1/5/2019 10:00,1925.904
1/5/2019 11:00,2105.088
1/5/2019 12:00,2126.299
1/5/2019 13:00,2020.028
1/5/2019 14:00,1805.678
1/5/2019 15:00,1458.827
1/5/2019 16:00,1009.306
1/5/2019 17:00,480.886
1/5/2019 18:00,31.908
1/5/2019 19:00,0
1/5/2019 20:00,0
1/5/2019 21:00,0
1/5/2019 22:00,0
1/5/2019 23:00,0
2/5/2019 0:00,0
2/5/2019 1:00,0
2/5/2019 2:00,0
2/5/2019 3:00,0
2/5/2019 4:00,0
2/5/2019 5:00,0
2/5/2019 6:00,51.851
2/5/2019 7:00,560.223
2/5/2019 8:00,1169.702
2/5/2019 9:00,1626.859
2/5/2019 10:00,1899.223
2/5/2019 11:00,2075.868
2/5/2019 12:00,2117.031
2/5/2019 13:00,2014.365
2/5/2019 14:00,1779.705
2/5/2019 15:00,1419.433
2/5/2019 16:00,912.118
2/5/2019 17:00,379.404
2/5/2019 18:00,28.139
2/5/2019 19:00,0
2/5/2019 20:00,0
2/5/2019 21:00,0
2/5/2019 22:00,0
2/5/2019 23:00,0
3/5/2019 0:00,0
3/5/2019 1:00,0
3/5/2019 2:00,0
3/5/2019 3:00,0
3/5/2019 4:00,0
3/5/2019 5:00,0
3/5/2019 6:00,52.712
3/5/2019 7:00,552.094
3/5/2019 8:00,1156.433
3/5/2019 9:00,1613.064
3/5/2019 10:00,1906.089
3/5/2019 11:00,2051.909
3/5/2019 12:00,2068.282
3/5/2019 13:00,1961.586
3/5/2019 14:00,1745.554
3/5/2019 15:00,1435.787
3/5/2019 16:00,998.595
3/5/2019 17:00,454.821
3/5/2019 18:00,33.826
3/5/2019 19:00,0
3/5/2019 20:00,0
3/5/2019 21:00,0
3/5/2019 22:00,0
3/5/2019 23:00,0
4/5/2019 0:00,0
4/5/2019 1:00,0
4/5/2019 2:00,0
4/5/2019 3:00,0
4/5/2019 4:00,0
4/5/2019 5:00,0
4/5/2019 6:00,53.751
4/5/2019 7:00,560.452
4/5/2019 8:00,1137.017
4/5/2019 9:00,1591.395
4/5/2019 10:00,1875.334
4/5/2019 11:00,2038.488
4/5/2019 12:00,2080.417
4/5/2019 13:00,1991.396
4/5/2019 14:00,1742.762
4/5/2019 15:00,1214.093
4/5/2019 16:00,676.89
4/5/2019 17:00,242.456
4/5/2019 18:00,2.994
4/5/2019 19:00,0
4/5/2019 20:00,0
4/5/2019 21:00,0
4/5/2019 22:00,0
4/5/2019 23:00,0
5/5/2019 0:00,0
5/5/2019 1:00,0
5/5/2019 2:00,0
5/5/2019 3:00,0
5/5/2019 4:00,0
5/5/2019 5:00,0
5/5/2019 6:00,39.239
5/5/2019 7:00,419.645
5/5/2019 8:00,944.114
5/5/2019 9:00,1365.488
5/5/2019 10:00,1686.1
5/5/2019 11:00,1764.355
5/5/2019 12:00,1763.087
5/5/2019 13:00,1668.932
5/5/2019 14:00,1427.241
5/5/2019 15:00,953.285
5/5/2019 16:00,552.109
5/5/2019 17:00,267.528
5/5/2019 18:00,14.384
5/5/2019 19:00,0
5/5/2019 20:00,0
5/5/2019 21:00,0
5/5/2019 22:00,0
5/5/2019 23:00,0
6/5/2019 0:00,0
6/5/2019 1:00,0
6/5/2019 2:00,0
6/5/2019 3:00,0
6/5/2019 4:00,0
6/5/2019 5:00,0
6/5/2019 6:00,60.208
6/5/2019 7:00,512.634
6/5/2019 8:00,1071.926
6/5/2019 9:00,1503.956
6/5/2019 10:00,1744.527
6/5/2019 11:00,1891.655
6/5/2019 12:00,1936.503
6/5/2019 13:00,1879.899
6/5/2019 14:00,1652.736
6/5/2019 15:00,1323.483
6/5/2019 16:00,918.132
6/5/2019 17:00,460.86
6/5/2019 18:00,34.901
6/5/2019 19:00,0
6/5/2019 20:00,0
6/5/2019 21:00,0
6/5/2019 22:00,0
6/5/2019 23:00,0
7/5/2019 0:00,0
7/5/2019 1:00,0
7/5/2019 2:00,0
7/5/2019 3:00,0
7/5/2019 4:00,0
7/5/2019 5:00,0
7/5/2019 6:00,55.16
7/5/2019 7:00,502.503
7/5/2019 8:00,1044.082
7/5/2019 9:00,1509.183
7/5/2019 10:00,1832.98
7/5/2019 11:00,2001.945
7/5/2019 12:00,2001.648
7/5/2019 13:00,1824.075
7/5/2019 14:00,1497.531
7/5/2019 15:00,1000.551
7/5/2019 16:00,588.412
7/5/2019 17:00,241.373
7/5/2019 18:00,6.764
7/5/2019 19:00,0
7/5/2019 20:00,0
7/5/2019 21:00,0
7/5/2019 22:00,0
7/5/2019 23:00,0
8/5/2019 0:00,0
8/5/2019 1:00,0
8/5/2019 2:00,0
8/5/2019 3:00,0
8/5/2019 4:00,0
8/5/2019 5:00,0
8/5/2019 6:00,34.113
8/5/2019 7:00,307.549
8/5/2019 8:00,570.109
8/5/2019 9:00,836.929
8/5/2019 10:00,1057.885
8/5/2019 11:00,1370.329
8/5/2019 12:00,1540.021
8/5/2019 13:00,1480.585
8/5/2019 14:00,1217.082
8/5/2019 15:00,780.548
8/5/2019 16:00,354.881
8/5/2019 17:00,128.014
8/5/2019 18:00,0
8/5/2019 19:00,0
8/5/2019 20:00,0
8/5/2019 21:00,0
8/5/2019 22:00,0
8/5/2019 23:00,0
9/5/2019 0:00,0
9/5/2019 1:00,0
9/5/2019 2:00,0
9/5/2019 3:00,0
9/5/2019 4:00,0
9/5/2019 5:00,0
9/5/2019 6:00,3.713
9/5/2019 7:00,165.695
9/5/2019 8:00,447.065
9/5/2019 9:00,816.18
9/5/2019 10:00,1198.287
9/5/2019 11:00,1502.962
9/5/2019 12:00,1684.66
9/5/2019 13:00,1573.315
9/5/2019 14:00,1299.209
9/5/2019 15:00,827.758
9/5/2019 16:00,520.473
9/5/2019 17:00,211.079
9/5/2019 18:00,9.284
9/5/2019 19:00,0
9/5/2019 20:00,0
9/5/2019 21:00,0
9/5/2019 22:00,0
9/5/2019 23:00,0
10/5/2019 0:00,0
10/5/2019 1:00,0
10/5/2019 2:00,0
10/5/2019 3:00,0
10/5/2019 4:00,0
10/5/2019 5:00,0
10/5/2019 6:00,45.049
10/5/2019 7:00,404.423
10/5/2019 8:00,870.806
10/5/2019 9:00,1320.416
10/5/2019 10:00,1636.188
10/5/2019 11:00,1713.287
10/5/2019 12:00,1663.028
10/5/2019 13:00,1478.852
10/5/2019 14:00,1261.224
10/5/2019 15:00,700.122
10/5/2019 16:00,411.545
10/5/2019 17:00,158.971
10/5/2019 18:00,0.595
10/5/2019 19:00,0
10/5/2019 20:00,0
10/5/2019 21:00,0
10/5/2019 22:00,0
10/5/2019 23:00,0
11/5/2019 0:00,0
11/5/2019 1:00,0
11/5/2019 2:00,0
11/5/2019 3:00,0
11/5/2019 4:00,0
11/5/2019 5:00,0
11/5/2019 6:00,16.933
11/5/2019 7:00,195.528
11/5/2019 8:00,388.949
11/5/2019 9:00,538.447
11/5/2019 10:00,631.447
11/5/2019 11:00,662.711
11/5/2019 12:00,660.086
11/5/2019 13:00,529.636
11/5/2019 14:00,436.971
11/5/2019 15:00,392.314
11/5/2019 16:00,292.686
11/5/2019 17:00,144.831
11/5/2019 18:00,2.618
11/5/2019 19:00,0
11/5/2019 20:00,0
11/5/2019 21:00,0
11/5/2019 22:00,0
11/5/2019 23:00,0
12/5/2019 0:00,0
12/5/2019 1:00,0
12/5/2019 2:00,0
12/5/2019 3:00,0
12/5/2019 4:00,0
12/5/2019 5:00,0
12/5/2019 6:00,6.212
12/5/2019 7:00,191.523
12/5/2019 8:00,497.075
12/5/2019 9:00,820.045
12/5/2019 10:00,1017.616
12/5/2019 11:00,1111.933
12/5/2019 12:00,1125.656
12/5/2019 13:00,1052.383
12/5/2019 14:00,852.191
12/5/2019 15:00,609.722
12/5/2019 16:00,390.207
12/5/2019 17:00,159.059
12/5/2019 18:00,0
12/5/2019 19:00,0
12/5/2019 20:00,0
12/5/2019 21:00,0
12/5/2019 22:00,0
12/5/2019 23:00,0
13/5/2019 0:00,0
13/5/2019 1:00,0
13/5/2019 2:00,0
13/5/2019 3:00,0
13/5/2019 4:00,0
13/5/2019 5:00,0
13/5/2019 6:00,3.935
13/5/2019 7:00,157.979
13/5/2019 8:00,380.457
13/5/2019 9:00,621.249
13/5/2019 10:00,839.726
13/5/2019 11:00,1045.796
13/5/2019 12:00,1210.22
13/5/2019 13:00,1292.779
13/5/2019 14:00,1272.443
13/5/2019 15:00,1031.728
13/5/2019 16:00,634.583
13/5/2019 17:00,283.039
13/5/2019 18:00,18.158
13/5/2019 19:00,0
13/5/2019 20:00,0
13/5/2019 21:00,0
13/5/2019 22:00,0
13/5/2019 23:00,0
14/5/2019 0:00,0
14/5/2019 1:00,0
14/5/2019 2:00,0
14/5/2019 3:00,0
14/5/2019 4:00,0
14/5/2019 5:00,0
14/5/2019 6:00,16.896
14/5/2019 7:00,228.495
14/5/2019 8:00,476.912
14/5/2019 9:00,713.541
14/5/2019 10:00,899.047
14/5/2019 11:00,1025.132
14/5/2019 12:00,1146.125
14/5/2019 13:00,1194.534
14/5/2019 14:00,1073.748
14/5/2019 15:00,810.373
14/5/2019 16:00,475.912
14/5/2019 17:00,213.224
14/5/2019 18:00,10.756
14/5/2019 19:00,0
14/5/2019 20:00,0
14/5/2019 21:00,0
14/5/2019 22:00,0
14/5/2019 23:00,0
15/5/2019 0:00,0
15/5/2019 1:00,0
15/5/2019 2:00,0
15/5/2019 3:00,0
15/5/2019 4:00,0
15/5/2019 5:00,0
15/5/2019 6:00,18.099
15/5/2019 7:00,219.891
15/5/2019 8:00,473.189
15/5/2019 9:00,725.72
15/5/2019 10:00,970.007
15/5/2019 11:00,1093.115
15/5/2019 12:00,1117.862
15/5/2019 13:00,1018.33
15/5/2019 14:00,869.11
15/5/2019 15:00,649.614
15/5/2019 16:00,399.587
15/5/2019 17:00,184.404
15/5/2019 18:00,7.906
15/5/2019 19:00,0
15/5/2019 20:00,0
15/5/2019 21:00,0
15/5/2019 22:00,0
15/5/2019 23:00,0
16/5/2019 0:00,0
16/5/2019 1:00,0
16/5/2019 2:00,0
16/5/2019 3:00,0
16/5/2019 4:00,0
16/5/2019 5:00,0
16/5/2019 6:00,19.431
16/5/2019 7:00,234.952
16/5/2019 8:00,493.596
16/5/2019 9:00,815.119
16/5/2019 10:00,808.993
16/5/2019 11:00,710.458
16/5/2019 12:00,801.863
16/5/2019 13:00,911.391
16/5/2019 14:00,942.124
16/5/2019 15:00,739.215
16/5/2019 16:00,454.818
16/5/2019 17:00,201.158
16/5/2019 18:00,14.502
16/5/2019 19:00,0
16/5/2019 20:00,0
16/5/2019 21:00,0
16/5/2019 22:00,0
16/5/2019 23:00,0
17/5/2019 0:00,0
17/5/2019 1:00,0
17/5/2019 2:00,0
17/5/2019 3:00,0
17/5/2019 4:00,0
17/5/2019 5:00,0
17/5/2019 6:00,47.88
17/5/2019 7:00,374.733
17/5/2019 8:00,829.281
17/5/2019 9:00,1220.476
17/5/2019 10:00,1507.792
17/5/2019 11:00,1707.544
17/5/2019 12:00,1789.124
17/5/2019 13:00,1750.386
17/5/2019 14:00,1591.217
17/5/2019 15:00,1315.107
17/5/2019 16:00,902.471
17/5/2019 17:00,441.118
17/5/2019 18:00,47.186
17/5/2019 19:00,0
17/5/2019 20:00,0
17/5/2019 21:00,0
17/5/2019 22:00,0
17/5/2019 23:00,0
18/5/2019 0:00,0
18/5/2019 1:00,0
18/5/2019 2:00,0
18/5/2019 3:00,0
18/5/2019 4:00,0
18/5/2019 5:00,0
18/5/2019 6:00,74.962
18/5/2019 7:00,507.074
18/5/2019 8:00,1073.428
18/5/2019 9:00,1518.811
18/5/2019 10:00,1837.712
18/5/2019 11:00,2009.826
18/5/2019 12:00,2047.567
18/5/2019 13:00,1958.939
18/5/2019 14:00,1713.487
18/5/2019 15:00,1421.767
18/5/2019 16:00,921.737
18/5/2019 17:00,429.686
18/5/2019 18:00,39.79
18/5/2019 19:00,0
18/5/2019 20:00,0
18/5/2019 21:00,0
18/5/2019 22:00,0
18/5/2019 23:00,0
19/5/2019 0:00,0
19/5/2019 1:00,0
19/5/2019 2:00,0
19/5/2019 3:00,0
19/5/2019 4:00,0
19/5/2019 5:00,0
19/5/2019 6:00,53.301
19/5/2019 7:00,411.463
19/5/2019 8:00,909.865
19/5/2019 9:00,1298.665
19/5/2019 10:00,1574.76
19/5/2019 11:00,1751.563
19/5/2019 12:00,1840.554
19/5/2019 13:00,1768.555
19/5/2019 14:00,1557.519
19/5/2019 15:00,1217.968
19/5/2019 16:00,690.551
19/5/2019 17:00,300.355
19/5/2019 18:00,22.998
19/5/2019 19:00,0
19/5/2019 20:00,0
19/5/2019 21:00,0
19/5/2019 22:00,0
19/5/2019 23:00,0
20/5/2019 0:00,0
20/5/2019 1:00,0
20/5/2019 2:00,0
20/5/2019 3:00,0
20/5/2019 4:00,0
20/5/2019 5:00,0
20/5/2019 6:00,7.655
20/5/2019 7:00,165.788
20/5/2019 8:00,376.849
20/5/2019 9:00,570.364
20/5/2019 10:00,719.996
20/5/2019 11:00,900.253
20/5/2019 12:00,1017.532
20/5/2019 13:00,1078.429
20/5/2019 14:00,1045.522
20/5/2019 15:00,885.266
20/5/2019 16:00,591.268
20/5/2019 17:00,270.682
20/5/2019 18:00,23.275
20/5/2019 19:00,0
20/5/2019 20:00,0
20/5/2019 21:00,0
20/5/2019 22:00,0
20/5/2019 23:00,0
21/5/2019 0:00,0
21/5/2019 1:00,0
21/5/2019 2:00,0
21/5/2019 3:00,0
21/5/2019 4:00,0
21/5/2019 5:00,0
21/5/2019 6:00,18.367
21/5/2019 7:00,227.655
21/5/2019 8:00,485.67
21/5/2019 9:00,815.086
21/5/2019 10:00,1033.587
21/5/2019 11:00,1150.954
21/5/2019 12:00,1215.609
21/5/2019 13:00,1134.158
21/5/2019 14:00,974.529
21/5/2019 15:00,725.25
21/5/2019 16:00,428.157
21/5/2019 17:00,170.209
21/5/2019 18:00,3.857
21/5/2019 19:00,0
21/5/2019 20:00,0
21/5/2019 21:00,0
21/5/2019 22:00,0
21/5/2019 23:00,0
22/5/2019 0:00,0
22/5/2019 1:00,0
22/5/2019 2:00,0
22/5/2019 3:00,0
22/5/2019 4:00,0
22/5/2019 5:00,0
22/5/2019 6:00,34.12
22/5/2019 7:00,378.633
22/5/2019 8:00,860.337
22/5/2019 9:00,1363.813
22/5/2019 10:00,1670.556
22/5/2019 11:00,1903.745
22/5/2019 12:00,1987.797
22/5/2019 13:00,1908.782
22/5/2019 14:00,1684.254
22/5/2019 15:00,1200.529
22/5/2019 16:00,854.292
22/5/2019 17:00,405.945
22/5/2019 18:00,40.634
22/5/2019 19:00,0
22/5/2019 20:00,0
22/5/2019 21:00,0
22/5/2019 22:00,0
22/5/2019 23:00,0
23/5/2019 0:00,0
23/5/2019 1:00,0
23/5/2019 2:00,0
23/5/2019 3:00,0
23/5/2019 4:00,0
23/5/2019 5:00,0
23/5/2019 6:00,10.532
23/5/2019 7:00,180.397
23/5/2019 8:00,385.277
23/5/2019 9:00,582.526
23/5/2019 10:00,777.579
23/5/2019 11:00,1000.943
23/5/2019 12:00,1168.301
23/5/2019 13:00,1190.788
23/5/2019 14:00,1097.393
23/5/2019 15:00,917.916
23/5/2019 16:00,673.047
23/5/2019 17:00,288.154
23/5/2019 18:00,33.022
23/5/2019 19:00,0
23/5/2019 20:00,0
23/5/2019 21:00,0
23/5/2019 22:00,0
23/5/2019 23:00,0
24/5/2019 0:00,0
24/5/2019 1:00,0
24/5/2019 2:00,0
24/5/2019 3:00,0
24/5/2019 4:00,0
24/5/2019 5:00,0
24/5/2019 6:00,63.355
24/5/2019 7:00,407.2
24/5/2019 8:00,772.158
24/5/2019 9:00,1112.474
24/5/2019 10:00,1236.752
24/5/2019 11:00,1309.847
24/5/2019 12:00,1293.966
24/5/2019 13:00,1147.706
24/5/2019 14:00,997.202
24/5/2019 15:00,714.567
24/5/2019 16:00,438.691
24/5/2019 17:00,196.067
24/5/2019 18:00,10.934
24/5/2019 19:00,0
24/5/2019 20:00,0
24/5/2019 21:00,0
24/5/2019 22:00,0
24/5/2019 23:00,0
25/5/2019 0:00,0
25/5/2019 1:00,0
25/5/2019 2:00,0
25/5/2019 3:00,0
25/5/2019 4:00,0
25/5/2019 5:00,0
25/5/2019 6:00,23.4
25/5/2019 7:00,254.868
25/5/2019 8:00,579.311
25/5/2019 9:00,986.789
25/5/2019 10:00,1358.945
25/5/2019 11:00,1601.278
25/5/2019 12:00,1688.6
25/5/2019 13:00,1624.468
25/5/2019 14:00,1475.32
25/5/2019 15:00,1223.104
25/5/2019 16:00,785.187
25/5/2019 17:00,370.025
25/5/2019 18:00,43.919
25/5/2019 19:00,0
25/5/2019 20:00,0
25/5/2019 21:00,0
25/5/2019 22:00,0
25/5/2019 23:00,0
26/5/2019 0:00,0
26/5/2019 1:00,0
26/5/2019 2:00,0
26/5/2019 3:00,0
26/5/2019 4:00,0
26/5/2019 5:00,0
26/5/2019 6:00,64.511
26/5/2019 7:00,438.803
26/5/2019 8:00,958.852
26/5/2019 9:00,1381.051
26/5/2019 10:00,1665.961
26/5/2019 11:00,1804.402
26/5/2019 12:00,1823.287
26/5/2019 13:00,1708.746
26/5/2019 14:00,1418.609
26/5/2019 15:00,1099.053
26/5/2019 16:00,676.922
26/5/2019 17:00,319.628
26/5/2019 18:00,28.965
26/5/2019 19:00,0
26/5/2019 20:00,0
26/5/2019 21:00,0
26/5/2019 22:00,0
26/5/2019 23:00,0
27/5/2019 0:00,0
27/5/2019 1:00,0
27/5/2019 2:00,0
27/5/2019 3:00,0
27/5/2019 4:00,0
27/5/2019 5:00,0
27/5/2019 6:00,64.566
27/5/2019 7:00,367.884
27/5/2019 8:00,734.121
27/5/2019 9:00,1183.546
27/5/2019 10:00,1500.653
27/5/2019 11:00,1745.422
27/5/2019 12:00,1880.273
27/5/2019 13:00,1876.234
27/5/2019 14:00,1633.706
27/5/2019 15:00,1239.728
27/5/2019 16:00,715.313
27/5/2019 17:00,331.237
27/5/2019 18:00,29.63
27/5/2019 19:00,0
27/5/2019 20:00,0
27/5/2019 21:00,0
27/5/2019 22:00,0
27/5/2019 23:00,0
28/5/2019 0:00,0
28/5/2019 1:00,0
28/5/2019 2:00,0
28/5/2019 3:00,0
28/5/2019 4:00,0
28/5/2019 5:00,0
28/5/2019 6:00,3.096
28/5/2019 7:00,131.4
28/5/2019 8:00,289.872
28/5/2019 9:00,466.372
28/5/2019 10:00,625.024
28/5/2019 11:00,846.655
28/5/2019 12:00,1013.751
28/5/2019 13:00,1005.083
28/5/2019 14:00,842.023
28/5/2019 15:00,575.814
28/5/2019 16:00,266.13
28/5/2019 17:00,79.667
28/5/2019 18:00,0
28/5/2019 19:00,0
28/5/2019 20:00,0
28/5/2019 21:00,0
28/5/2019 22:00,0
28/5/2019 23:00,0
29/5/2019 0:00,0
29/5/2019 1:00,0
29/5/2019 2:00,0
29/5/2019 3:00,0
29/5/2019 4:00,0
29/5/2019 5:00,0
29/5/2019 6:00,15.091
29/5/2019 7:00,204.829
29/5/2019 8:00,475.566
29/5/2019 9:00,850.927
29/5/2019 10:00,1153.9
29/5/2019 11:00,1451.728
29/5/2019 12:00,1685.996
29/5/2019 13:00,1760.751
29/5/2019 14:00,1597.982
29/5/2019 15:00,1145.734
29/5/2019 16:00,766.585
29/5/2019 17:00,324.248
29/5/2019 18:00,28.276
29/5/2019 19:00,0
29/5/2019 20:00,0
29/5/2019 21:00,0
29/5/2019 22:00,0
29/5/2019 23:00,0
30/5/2019 0:00,0
30/5/2019 1:00,0
30/5/2019 2:00,0
30/5/2019 3:00,0
30/5/2019 4:00,0
30/5/2019 5:00,0
30/5/2019 6:00,47.84
30/5/2019 7:00,370.067
30/5/2019 8:00,781.456
30/5/2019 9:00,1275.119
30/5/2019 10:00,1595.8
30/5/2019 11:00,1636.995
30/5/2019 12:00,1488.608
30/5/2019 13:00,1189.197
30/5/2019 14:00,830.228
30/5/2019 15:00,549.751
30/5/2019 16:00,336.463
30/5/2019 17:00,135.357
30/5/2019 18:00,2.673
30/5/2019 19:00,0
30/5/2019 20:00,0
30/5/2019 21:00,0
30/5/2019 22:00,0
30/5/2019 23:00,0
31/5/2019 0:00,0
31/5/2019 1:00,0
31/5/2019 2:00,0
31/5/2019 3:00,0
31/5/2019 4:00,0
31/5/2019 5:00,0
31/5/2019 6:00,26.802
31/5/2019 7:00,254.745
31/5/2019 8:00,606.002
31/5/2019 9:00,1043.972
31/5/2019 10:00,1434.078
31/5/2019 11:00,1590.719
31/5/2019 12:00,1606.846
31/5/2019 13:00,1496.993
31/5/2019 14:00,1192.565
31/5/2019 15:00,871.821
31/5/2019 16:00,537.079
31/5/2019 17:00,256.401
31/5/2019 18:00,25.424
31/5/2019 19:00,0
31/5/2019 20:00,0
31/5/2019 21:00,0
31/5/2019 22:00,0
31/5/2019 23:00,0
1/6/2019 0:00,0
1/6/2019 1:00,0
1/6/2019 2:00,0
1/6/2019 3:00,0
1/6/2019 4:00,0
1/6/2019 5:00,0
1/6/2019 6:00,61.222
1/6/2019 7:00,400.614
1/6/2019 8:00,810.353
1/6/2019 9:00,1294.166
1/6/2019 10:00,1615.06
1/6/2019 11:00,1811.514
1/6/2019 12:00,1873.715
1/6/2019 13:00,1799.016
1/6/2019 14:00,1428.572
1/6/2019 15:00,1083.119
1/6/2019 16:00,625.209
1/6/2019 17:00,292.728
1/6/2019 18:00,30.895
1/6/2019 19:00,0
1/6/2019 20:00,0
1/6/2019 21:00,0
1/6/2019 22:00,0
1/6/2019 23:00,0
2/6/2019 0:00,0
2/6/2019 1:00,0
2/6/2019 2:00,0
2/6/2019 3:00,0
2/6/2019 4:00,0
2/6/2019 5:00,0
2/6/2019 6:00,72.528
2/6/2019 7:00,470.873
2/6/2019 8:00,1039.073
2/6/2019 9:00,1536.8
2/6/2019 10:00,1859.128
2/6/2019 11:00,2017.678
2/6/2019 12:00,2023.303
2/6/2019 13:00,1899.353
2/6/2019 14:00,1643.579
2/6/2019 15:00,1203.727
2/6/2019 16:00,797.612
2/6/2019 17:00,355.197
2/6/2019 18:00,43.692
2/6/2019 19:00,0
2/6/2019 20:00,0
2/6/2019 21:00,0
2/6/2019 22:00,0
2/6/2019 23:00,0
3/6/2019 0:00,0
3/6/2019 1:00,0
3/6/2019 2:00,0
3/6/2019 3:00,0
3/6/2019 4:00,0
3/6/2019 5:00,0
3/6/2019 6:00,21.562
3/6/2019 7:00,216.732
3/6/2019 8:00,521.142
3/6/2019 9:00,954.98
3/6/2019 10:00,1322.7
3/6/2019 11:00,1518.04
3/6/2019 12:00,1457.78
3/6/2019 13:00,1274.132
3/6/2019 14:00,1047.894
3/6/2019 15:00,806.412
3/6/2019 16:00,514.564
3/6/2019 17:00,246.715
3/6/2019 18:00,25.088
3/6/2019 19:00,0
3/6/2019 20:00,0
3/6/2019 21:00,0
3/6/2019 22:00,0
3/6/2019 23:00,0
4/6/2019 0:00,0
4/6/2019 1:00,0
4/6/2019 2:00,0
4/6/2019 3:00,0
4/6/2019 4:00,0
4/6/2019 5:00,0
4/6/2019 6:00,62.997
4/6/2019 7:00,377.978
4/6/2019 8:00,817.746
4/6/2019 9:00,1114.823
4/6/2019 10:00,1275.476
4/6/2019 11:00,1382
4/6/2019 12:00,1448.711
4/6/2019 13:00,1442.322
4/6/2019 14:00,1407.471
4/6/2019 15:00,1213.726
4/6/2019 16:00,880.38
4/6/2019 17:00,477.413
4/6/2019 18:00,80.537
4/6/2019 19:00,0
4/6/2019 20:00,0
4/6/2019 21:00,0
4/6/2019 22:00,0
4/6/2019 23:00,0
5/6/2019 0:00,0
5/6/2019 1:00,0
5/6/2019 2:00,0
5/6/2019 3:00,0
5/6/2019 4:00,0
5/6/2019 5:00,0
5/6/2019 6:00,24.831
5/6/2019 7:00,220.63
5/6/2019 8:00,475.066
5/6/2019 9:00,746.145
5/6/2019 10:00,1059.688
5/6/2019 11:00,1307.735
5/6/2019 12:00,1426.461
5/6/2019 13:00,1356.229
5/6/2019 14:00,1145.146
5/6/2019 15:00,810.48
5/6/2019 16:00,447.645
5/6/2019 17:00,143.111
5/6/2019 18:00,0.672
5/6/2019 19:00,0
5/6/2019 20:00,0
5/6/2019 21:00,0
5/6/2019 22:00,0
5/6/2019 23:00,0
6/6/2019 0:00,0
6/6/2019 1:00,0
6/6/2019 2:00,0
6/6/2019 3:00,0
6/6/2019 4:00,0
6/6/2019 5:00,0
6/6/2019 6:00,32.271
6/6/2019 7:00,267.792
6/6/2019 8:00,627.634
6/6/2019 9:00,1046.002
6/6/2019 10:00,1403.783
6/6/2019 11:00,1649.35
6/6/2019 12:00,1754.648
6/6/2019 13:00,1690.891
6/6/2019 14:00,1515.269
6/6/2019 15:00,1241.717
6/6/2019 16:00,809.89
6/6/2019 17:00,418.967
6/6/2019 18:00,65.912
6/6/2019 19:00,0
6/6/2019 20:00,0
6/6/2019 21:00,0
6/6/2019 22:00,0
6/6/2019 23:00,0
7/6/2019 0:00,0
7/6/2019 1:00,0
7/6/2019 2:00,0
7/6/2019 3:00,0
7/6/2019 4:00,0
7/6/2019 5:00,0
7/6/2019 6:00,57.889
7/6/2019 7:00,334.103
7/6/2019 8:00,702.987
7/6/2019 9:00,1052.29
7/6/2019 10:00,1340.415
7/6/2019 11:00,1534.384
7/6/2019 12:00,1645.343
7/6/2019 13:00,1499.168
7/6/2019 14:00,1001.657
7/6/2019 15:00,704.659
7/6/2019 16:00,456.876
7/6/2019 17:00,212.306
7/6/2019 18:00,18.526
7/6/2019 19:00,0
7/6/2019 20:00,0
7/6/2019 21:00,0
7/6/2019 22:00,0
7/6/2019 23:00,0
8/6/2019 0:00,0
8/6/2019 1:00,0
8/6/2019 2:00,0
8/6/2019 3:00,0
8/6/2019 4:00,0
8/6/2019 5:00,0
8/6/2019 6:00,42.885
8/6/2019 7:00,297.637
8/6/2019 8:00,656.271
8/6/2019 9:00,1182.059
8/6/2019 10:00,1461.797
8/6/2019 11:00,1236.848
8/6/2019 12:00,1106.837
8/6/2019 13:00,921.815
8/6/2019 14:00,730.579
8/6/2019 15:00,509.783
8/6/2019 16:00,312.225
8/6/2019 17:00,146.817
8/6/2019 18:00,8.97
8/6/2019 19:00,0
8/6/2019 20:00,0
8/6/2019 21:00,0
8/6/2019 22:00,0
8/6/2019 23:00,0
9/6/2019 0:00,0
9/6/2019 1:00,0
9/6/2019 2:00,0
9/6/2019 3:00,0
9/6/2019 4:00,0
9/6/2019 5:00,0
9/6/2019 6:00,85.76
9/6/2019 7:00,471.988
9/6/2019 8:00,1030.917
9/6/2019 9:00,1462.596
9/6/2019 10:00,1765.958
9/6/2019 11:00,1933.235
9/6/2019 12:00,1918.345
9/6/2019 13:00,1685.335
9/6/2019 14:00,1263.411
9/6/2019 15:00,810.682
9/6/2019 16:00,470.45
9/6/2019 17:00,222.825
9/6/2019 18:00,29.504
9/6/2019 19:00,0
9/6/2019 20:00,0
9/6/2019 21:00,0
9/6/2019 22:00,0
9/6/2019 23:00,0
10/6/2019 0:00,0
10/6/2019 1:00,0
10/6/2019 2:00,0
10/6/2019 3:00,0
10/6/2019 4:00,0
10/6/2019 5:00,0
10/6/2019 6:00,16.729
10/6/2019 7:00,185.095
10/6/2019 8:00,337.88
10/6/2019 9:00,532.909
10/6/2019 10:00,833.536
10/6/2019 11:00,1268.66
10/6/2019 12:00,1605.018
10/6/2019 13:00,1685.576
10/6/2019 14:00,1506.91
10/6/2019 15:00,1187.16
10/6/2019 16:00,716.371
10/6/2019 17:00,340.375
10/6/2019 18:00,44.762
10/6/2019 19:00,0
10/6/2019 20:00,0
10/6/2019 21:00,0
10/6/2019 22:00,0
10/6/2019 23:00,0
11/6/2019 0:00,0
11/6/2019 1:00,0
11/6/2019 2:00,0
11/6/2019 3:00,0
11/6/2019 4:00,0
11/6/2019 5:00,0
11/6/2019 6:00,73.286
11/6/2019 7:00,427.181
11/6/2019 8:00,765.18
11/6/2019 9:00,1102.094
11/6/2019 10:00,1355.715
11/6/2019 11:00,1425.492
11/6/2019 12:00,1340.801
11/6/2019 13:00,1208.271
11/6/2019 14:00,1071.031
11/6/2019 15:00,871.416
11/6/2019 16:00,575.924
11/6/2019 17:00,265.344
11/6/2019 18:00,34.046
11/6/2019 19:00,0
11/6/2019 20:00,0
11/6/2019 21:00,0
11/6/2019 22:00,0
11/6/2019 23:00,0
12/6/2019 0:00,0
12/6/2019 1:00,0
12/6/2019 2:00,0
12/6/2019 3:00,0
12/6/2019 4:00,0
12/6/2019 5:00,0
12/6/2019 6:00,60.578
12/6/2019 7:00,391.985
12/6/2019 8:00,882.963
12/6/2019 9:00,1316.231
12/6/2019 10:00,1694.157
12/6/2019 11:00,1777.153
12/6/2019 12:00,1672.95
12/6/2019 13:00,1454.636
12/6/2019 14:00,1232.644
12/6/2019 15:00,1114.886
12/6/2019 16:00,791.935
12/6/2019 17:00,389.395
12/6/2019 18:00,51.653
12/6/2019 19:00,0
12/6/2019 20:00,0
12/6/2019 21:00,0
12/6/2019 22:00,0
12/6/2019 23:00,0
13/6/2019 0:00,0
13/6/2019 1:00,0
13/6/2019 2:00,0
13/6/2019 3:00,0
13/6/2019 4:00,0
13/6/2019 5:00,0
13/6/2019 6:00,65.594
13/6/2019 7:00,396.595
13/6/2019 8:00,914.444
13/6/2019 9:00,1386.393
13/6/2019 10:00,1657.009
13/6/2019 11:00,1785.227
13/6/2019 12:00,1867.6
13/6/2019 13:00,1810.698
13/6/2019 14:00,1547.474
13/6/2019 15:00,1187.933
13/6/2019 16:00,833.893
13/6/2019 17:00,430.493
13/6/2019 18:00,64.965
13/6/2019 19:00,0
13/6/2019 20:00,0
13/6/2019 21:00,0
13/6/2019 22:00,0
13/6/2019 23:00,0
14/6/2019 0:00,0
14/6/2019 1:00,0
14/6/2019 2:00,0
14/6/2019 3:00,0
14/6/2019 4:00,0
14/6/2019 5:00,0
14/6/2019 6:00,82.904
14/6/2019 7:00,466.74
14/6/2019 8:00,1017.96
14/6/2019 9:00,1427.22
14/6/2019 10:00,1661.443
14/6/2019 11:00,1881.791
14/6/2019 12:00,1917.488
14/6/2019 13:00,1815.55
14/6/2019 14:00,1591.866
14/6/2019 15:00,1265.129
14/6/2019 16:00,884.314
14/6/2019 17:00,467.575
14/6/2019 18:00,73.363
14/6/2019 19:00,0
14/6/2019 20:00,0
14/6/2019 21:00,0
14/6/2019 22:00,0
14/6/2019 23:00,0
15/6/2019 0:00,0
15/6/2019 1:00,0
15/6/2019 2:00,0
15/6/2019 3:00,0
15/6/2019 4:00,0
15/6/2019 5:00,0
15/6/2019 6:00,86.816
15/6/2019 7:00,492.748
15/6/2019 8:00,1055.959
15/6/2019 9:00,1498.249
15/6/2019 10:00,1717.883
15/6/2019 11:00,1759.155
15/6/2019 12:00,1533.12
15/6/2019 13:00,1239.931
15/6/2019 14:00,1019.707
15/6/2019 15:00,910.61
15/6/2019 16:00,717.909
15/6/2019 17:00,396.562
15/6/2019 18:00,60.711
15/6/2019 19:00,0
15/6/2019 20:00,0
15/6/2019 21:00,0
15/6/2019 22:00,0
15/6/2019 23:00,0
16/6/2019 0:00,0
16/6/2019 1:00,0
16/6/2019 2:00,0
16/6/2019 3:00,0
16/6/2019 4:00,0
16/6/2019 5:00,0
16/6/2019 6:00,61.502
16/6/2019 7:00,387.795
16/6/2019 8:00,761.776
16/6/2019 9:00,1034.585
16/6/2019 10:00,1338.272
16/6/2019 11:00,1426.708
16/6/2019 12:00,1350.736
16/6/2019 13:00,1307.921
16/6/2019 14:00,1221.457
16/6/2019 15:00,1032.392
16/6/2019 16:00,853.673
16/6/2019 17:00,460.326
16/6/2019 18:00,78.916
16/6/2019 19:00,0
16/6/2019 20:00,0
16/6/2019 21:00,0
16/6/2019 22:00,0
16/6/2019 23:00,0
17/6/2019 0:00,0
17/6/2019 1:00,0
17/6/2019 2:00,0
17/6/2019 3:00,0
17/6/2019 4:00,0
17/6/2019 5:00,0
17/6/2019 6:00,43.539
17/6/2019 7:00,306.776
17/6/2019 8:00,684.586
17/6/2019 9:00,1137.909
17/6/2019 10:00,1286.13
17/6/2019 11:00,1230.041
17/6/2019 12:00,1206.898
17/6/2019 13:00,1215.856
17/6/2019 14:00,1201.048
17/6/2019 15:00,1102.864
17/6/2019 16:00,797.878
17/6/2019 17:00,427.701
17/6/2019 18:00,73.366
17/6/2019 19:00,0
17/6/2019 20:00,0
17/6/2019 21:00,0
17/6/2019 22:00,0
17/6/2019 23:00,0
18/6/2019 0:00,0
18/6/2019 1:00,0
18/6/2019 2:00,0
18/6/2019 3:00,0
18/6/2019 4:00,0
18/6/2019 5:00,0
18/6/2019 6:00,50.677
18/6/2019 7:00,345.932
18/6/2019 8:00,718.796
18/6/2019 9:00,1080.767
18/6/2019 10:00,1448.051
18/6/2019 11:00,1663.012
18/6/2019 12:00,1691.69
18/6/2019 13:00,1517.411
18/6/2019 14:00,1111.605
18/6/2019 15:00,801.014
18/6/2019 16:00,494.764
18/6/2019 17:00,252.64
18/6/2019 18:00,37.222
18/6/2019 19:00,0
18/6/2019 20:00,0
18/6/2019 21:00,0
18/6/2019 22:00,0
18/6/2019 23:00,0
19/6/2019 0:00,0
19/6/2019 1:00,0
19/6/2019 2:00,0
19/6/2019 3:00,0
19/6/2019 4:00,0
19/6/2019 5:00,0
19/6/2019 6:00,58.993
19/6/2019 7:00,340.259
19/6/2019 8:00,653.644
19/6/2019 9:00,934.391
19/6/2019 10:00,1271.934
19/6/2019 11:00,1326.833
19/6/2019 12:00,1332.789
19/6/2019 13:00,1283.959
19/6/2019 14:00,1080.22
19/6/2019 15:00,858.7
19/6/2019 16:00,557.938
19/6/2019 17:00,287.295
19/6/2019 18:00,39.559
19/6/2019 19:00,0
19/6/2019 20:00,0
19/6/2019 21:00,0
19/6/2019 22:00,0
19/6/2019 23:00,0
20/6/2019 0:00,0
20/6/2019 1:00,0
20/6/2019 2:00,0
20/6/2019 3:00,0
20/6/2019 4:00,0
20/6/2019 5:00,0
20/6/2019 6:00,89.213
20/6/2019 7:00,484.357
20/6/2019 8:00,987.116
20/6/2019 9:00,1500.885
20/6/2019 10:00,1823.767
20/6/2019 11:00,1999.429
20/6/2019 12:00,2040.477
20/6/2019 13:00,1933.184
20/6/2019 14:00,1695.579
20/6/2019 15:00,1314.956
20/6/2019 16:00,828.432
20/6/2019 17:00,374.82
20/6/2019 18:00,64.365
20/6/2019 19:00,0
20/6/2019 20:00,0
20/6/2019 21:00,0
20/6/2019 22:00,0
20/6/2019 23:00,0
21/6/2019 0:00,0
21/6/2019 1:00,0
21/6/2019 2:00,0
21/6/2019 3:00,0
21/6/2019 4:00,0
21/6/2019 5:00,0
21/6/2019 6:00,74.75
21/6/2019 7:00,447.14
21/6/2019 8:00,1062.887
21/6/2019 9:00,1530.642
21/6/2019 10:00,1859.369
21/6/2019 11:00,2031.41
21/6/2019 12:00,2097.092
21/6/2019 13:00,2013.906
21/6/2019 14:00,1827.358
21/6/2019 15:00,1497.895
21/6/2019 16:00,1065.133
21/6/2019 17:00,502.268
21/6/2019 18:00,77.765
21/6/2019 19:00,0
21/6/2019 20:00,0
21/6/2019 21:00,0
21/6/2019 22:00,0
21/6/2019 23:00,0
22/6/2019 0:00,0
22/6/2019 1:00,0
22/6/2019 2:00,0
22/6/2019 3:00,0
22/6/2019 4:00,0
22/6/2019 5:00,0
22/6/2019 6:00,77.451
22/6/2019 7:00,504.518
22/6/2019 8:00,1125.605
22/6/2019 9:00,1606.777
22/6/2019 10:00,1914.237
22/6/2019 11:00,2075.461
22/6/2019 12:00,2105.515
22/6/2019 13:00,2030.347
22/6/2019 14:00,1808.661
22/6/2019 15:00,1439.932
22/6/2019 16:00,892.399
22/6/2019 17:00,431.522
22/6/2019 18:00,71.933
22/6/2019 19:00,0
22/6/2019 20:00,0
22/6/2019 21:00,0
22/6/2019 22:00,0
22/6/2019 23:00,0
23/6/2019 0:00,0
23/6/2019 1:00,0
23/6/2019 2:00,0
23/6/2019 3:00,0
23/6/2019 4:00,0
23/6/2019 5:00,0
23/6/2019 6:00,88.322
23/6/2019 7:00,508.092
23/6/2019 8:00,1043.994
23/6/2019 9:00,1481.127
23/6/2019 10:00,1690.932
23/6/2019 11:00,1727
23/6/2019 12:00,1700.535
23/6/2019 13:00,1577.966
23/6/2019 14:00,1413.515
23/6/2019 15:00,1077.713
23/6/2019 16:00,634.899
23/6/2019 17:00,295.672
23/6/2019 18:00,35.166
23/6/2019 19:00,0
23/6/2019 20:00,0
23/6/2019 21:00,0
23/6/2019 22:00,0
23/6/2019 23:00,0
24/6/2019 0:00,0
24/6/2019 1:00,0
24/6/2019 2:00,0
24/6/2019 3:00,0
24/6/2019 4:00,0
24/6/2019 5:00,0
24/6/2019 6:00,15.073
24/6/2019 7:00,199.228
24/6/2019 8:00,441.249
24/6/2019 9:00,701.718
24/6/2019 10:00,909.758
24/6/2019 11:00,1040.835
24/6/2019 12:00,1028.456
24/6/2019 13:00,921.878
24/6/2019 14:00,767.942
24/6/2019 15:00,553.331
24/6/2019 16:00,339.966
24/6/2019 17:00,129.006
24/6/2019 18:00,2.53
24/6/2019 19:00,0
24/6/2019 20:00,0
24/6/2019 21:00,0
24/6/2019 22:00,0
24/6/2019 23:00,0
25/6/2019 0:00,0
25/6/2019 1:00,0
25/6/2019 2:00,0
25/6/2019 3:00,0
25/6/2019 4:00,0
25/6/2019 5:00,0
25/6/2019 6:00,23.615
25/6/2019 7:00,243.033
25/6/2019 8:00,519.412
25/6/2019 9:00,716.946
25/6/2019 10:00,968.888
25/6/2019 11:00,1057.562
25/6/2019 12:00,1062.034
25/6/2019 13:00,851.694
25/6/2019 14:00,671.816
25/6/2019 15:00,467.967
25/6/2019 16:00,301.09
25/6/2019 17:00,135.253
25/6/2019 18:00,5.681
25/6/2019 19:00,0
25/6/2019 20:00,0
25/6/2019 21:00,0
25/6/2019 22:00,0
25/6/2019 23:00,0
26/6/2019 0:00,0
26/6/2019 1:00,0
26/6/2019 2:00,0
26/6/2019 3:00,0
26/6/2019 4:00,0
26/6/2019 5:00,0
26/6/2019 6:00,21.005
26/6/2019 7:00,229.138
26/6/2019 8:00,586.627
26/6/2019 9:00,973.831
26/6/2019 10:00,1231.951
26/6/2019 11:00,1415.235
26/6/2019 12:00,1431.12
26/6/2019 13:00,1286.262
26/6/2019 14:00,1093.612
26/6/2019 15:00,823.925
26/6/2019 16:00,520.438
26/6/2019 17:00,261.52
26/6/2019 18:00,40.512
26/6/2019 19:00,0
26/6/2019 20:00,0
26/6/2019 21:00,0
26/6/2019 22:00,0
26/6/2019 23:00,0
27/6/2019 0:00,0
27/6/2019 1:00,0
27/6/2019 2:00,0
27/6/2019 3:00,0
27/6/2019 4:00,0
27/6/2019 5:00,0
27/6/2019 6:00,74.794
27/6/2019 7:00,422.118
27/6/2019 8:00,816.917
27/6/2019 9:00,1233.371
27/6/2019 10:00,1362.934
27/6/2019 11:00,1345.079
27/6/2019 12:00,1198.136
27/6/2019 13:00,983.695
27/6/2019 14:00,760.581
27/6/2019 15:00,585.786
27/6/2019 16:00,402.656
27/6/2019 17:00,216.678
27/6/2019 18:00,28.754
27/6/2019 19:00,0
27/6/2019 20:00,0
27/6/2019 21:00,0
27/6/2019 22:00,0
27/6/2019 23:00,0
28/6/2019 0:00,0
28/6/2019 1:00,0
28/6/2019 2:00,0
28/6/2019 3:00,0
28/6/2019 4:00,0
28/6/2019 5:00,0
28/6/2019 6:00,83.342
28/6/2019 7:00,439.022
28/6/2019 8:00,951.467
28/6/2019 9:00,1358.769
28/6/2019 10:00,1692.511
28/6/2019 11:00,1862.281
28/6/2019 12:00,1927.156
28/6/2019 13:00,1832.782
28/6/2019 14:00,1584.464
28/6/2019 15:00,1365.583
28/6/2019 16:00,980.759
28/6/2019 17:00,462.887
28/6/2019 18:00,76.778
28/6/2019 19:00,0
28/6/2019 20:00,0
28/6/2019 21:00,0
28/6/2019 22:00,0
28/6/2019 23:00,0
29/6/2019 0:00,0
29/6/2019 1:00,0
29/6/2019 2:00,0
29/6/2019 3:00,0
29/6/2019 4:00,0
29/6/2019 5:00,0
29/6/2019 6:00,87.071
29/6/2019 7:00,512.511
29/6/2019 8:00,1085.917
29/6/2019 9:00,1513.095
29/6/2019 10:00,1808.195
29/6/2019 11:00,1995.377
29/6/2019 12:00,1966.044
29/6/2019 13:00,1699.201
29/6/2019 14:00,1486.693
29/6/2019 15:00,1150.337
29/6/2019 16:00,845.082
29/6/2019 17:00,503.599
29/6/2019 18:00,85.631
29/6/2019 19:00,0
29/6/2019 20:00,0
29/6/2019 21:00,0
29/6/2019 22:00,0
29/6/2019 23:00,0
30/6/2019 0:00,0
30/6/2019 1:00,0
30/6/2019 2:00,0
30/6/2019 3:00,0
30/6/2019 4:00,0
30/6/2019 5:00,0
30/6/2019 6:00,85.189
30/6/2019 7:00,469.253
30/6/2019 8:00,972.266
30/6/2019 9:00,1018.135
30/6/2019 10:00,884.88
30/6/2019 11:00,944.954
30/6/2019 12:00,1024.553
30/6/2019 13:00,1133.22
30/6/2019 14:00,1082.816
30/6/2019 15:00,941.279
30/6/2019 16:00,628.275
30/6/2019 17:00,272.554
30/6/2019 18:00,33.811
30/6/2019 19:00,0
30/6/2019 20:00,0
30/6/2019 21:00,0
30/6/2019 22:00,0
30/6/2019 23:00,0
1/7/2019 0:00,0
1/7/2019 1:00,0
1/7/2019 2:00,0
1/7/2019 3:00,0
1/7/2019 4:00,0
1/7/2019 5:00,0
1/7/2019 6:00,17.703
1/7/2019 7:00,196.063
1/7/2019 8:00,451.583
1/7/2019 9:00,710.699
1/7/2019 10:00,994.18
1/7/2019 11:00,1231.93
1/7/2019 12:00,1301.731
1/7/2019 13:00,1373.336
1/7/2019 14:00,1284.946
1/7/2019 15:00,1014.423
1/7/2019 16:00,690.61
1/7/2019 17:00,342.197
1/7/2019 18:00,48.786
1/7/2019 19:00,0
1/7/2019 20:00,0
1/7/2019 21:00,0
1/7/2019 22:00,0
1/7/2019 23:00,0
2/7/2019 0:00,0
2/7/2019 1:00,0
2/7/2019 2:00,0
2/7/2019 3:00,0
2/7/2019 4:00,0
2/7/2019 5:00,0
2/7/2019 6:00,30.798
2/7/2019 7:00,228.027
2/7/2019 8:00,569.53
2/7/2019 9:00,819.012
2/7/2019 10:00,1060.143
2/7/2019 11:00,1300.947
2/7/2019 12:00,1266.043
2/7/2019 13:00,1141.516
2/7/2019 14:00,946.825
2/7/2019 15:00,691.729
2/7/2019 16:00,468.31
2/7/2019 17:00,237.058
2/7/2019 18:00,30.406
2/7/2019 19:00,0
2/7/2019 20:00,0
2/7/2019 21:00,0
2/7/2019 22:00,0
2/7/2019 23:00,0
3/7/2019 0:00,0
3/7/2019 1:00,0
3/7/2019 2:00,0
3/7/2019 3:00,0
3/7/2019 4:00,0
3/7/2019 5:00,0
3/7/2019 6:00,59.315
3/7/2019 7:00,379.765
3/7/2019 8:00,750.616
3/7/2019 9:00,1031.859
3/7/2019 10:00,1122.246
3/7/2019 11:00,1106.179
3/7/2019 12:00,991.442
3/7/2019 13:00,844.419
3/7/2019 14:00,665.757
3/7/2019 15:00,453.634
3/7/2019 16:00,253.008
3/7/2019 17:00,100.47
3/7/2019 18:00,0.353
3/7/2019 19:00,0
3/7/2019 20:00,0
3/7/2019 21:00,0
3/7/2019 22:00,0
3/7/2019 23:00,0
4/7/2019 0:00,0
4/7/2019 1:00,0
4/7/2019 2:00,0
4/7/2019 3:00,0
4/7/2019 4:00,0
4/7/2019 5:00,0
4/7/2019 6:00,24.248
4/7/2019 7:00,224.817
4/7/2019 8:00,448.4
4/7/2019 9:00,610.089
4/7/2019 10:00,688.136
4/7/2019 11:00,713.138
4/7/2019 12:00,668.192
4/7/2019 13:00,664.269
4/7/2019 14:00,703.687
4/7/2019 15:00,639.863
4/7/2019 16:00,444.053
4/7/2019 17:00,180.186
4/7/2019 18:00,11.528
4/7/2019 19:00,0
4/7/2019 20:00,0
4/7/2019 21:00,0
4/7/2019 22:00,0
4/7/2019 23:00,0
5/7/2019 0:00,0
5/7/2019 1:00,0
5/7/2019 2:00,0
5/7/2019 3:00,0
5/7/2019 4:00,0
5/7/2019 5:00,0
5/7/2019 6:00,54.793
5/7/2019 7:00,347.479
5/7/2019 8:00,729.622
5/7/2019 9:00,1020.787
5/7/2019 10:00,1216.923
5/7/2019 11:00,1287.016
5/7/2019 12:00,1357.544
5/7/2019 13:00,1467.785
5/7/2019 14:00,1452.908
5/7/2019 15:00,1256.503
5/7/2019 16:00,886.172
5/7/2019 17:00,419.734
5/7/2019 18:00,63.178
5/7/2019 19:00,0
5/7/2019 20:00,0
5/7/2019 21:00,0
5/7/2019 22:00,0
5/7/2019 23:00,0
6/7/2019 0:00,0
6/7/2019 1:00,0
6/7/2019 2:00,0
6/7/2019 3:00,0
6/7/2019 4:00,0
6/7/2019 5:00,0
6/7/2019 6:00,57.38
6/7/2019 7:00,358.957
6/7/2019 8:00,764.15
6/7/2019 9:00,1143.907
6/7/2019 10:00,1548.612
6/7/2019 11:00,1781.289
6/7/2019 12:00,1924.321
6/7/2019 13:00,1847.82
6/7/2019 14:00,1663.962
6/7/2019 15:00,1334.392
6/7/2019 16:00,904.379
6/7/2019 17:00,441.7
6/7/2019 18:00,59.455
6/7/2019 19:00,0
6/7/2019 20:00,0
6/7/2019 21:00,0
6/7/2019 22:00,0
6/7/2019 23:00,0
7/7/2019 0:00,0
7/7/2019 1:00,0
7/7/2019 2:00,0
7/7/2019 3:00,0
7/7/2019 4:00,0
7/7/2019 5:00,0
7/7/2019 6:00,83.247
7/7/2019 7:00,480.335
7/7/2019 8:00,981.781
7/7/2019 9:00,1477.079
7/7/2019 10:00,1770.2
7/7/2019 11:00,1981.33
7/7/2019 12:00,2059.301
7/7/2019 13:00,1992.554
7/7/2019 14:00,1793.185
7/7/2019 15:00,1469.734
7/7/2019 16:00,1028.357
7/7/2019 17:00,503.397
7/7/2019 18:00,73.614
7/7/2019 19:00,0
7/7/2019 20:00,0
7/7/2019 21:00,0
7/7/2019 22:00,0
7/7/2019 23:00,0
8/7/2019 0:00,0
8/7/2019 1:00,0
8/7/2019 2:00,0
8/7/2019 3:00,0
8/7/2019 4:00,0
8/7/2019 5:00,0
8/7/2019 6:00,49.727
8/7/2019 7:00,338.252
8/7/2019 8:00,773.281
8/7/2019 9:00,1150.33
8/7/2019 10:00,1427.161
8/7/2019 11:00,1626.231
8/7/2019 12:00,1734.066
8/7/2019 13:00,1679.882
8/7/2019 14:00,1450.418
8/7/2019 15:00,1156.118
8/7/2019 16:00,756.005
8/7/2019 17:00,361.124
8/7/2019 18:00,48.583
8/7/2019 19:00,0
8/7/2019 20:00,0
8/7/2019 21:00,0
8/7/2019 22:00,0
8/7/2019 23:00,0
9/7/2019 0:00,0
9/7/2019 1:00,0
9/7/2019 2:00,0
9/7/2019 3:00,0
9/7/2019 4:00,0
9/7/2019 5:00,0
9/7/2019 6:00,52.246
9/7/2019 7:00,314.456
9/7/2019 8:00,614.709
9/7/2019 9:00,935.352
9/7/2019 10:00,1285.629
9/7/2019 11:00,1575.057
9/7/2019 12:00,1728.528
9/7/2019 13:00,1689.54
9/7/2019 14:00,1487.178
9/7/2019 15:00,1135.732
9/7/2019 16:00,721.873
9/7/2019 17:00,314.738
9/7/2019 18:00,32.977
9/7/2019 19:00,0
9/7/2019 20:00,0
9/7/2019 21:00,0
9/7/2019 22:00,0
9/7/2019 23:00,0
10/7/2019 0:00,0
10/7/2019 1:00,0
10/7/2019 2:00,0
10/7/2019 3:00,0
10/7/2019 4:00,0
10/7/2019 5:00,0
10/7/2019 6:00,38.286
10/7/2019 7:00,332.064
10/7/2019 8:00,764.37
10/7/2019 9:00,1163.488
10/7/2019 10:00,1501.699
10/7/2019 11:00,1760.205
10/7/2019 12:00,1910.344
10/7/2019 13:00,1759.629
10/7/2019 14:00,1439.741
10/7/2019 15:00,953.774
10/7/2019 16:00,562.867
10/7/2019 17:00,242.502
10/7/2019 18:00,18.735
10/7/2019 19:00,0
10/7/2019 20:00,0
10/7/2019 21:00,0
10/7/2019 22:00,0
10/7/2019 23:00,0
11/7/2019 0:00,0
11/7/2019 1:00,0
11/7/2019 2:00,0
11/7/2019 3:00,0
11/7/2019 4:00,0
11/7/2019 5:00,0
11/7/2019 6:00,77.373
11/7/2019 7:00,446.989
11/7/2019 8:00,1031.14
11/7/2019 9:00,1475.761
11/7/2019 10:00,1734.051
11/7/2019 11:00,1844.98
11/7/2019 12:00,1937.672
11/7/2019 13:00,1799.814
11/7/2019 14:00,1442.356
11/7/2019 15:00,1060.59
11/7/2019 16:00,736.406
11/7/2019 17:00,461.144
11/7/2019 18:00,73.688
11/7/2019 19:00,0
11/7/2019 20:00,0
11/7/2019 21:00,0
11/7/2019 22:00,0
11/7/2019 23:00,0
12/7/2019 0:00,0
12/7/2019 1:00,0
12/7/2019 2:00,0
12/7/2019 3:00,0
12/7/2019 4:00,0
12/7/2019 5:00,0
12/7/2019 6:00,66.84
12/7/2019 7:00,427.161
12/7/2019 8:00,1001.763
12/7/2019 9:00,1436.155
12/7/2019 10:00,1733.113
12/7/2019 11:00,1945.603
12/7/2019 12:00,2025.426
12/7/2019 13:00,1966.444
12/7/2019 14:00,1754.61
12/7/2019 15:00,1430.641
12/7/2019 16:00,1005.82
12/7/2019 17:00,477.354
12/7/2019 18:00,73.319
12/7/2019 19:00,0
12/7/2019 20:00,0
12/7/2019 21:00,0
12/7/2019 22:00,0
12/7/2019 23:00,0
13/7/2019 0:00,0
13/7/2019 1:00,0
13/7/2019 2:00,0
13/7/2019 3:00,0
13/7/2019 4:00,0
13/7/2019 5:00,0
13/7/2019 6:00,70.551
13/7/2019 7:00,445.936
13/7/2019 8:00,959.774
13/7/2019 9:00,1372.521
13/7/2019 10:00,1640.238
13/7/2019 11:00,1854.511
13/7/2019 12:00,1857.482
13/7/2019 13:00,1733.095
13/7/2019 14:00,1429.727
13/7/2019 15:00,986.168
13/7/2019 16:00,636.721
13/7/2019 17:00,279.918
13/7/2019 18:00,29.977
13/7/2019 19:00,0
13/7/2019 20:00,0
13/7/2019 21:00,0
13/7/2019 22:00,0
13/7/2019 23:00,0
14/7/2019 0:00,0
14/7/2019 1:00,0
14/7/2019 2:00,0
14/7/2019 3:00,0
14/7/2019 4:00,0
14/7/2019 5:00,0
14/7/2019 6:00,58.406
14/7/2019 7:00,436.982
14/7/2019 8:00,844.398
14/7/2019 9:00,1195.844
14/7/2019 10:00,1432.72
14/7/2019 11:00,1461.769
14/7/2019 12:00,1368.872
14/7/2019 13:00,1153.182
14/7/2019 14:00,896.046
14/7/2019 15:00,687.305
14/7/2019 16:00,472.849
14/7/2019 17:00,212.594
14/7/2019 18:00,11.378
14/7/2019 19:00,0
14/7/2019 20:00,0
14/7/2019 21:00,0
14/7/2019 22:00,0
14/7/2019 23:00,0
15/7/2019 0:00,0
15/7/2019 1:00,0
15/7/2019 2:00,0
15/7/2019 3:00,0
15/7/2019 4:00,0
15/7/2019 5:00,0
15/7/2019 6:00,57.751
15/7/2019 7:00,395.468
15/7/2019 8:00,862.579
15/7/2019 9:00,1312.905
15/7/2019 10:00,1578.026
15/7/2019 11:00,1675.884
15/7/2019 12:00,1656.743
15/7/2019 13:00,1518.572
15/7/2019 14:00,1303.419
15/7/2019 15:00,1128.9
15/7/2019 16:00,813.359
15/7/2019 17:00,399.375
15/7/2019 18:00,56.927
15/7/2019 19:00,0
15/7/2019 20:00,0
15/7/2019 21:00,0
15/7/2019 22:00,0
15/7/2019 23:00,0
16/7/2019 0:00,0
16/7/2019 1:00,0
16/7/2019 2:00,0
16/7/2019 3:00,0
16/7/2019 4:00,0
16/7/2019 5:00,0
16/7/2019 6:00,47.214
16/7/2019 7:00,346.258
16/7/2019 8:00,757.2
16/7/2019 9:00,1154.757
16/7/2019 10:00,1373.877
16/7/2019 11:00,1445.608
16/7/2019 12:00,1472.623
16/7/2019 13:00,1382.809
16/7/2019 14:00,1274.809
16/7/2019 15:00,1035.836
16/7/2019 16:00,662.062
16/7/2019 17:00,318.767
16/7/2019 18:00,37.708
16/7/2019 19:00,0
16/7/2019 20:00,0
16/7/2019 21:00,0
16/7/2019 22:00,0
16/7/2019 23:00,0
17/7/2019 0:00,0
17/7/2019 1:00,0
17/7/2019 2:00,0
17/7/2019 3:00,0
17/7/2019 4:00,0
17/7/2019 5:00,0
17/7/2019 6:00,71.242
17/7/2019 7:00,477.538
17/7/2019 8:00,1017.883
17/7/2019 9:00,1478.707
17/7/2019 10:00,1816.076
17/7/2019 11:00,1961.72
17/7/2019 12:00,1943.753
17/7/2019 13:00,1742.28
17/7/2019 14:00,1455.763
17/7/2019 15:00,1148.299
17/7/2019 16:00,773.039
17/7/2019 17:00,386.617
17/7/2019 18:00,49.051
17/7/2019 19:00,0
17/7/2019 20:00,0
17/7/2019 21:00,0
17/7/2019 22:00,0
17/7/2019 23:00,0
18/7/2019 0:00,0
18/7/2019 1:00,0
18/7/2019 2:00,0
18/7/2019 3:00,0
18/7/2019 4:00,0
18/7/2019 5:00,0
18/7/2019 6:00,58.603
18/7/2019 7:00,467.803
18/7/2019 8:00,1046.691
18/7/2019 9:00,1453.645
18/7/2019 10:00,1721.243
18/7/2019 11:00,1834.405
18/7/2019 12:00,1785.391
18/7/2019 13:00,1611.003
18/7/2019 14:00,1286.035
18/7/2019 15:00,947.779
18/7/2019 16:00,608.37
18/7/2019 17:00,286.084
18/7/2019 18:00,39.285
18/7/2019 19:00,0
18/7/2019 20:00,0
18/7/2019 21:00,0
18/7/2019 22:00,0
18/7/2019 23:00,0
19/7/2019 0:00,0
19/7/2019 1:00,0
19/7/2019 2:00,0
19/7/2019 3:00,0
19/7/2019 4:00,0
19/7/2019 5:00,0
19/7/2019 6:00,53.524
19/7/2019 7:00,357.283
19/7/2019 8:00,747.022
19/7/2019 9:00,1175.566
19/7/2019 10:00,1503.634
19/7/2019 11:00,1585.718
19/7/2019 12:00,1307.299
19/7/2019 13:00,1113.722
19/7/2019 14:00,857.698
19/7/2019 15:00,584.225
19/7/2019 16:00,378.965
19/7/2019 17:00,185.693
19/7/2019 18:00,9.444
19/7/2019 19:00,0
19/7/2019 20:00,0
19/7/2019 21:00,0
19/7/2019 22:00,0
19/7/2019 23:00,0
20/7/2019 0:00,0
20/7/2019 1:00,0
20/7/2019 2:00,0
20/7/2019 3:00,0
20/7/2019 4:00,0
20/7/2019 5:00,0
20/7/2019 6:00,31.842
20/7/2019 7:00,287.633
20/7/2019 8:00,637.563
20/7/2019 9:00,982.28
20/7/2019 10:00,1270.833
20/7/2019 11:00,1349.429
20/7/2019 12:00,1296.067
20/7/2019 13:00,1117.975
20/7/2019 14:00,826.086
20/7/2019 15:00,599.607
20/7/2019 16:00,361.384
20/7/2019 17:00,161.088
20/7/2019 18:00,2.891
20/7/2019 19:00,0
20/7/2019 20:00,0
20/7/2019 21:00,0
20/7/2019 22:00,0
20/7/2019 23:00,0
21/7/2019 0:00,0
21/7/2019 1:00,0
21/7/2019 2:00,0
21/7/2019 3:00,0
21/7/2019 4:00,0
21/7/2019 5:00,0
21/7/2019 6:00,34.567
21/7/2019 7:00,308.862
21/7/2019 8:00,656.752
21/7/2019 9:00,1086.941
21/7/2019 10:00,1591.592
21/7/2019 11:00,1946.907
21/7/2019 12:00,1966.757
21/7/2019 13:00,1847.134
21/7/2019 14:00,1543.314
21/7/2019 15:00,993.301
21/7/2019 16:00,551.522
21/7/2019 17:00,219.916
21/7/2019 18:00,11.538
21/7/2019 19:00,0
21/7/2019 20:00,0
21/7/2019 21:00,0
21/7/2019 22:00,0
21/7/2019 23:00,0
22/7/2019 0:00,0
22/7/2019 1:00,0
22/7/2019 2:00,0
22/7/2019 3:00,0
22/7/2019 4:00,0
22/7/2019 5:00,0
22/7/2019 6:00,27.319
22/7/2019 7:00,336.766
22/7/2019 8:00,889.508
22/7/2019 9:00,1359.269
22/7/2019 10:00,1674.903
22/7/2019 11:00,1744.133
22/7/2019 12:00,1579.607
22/7/2019 13:00,1360.191
22/7/2019 14:00,1126.779
22/7/2019 15:00,885.129
22/7/2019 16:00,594.202
22/7/2019 17:00,279.111
22/7/2019 18:00,28.299
22/7/2019 19:00,0
22/7/2019 20:00,0
22/7/2019 21:00,0
22/7/2019 22:00,0
22/7/2019 23:00,0
23/7/2019 0:00,0
23/7/2019 1:00,0
23/7/2019 2:00,0
23/7/2019 3:00,0
23/7/2019 4:00,0
23/7/2019 5:00,0
23/7/2019 6:00,51.999
23/7/2019 7:00,376.623
23/7/2019 8:00,836.911
23/7/2019 9:00,1271.299
23/7/2019 10:00,1616.527
23/7/2019 11:00,1847.511
23/7/2019 12:00,1930.61
23/7/2019 13:00,1856.629
23/7/2019 14:00,1656.884
23/7/2019 15:00,1353.233
23/7/2019 16:00,909.923
23/7/2019 17:00,392.334
23/7/2019 18:00,28
23/7/2019 19:00,0
23/7/2019 20:00,0
23/7/2019 21:00,0
23/7/2019 22:00,0
23/7/2019 23:00,0
24/7/2019 0:00,0
24/7/2019 1:00,0
24/7/2019 2:00,0
24/7/2019 3:00,0
24/7/2019 4:00,0
24/7/2019 5:00,0
24/7/2019 6:00,21.741
24/7/2019 7:00,254.368
24/7/2019 8:00,592.906
24/7/2019 9:00,940.911
24/7/2019 10:00,1231.167
24/7/2019 11:00,1253.15
24/7/2019 12:00,1270.141
24/7/2019 13:00,1201.994
24/7/2019 14:00,978.519
24/7/2019 15:00,672.777
24/7/2019 16:00,406.332
24/7/2019 17:00,165.67
24/7/2019 18:00,4.62
24/7/2019 19:00,0
24/7/2019 20:00,0
24/7/2019 21:00,0
24/7/2019 22:00,0
24/7/2019 23:00,0
25/7/2019 0:00,0
25/7/2019 1:00,0
25/7/2019 2:00,0
25/7/2019 3:00,0
25/7/2019 4:00,0
25/7/2019 5:00,0
25/7/2019 6:00,49.525
25/7/2019 7:00,398.196
25/7/2019 8:00,813.485
25/7/2019 9:00,1085.061
25/7/2019 10:00,1273.031
25/7/2019 11:00,1363.099
25/7/2019 12:00,1361.988
25/7/2019 13:00,1217.194
25/7/2019 14:00,1084.006
25/7/2019 15:00,833.711
25/7/2019 16:00,528.548
25/7/2019 17:00,258.515
25/7/2019 18:00,23.773
25/7/2019 19:00,0
25/7/2019 20:00,0
25/7/2019 21:00,0
25/7/2019 22:00,0
25/7/2019 23:00,0
26/7/2019 0:00,0
26/7/2019 1:00,0
26/7/2019 2:00,0
26/7/2019 3:00,0
26/7/2019 4:00,0
26/7/2019 5:00,0
26/7/2019 6:00,27.13
26/7/2019 7:00,257.16
26/7/2019 8:00,539.227
26/7/2019 9:00,801.02
26/7/2019 10:00,1033.205
26/7/2019 11:00,1177.126
26/7/2019 12:00,1164.072
26/7/2019 13:00,1037.447
26/7/2019 14:00,848.143
26/7/2019 15:00,637.813
26/7/2019 16:00,386.905
26/7/2019 17:00,159.444
26/7/2019 18:00,2.698
26/7/2019 19:00,0
26/7/2019 20:00,0
26/7/2019 21:00,0
26/7/2019 22:00,0
26/7/2019 23:00,0
27/7/2019 0:00,0
27/7/2019 1:00,0
27/7/2019 2:00,0
27/7/2019 3:00,0
27/7/2019 4:00,0
27/7/2019 5:00,0
27/7/2019 6:00,31.844
27/7/2019 7:00,287.347
27/7/2019 8:00,565.188
27/7/2019 9:00,795.63
27/7/2019 10:00,997.912
27/7/2019 11:00,1175.439
27/7/2019 12:00,1195.015
27/7/2019 13:00,1060.541
27/7/2019 14:00,833.03
27/7/2019 15:00,526.041
27/7/2019 16:00,304.487
27/7/2019 17:00,118.661
27/7/2019 18:00,0
27/7/2019 19:00,0
27/7/2019 20:00,0
27/7/2019 21:00,0
27/7/2019 22:00,0
27/7/2019 23:00,0
28/7/2019 0:00,0
28/7/2019 1:00,0
28/7/2019 2:00,0
28/7/2019 3:00,0
28/7/2019 4:00,0
28/7/2019 5:00,0
28/7/2019 6:00,34.137
28/7/2019 7:00,301.332
28/7/2019 8:00,605.009
28/7/2019 9:00,874.474
28/7/2019 10:00,1196.326
28/7/2019 11:00,1377.427
28/7/2019 12:00,1382.961
28/7/2019 13:00,1335.974
28/7/2019 14:00,1213.317
28/7/2019 15:00,995.305
28/7/2019 16:00,751.006
28/7/2019 17:00,330.421
28/7/2019 18:00,40.317
28/7/2019 19:00,0
28/7/2019 20:00,0
28/7/2019 21:00,0
28/7/2019 22:00,0
28/7/2019 23:00,0
29/7/2019 0:00,0
29/7/2019 1:00,0
29/7/2019 2:00,0
29/7/2019 3:00,0
29/7/2019 4:00,0
29/7/2019 5:00,0
29/7/2019 6:00,8.276
29/7/2019 7:00,154.88
29/7/2019 8:00,432.956
29/7/2019 9:00,945.856
29/7/2019 10:00,1562.058
29/7/2019 11:00,1636.814
29/7/2019 12:00,1477.01
29/7/2019 13:00,918.973
29/7/2019 14:00,620.523
29/7/2019 15:00,385.723
29/7/2019 16:00,217.571
29/7/2019 17:00,75.242
29/7/2019 18:00,0
29/7/2019 19:00,0
29/7/2019 20:00,0
29/7/2019 21:00,0
29/7/2019 22:00,0
29/7/2019 23:00,0
30/7/2019 0:00,0
30/7/2019 1:00,0
30/7/2019 2:00,0
30/7/2019 3:00,0
30/7/2019 4:00,0
30/7/2019 5:00,0
30/7/2019 6:00,4.413
30/7/2019 7:00,141.336
30/7/2019 8:00,337.421
30/7/2019 9:00,514.625
30/7/2019 10:00,615.054
30/7/2019 11:00,667.71
30/7/2019 12:00,645.929
30/7/2019 13:00,581.144
30/7/2019 14:00,447.129
30/7/2019 15:00,319.619
30/7/2019 16:00,179.523
30/7/2019 17:00,56.402
30/7/2019 18:00,0
30/7/2019 19:00,0
30/7/2019 20:00,0
30/7/2019 21:00,0
30/7/2019 22:00,0
30/7/2019 23:00,0
31/7/2019 0:00,0
31/7/2019 1:00,0
31/7/2019 2:00,0
31/7/2019 3:00,0
31/7/2019 4:00,0
31/7/2019 5:00,0
31/7/2019 6:00,5.284
31/7/2019 7:00,137.909
31/7/2019 8:00,310.68
31/7/2019 9:00,539.613
31/7/2019 10:00,800.702
31/7/2019 11:00,926.231
31/7/2019 12:00,946.741
31/7/2019 13:00,859.332
31/7/2019 14:00,696.054
31/7/2019 15:00,517.875
31/7/2019 16:00,336.73
31/7/2019 17:00,170.75
31/7/2019 18:00,11.113
31/7/2019 19:00,0
31/7/2019 20:00,0
31/7/2019 21:00,0
31/7/2019 22:00,0
31/7/2019 23:00,0
1/8/2019 0:00,0
1/8/2019 1:00,0
1/8/2019 2:00,0
1/8/2019 3:00,0
1/8/2019 4:00,0
1/8/2019 5:00,0
1/8/2019 6:00,14.338
1/8/2019 7:00,231.312
1/8/2019 8:00,566.238
1/8/2019 9:00,971.445
1/8/2019 10:00,1268.471
1/8/2019 11:00,1296.261
1/8/2019 12:00,1210.352
1/8/2019 13:00,1050.894
1/8/2019 14:00,927.976
1/8/2019 15:00,747.022
1/8/2019 16:00,512.708
1/8/2019 17:00,226.3
1/8/2019 18:00,13.831
1/8/2019 19:00,0
1/8/2019 20:00,0
1/8/2019 21:00,0
1/8/2019 22:00,0
1/8/2019 23:00,0
2/8/2019 0:00,0
2/8/2019 1:00,0
2/8/2019 2:00,0
2/8/2019 3:00,0
2/8/2019 4:00,0
2/8/2019 5:00,0
2/8/2019 6:00,26.092
2/8/2019 7:00,291.051
2/8/2019 8:00,661.402
2/8/2019 9:00,1102.741
2/8/2019 10:00,1375.604
2/8/2019 11:00,1376.925
2/8/2019 12:00,1307.05
2/8/2019 13:00,1173.331
2/8/2019 14:00,1066.343
2/8/2019 15:00,936.731
2/8/2019 16:00,698.824
2/8/2019 17:00,361.67
2/8/2019 18:00,36.51
2/8/2019 19:00,0
2/8/2019 20:00,0
2/8/2019 21:00,0
2/8/2019 22:00,0
2/8/2019 23:00,0
3/8/2019 0:00,0
3/8/2019 1:00,0
3/8/2019 2:00,0
3/8/2019 3:00,0
3/8/2019 4:00,0
3/8/2019 5:00,0
3/8/2019 6:00,32.343
3/8/2019 7:00,372.392
3/8/2019 8:00,864.855
3/8/2019 9:00,1349.157
3/8/2019 10:00,1786.804
3/8/2019 11:00,1814.148
3/8/2019 12:00,1864.495
3/8/2019 13:00,1692.127
3/8/2019 14:00,1492.029
3/8/2019 15:00,1257.997
3/8/2019 16:00,713.517
3/8/2019 17:00,255.4
3/8/2019 18:00,7.838
3/8/2019 19:00,0
3/8/2019 20:00,0
3/8/2019 21:00,0
3/8/2019 22:00,0
3/8/2019 23:00,0
4/8/2019 0:00,0
4/8/2019 1:00,0
4/8/2019 2:00,0
4/8/2019 3:00,0
4/8/2019 4:00,0
4/8/2019 5:00,0
4/8/2019 6:00,0
4/8/2019 7:00,137.127
4/8/2019 8:00,524.041
4/8/2019 9:00,828.715
4/8/2019 10:00,967.906
4/8/2019 11:00,1022.209
4/8/2019 12:00,956.479
4/8/2019 13:00,827.432
4/8/2019 14:00,636.291
4/8/2019 15:00,426.228
4/8/2019 16:00,248.324
4/8/2019 17:00,90.155
4/8/2019 18:00,0
4/8/2019 19:00,0
4/8/2019 20:00,0
4/8/2019 21:00,0
4/8/2019 22:00,0
4/8/2019 23:00,0
5/8/2019 0:00,0
5/8/2019 1:00,0
5/8/2019 2:00,0
5/8/2019 3:00,0
5/8/2019 4:00,0
5/8/2019 5:00,0
5/8/2019 6:00,0
5/8/2019 7:00,119.487
5/8/2019 8:00,486.796
5/8/2019 9:00,878.543
5/8/2019 10:00,1137.492
5/8/2019 11:00,1238.242
5/8/2019 12:00,1208.359
5/8/2019 13:00,1069.586
5/8/2019 14:00,901.493
5/8/2019 15:00,723.867
5/8/2019 16:00,476.115
5/8/2019 17:00,214.194
5/8/2019 18:00,10.302
5/8/2019 19:00,0
5/8/2019 20:00,0
5/8/2019 21:00,0
5/8/2019 22:00,0
5/8/2019 23:00,0
6/8/2019 0:00,0
6/8/2019 1:00,0
6/8/2019 2:00,0
6/8/2019 3:00,0
6/8/2019 4:00,0
6/8/2019 5:00,0
6/8/2019 6:00,41.319
6/8/2019 7:00,396.01
6/8/2019 8:00,771.499
6/8/2019 9:00,1136.678
6/8/2019 10:00,1115.079
6/8/2019 11:00,1015.825
6/8/2019 12:00,928.229
6/8/2019 13:00,729.948
6/8/2019 14:00,541.082
6/8/2019 15:00,396.501
6/8/2019 16:00,234.747
6/8/2019 17:00,91.145
6/8/2019 18:00,0
6/8/2019 19:00,0
6/8/2019 20:00,0
6/8/2019 21:00,0
6/8/2019 22:00,0
6/8/2019 23:00,0
7/8/2019 0:00,0
7/8/2019 1:00,0
7/8/2019 2:00,0
7/8/2019 3:00,0
7/8/2019 4:00,0
7/8/2019 5:00,0
7/8/2019 6:00,34.001
7/8/2019 7:00,345.856
7/8/2019 8:00,717.213
7/8/2019 9:00,1089.578
7/8/2019 10:00,1433.245
7/8/2019 11:00,1634.711
7/8/2019 12:00,1632.537
7/8/2019 13:00,1555.883
7/8/2019 14:00,1393.676
7/8/2019 15:00,1081.794
7/8/2019 16:00,700.851
7/8/2019 17:00,312.879
7/8/2019 18:00,25.241
7/8/2019 19:00,0
7/8/2019 20:00,0
7/8/2019 21:00,0
7/8/2019 22:00,0
7/8/2019 23:00,0
8/8/2019 0:00,0
8/8/2019 1:00,0
8/8/2019 2:00,0
8/8/2019 3:00,0
8/8/2019 4:00,0
8/8/2019 5:00,0
8/8/2019 6:00,39.041
8/8/2019 7:00,382.588
8/8/2019 8:00,785.959
8/8/2019 9:00,1262.956
8/8/2019 10:00,1604.358
8/8/2019 11:00,1748.048
8/8/2019 12:00,1728.599
8/8/2019 13:00,1540.612
8/8/2019 14:00,1406.415
8/8/2019 15:00,1013.668
8/8/2019 16:00,587.07
8/8/2019 17:00,179.946
8/8/2019 18:00,0
8/8/2019 19:00,0
8/8/2019 20:00,0
8/8/2019 21:00,0
8/8/2019 22:00,0
8/8/2019 23:00,0
9/8/2019 0:00,0
9/8/2019 1:00,0
9/8/2019 2:00,0
9/8/2019 3:00,0
9/8/2019 4:00,0
9/8/2019 5:00,0
9/8/2019 6:00,4.721
9/8/2019 7:00,171.098
9/8/2019 8:00,410.446
9/8/2019 9:00,751.809
9/8/2019 10:00,1098.95
9/8/2019 11:00,1328.213
9/8/2019 12:00,1391.371
9/8/2019 13:00,1348.532
9/8/2019 14:00,1206.691
9/8/2019 15:00,942.865
9/8/2019 16:00,594.614
9/8/2019 17:00,234.343
9/8/2019 18:00,9.603
9/8/2019 19:00,0
9/8/2019 20:00,0
9/8/2019 21:00,0
9/8/2019 22:00,0
9/8/2019 23:00,0
10/8/2019 0:00,0
10/8/2019 1:00,0
10/8/2019 2:00,0
10/8/2019 3:00,0
10/8/2019 4:00,0
10/8/2019 5:00,0
10/8/2019 6:00,16.755
10/8/2019 7:00,252.487
10/8/2019 8:00,587.681
10/8/2019 9:00,989.024
10/8/2019 10:00,1320.523
10/8/2019 11:00,1459.245
10/8/2019 12:00,1433.599
10/8/2019 13:00,1129.507
10/8/2019 14:00,769.001
10/8/2019 15:00,459.009
10/8/2019 16:00,223.495
10/8/2019 17:00,77.513
10/8/2019 18:00,0
10/8/2019 19:00,0
10/8/2019 20:00,0
10/8/2019 21:00,0
10/8/2019 22:00,0
10/8/2019 23:00,0
11/8/2019 0:00,0
11/8/2019 1:00,0
11/8/2019 2:00,0
11/8/2019 3:00,0
11/8/2019 4:00,0
11/8/2019 5:00,0
11/8/2019 6:00,0
11/8/2019 7:00,101.379
11/8/2019 8:00,297.34
11/8/2019 9:00,537.497
11/8/2019 10:00,819.942
11/8/2019 11:00,945.108
11/8/2019 12:00,979.429
11/8/2019 13:00,919.66
11/8/2019 14:00,760.204
11/8/2019 15:00,532.6
11/8/2019 16:00,294.359
11/8/2019 17:00,101.081
11/8/2019 18:00,0
11/8/2019 19:00,0
11/8/2019 20:00,0
11/8/2019 21:00,0
11/8/2019 22:00,0
11/8/2019 23:00,0
12/8/2019 0:00,0
12/8/2019 1:00,0
12/8/2019 2:00,0
12/8/2019 3:00,0
12/8/2019 4:00,0
12/8/2019 5:00,0
12/8/2019 6:00,11.757
12/8/2019 7:00,252.968
12/8/2019 8:00,636.182
12/8/2019 9:00,1175.629
12/8/2019 10:00,1583.098
12/8/2019 11:00,1864.786
12/8/2019 12:00,1777.61
12/8/2019 13:00,1468.904
12/8/2019 14:00,954.894
12/8/2019 15:00,558.544
12/8/2019 16:00,341.648
12/8/2019 17:00,177.547
12/8/2019 18:00,2.339
12/8/2019 19:00,0
12/8/2019 20:00,0
12/8/2019 21:00,0
12/8/2019 22:00,0
12/8/2019 23:00,0
13/8/2019 0:00,0
13/8/2019 1:00,0
13/8/2019 2:00,0
13/8/2019 3:00,0
13/8/2019 4:00,0
13/8/2019 5:00,0
13/8/2019 6:00,21.662
13/8/2019 7:00,314.138
13/8/2019 8:00,716.827
13/8/2019 9:00,1138.31
13/8/2019 10:00,1455.61
13/8/2019 11:00,1585.285
13/8/2019 12:00,1618.716
13/8/2019 13:00,1504.445
13/8/2019 14:00,1254.721
13/8/2019 15:00,978.354
13/8/2019 16:00,595.791
13/8/2019 17:00,228.893
13/8/2019 18:00,3.56
13/8/2019 19:00,0
13/8/2019 20:00,0
13/8/2019 21:00,0
13/8/2019 22:00,0
13/8/2019 23:00,0
14/8/2019 0:00,0
14/8/2019 1:00,0
14/8/2019 2:00,0
14/8/2019 3:00,0
14/8/2019 4:00,0
14/8/2019 5:00,0
14/8/2019 6:00,18.792
14/8/2019 7:00,308.775
14/8/2019 8:00,723.248
14/8/2019 9:00,1236.403
14/8/2019 10:00,1635.903
14/8/2019 11:00,1862.736
14/8/2019 12:00,1920.239
14/8/2019 13:00,1854.543
14/8/2019 14:00,1667.707
14/8/2019 15:00,1275.35
14/8/2019 16:00,777.699
14/8/2019 17:00,357.852
14/8/2019 18:00,18.338
14/8/2019 19:00,0
14/8/2019 20:00,0
14/8/2019 21:00,0
14/8/2019 22:00,0
14/8/2019 23:00,0
15/8/2019 0:00,0
15/8/2019 1:00,0
15/8/2019 2:00,0
15/8/2019 3:00,0
15/8/2019 4:00,0
15/8/2019 5:00,0
15/8/2019 6:00,19.746
15/8/2019 7:00,308.588
15/8/2019 8:00,681.322
15/8/2019 9:00,1065.24
15/8/2019 10:00,1465.722
15/8/2019 11:00,1751.853
15/8/2019 12:00,1872.987
15/8/2019 13:00,1852.113
15/8/2019 14:00,1647.358
15/8/2019 15:00,1210.126
15/8/2019 16:00,739.212
15/8/2019 17:00,340.531
15/8/2019 18:00,15.478
15/8/2019 19:00,0
15/8/2019 20:00,0
15/8/2019 21:00,0
15/8/2019 22:00,0
15/8/2019 23:00,0
16/8/2019 0:00,0
16/8/2019 1:00,0
16/8/2019 2:00,0
16/8/2019 3:00,0
16/8/2019 4:00,0
16/8/2019 5:00,0
16/8/2019 6:00,8.748
16/8/2019 7:00,240.957
16/8/2019 8:00,667.302
16/8/2019 9:00,1154.076
16/8/2019 10:00,1482.168
16/8/2019 11:00,1599.544
16/8/2019 12:00,1550.669
16/8/2019 13:00,1350.108
16/8/2019 14:00,999.384
16/8/2019 15:00,623.435
16/8/2019 16:00,351.637
16/8/2019 17:00,121.921
16/8/2019 18:00,0
16/8/2019 19:00,0
16/8/2019 20:00,0
16/8/2019 21:00,0
16/8/2019 22:00,0
16/8/2019 23:00,0
17/8/2019 0:00,0
17/8/2019 1:00,0
17/8/2019 2:00,0
17/8/2019 3:00,0
17/8/2019 4:00,0
17/8/2019 5:00,0
17/8/2019 6:00,1.382
17/8/2019 7:00,202.595
17/8/2019 8:00,454.483
17/8/2019 9:00,671.753
17/8/2019 10:00,935.328
17/8/2019 11:00,1126.011
17/8/2019 12:00,1167.396
17/8/2019 13:00,1125.185
17/8/2019 14:00,1027.639
17/8/2019 15:00,874.635
17/8/2019 16:00,612.575
17/8/2019 17:00,268.878
17/8/2019 18:00,14.076
17/8/2019 19:00,0
17/8/2019 20:00,0
17/8/2019 21:00,0
17/8/2019 22:00,0
17/8/2019 23:00,0
18/8/2019 0:00,0
18/8/2019 1:00,0
18/8/2019 2:00,0
18/8/2019 3:00,0
18/8/2019 4:00,0
18/8/2019 5:00,0
18/8/2019 6:00,24.507
18/8/2019 7:00,339.058
18/8/2019 8:00,732.464
18/8/2019 9:00,1091.654
18/8/2019 10:00,1384.642
18/8/2019 11:00,1657.277
18/8/2019 12:00,1772.336
18/8/2019 13:00,1714.646
18/8/2019 14:00,1552.93
18/8/2019 15:00,1194.653
18/8/2019 16:00,805.003
18/8/2019 17:00,395.575
18/8/2019 18:00,23.187
18/8/2019 19:00,0
18/8/2019 20:00,0
18/8/2019 21:00,0
18/8/2019 22:00,0
18/8/2019 23:00,0
19/8/2019 0:00,0
19/8/2019 1:00,0
19/8/2019 2:00,0
19/8/2019 3:00,0
19/8/2019 4:00,0
19/8/2019 5:00,0
19/8/2019 6:00,15.622
19/8/2019 7:00,263.739
19/8/2019 8:00,514.743
19/8/2019 9:00,696.607
19/8/2019 10:00,900.697
19/8/2019 11:00,924.774
19/8/2019 12:00,904.935
19/8/2019 13:00,878.006
19/8/2019 14:00,749.589
19/8/2019 15:00,608.467
19/8/2019 16:00,365.473
19/8/2019 17:00,158.303
19/8/2019 18:00,0
19/8/2019 19:00,0
19/8/2019 20:00,0
19/8/2019 21:00,0
19/8/2019 22:00,0
19/8/2019 23:00,0
20/8/2019 0:00,0
20/8/2019 1:00,0
20/8/2019 2:00,0
20/8/2019 3:00,0
20/8/2019 4:00,0
20/8/2019 5:00,0
20/8/2019 6:00,0
20/8/2019 7:00,151.026
20/8/2019 8:00,379.426
20/8/2019 9:00,651.601
20/8/2019 10:00,902.834
20/8/2019 11:00,1095.604
20/8/2019 12:00,1143.731
20/8/2019 13:00,1016.813
20/8/2019 14:00,781.801
20/8/2019 15:00,542.693
20/8/2019 16:00,333.047
20/8/2019 17:00,120.575
20/8/2019 18:00,0
20/8/2019 19:00,0
20/8/2019 20:00,0
20/8/2019 21:00,0
20/8/2019 22:00,0
20/8/2019 23:00,0
21/8/2019 0:00,0
21/8/2019 1:00,0
21/8/2019 2:00,0
21/8/2019 3:00,0
21/8/2019 4:00,0
21/8/2019 5:00,0
21/8/2019 6:00,18.933
21/8/2019 7:00,315.587
21/8/2019 8:00,676.665
21/8/2019 9:00,969.593
21/8/2019 10:00,1153.654
21/8/2019 11:00,1321.551
21/8/2019 12:00,1390.294
21/8/2019 13:00,1332.734
21/8/2019 14:00,1106.133
21/8/2019 15:00,848.834
21/8/2019 16:00,524.69
21/8/2019 17:00,213.689
21/8/2019 18:00,4.728
21/8/2019 19:00,0
21/8/2019 20:00,0
21/8/2019 21:00,0
21/8/2019 22:00,0
21/8/2019 23:00,0
22/8/2019 0:00,0
22/8/2019 1:00,0
22/8/2019 2:00,0
22/8/2019 3:00,0
22/8/2019 4:00,0
22/8/2019 5:00,0
22/8/2019 6:00,25.429
22/8/2019 7:00,384.461
22/8/2019 8:00,864.615
22/8/2019 9:00,1409.245
22/8/2019 10:00,1591.226
22/8/2019 11:00,1777.198
22/8/2019 12:00,1835.797
22/8/2019 13:00,1724.631
22/8/2019 14:00,1575.151
22/8/2019 15:00,1217.795
22/8/2019 16:00,842.144
22/8/2019 17:00,377.384
22/8/2019 18:00,9.252
22/8/2019 19:00,0
22/8/2019 20:00,0
22/8/2019 21:00,0
22/8/2019 22:00,0
22/8/2019 23:00,0
23/8/2019 0:00,0
23/8/2019 1:00,0
23/8/2019 2:00,0
23/8/2019 3:00,0
23/8/2019 4:00,0
23/8/2019 5:00,0
23/8/2019 6:00,17.07
23/8/2019 7:00,355.016
23/8/2019 8:00,814.73
23/8/2019 9:00,1245.507
23/8/2019 10:00,1488.791
23/8/2019 11:00,1656.257
23/8/2019 12:00,1734.137
23/8/2019 13:00,1710.416
23/8/2019 14:00,1594.787
23/8/2019 15:00,1354.923
23/8/2019 16:00,953.643
23/8/2019 17:00,438.994
23/8/2019 18:00,21.447
23/8/2019 19:00,0
23/8/2019 20:00,0
23/8/2019 21:00,0
23/8/2019 22:00,0
23/8/2019 23:00,0
24/8/2019 0:00,0
24/8/2019 1:00,0
24/8/2019 2:00,0
24/8/2019 3:00,0
24/8/2019 4:00,0
24/8/2019 5:00,0
24/8/2019 6:00,28.8
24/8/2019 7:00,424.843
24/8/2019 8:00,909.166
24/8/2019 9:00,1364.461
24/8/2019 10:00,1670.226
24/8/2019 11:00,1769.055
24/8/2019 12:00,1717.412
24/8/2019 13:00,1336.986
24/8/2019 14:00,1112.87
24/8/2019 15:00,795.094
24/8/2019 16:00,454.831
24/8/2019 17:00,123.57
24/8/2019 18:00,0
24/8/2019 19:00,0
24/8/2019 20:00,0
24/8/2019 21:00,0
24/8/2019 22:00,0
24/8/2019 23:00,0
25/8/2019 0:00,0
25/8/2019 1:00,0
25/8/2019 2:00,0
25/8/2019 3:00,0
25/8/2019 4:00,0
25/8/2019 5:00,0
25/8/2019 6:00,0
25/8/2019 7:00,80.868
25/8/2019 8:00,237.473
25/8/2019 9:00,567.119
25/8/2019 10:00,1047.735
25/8/2019 11:00,1336.58
25/8/2019 12:00,1460.225
25/8/2019 13:00,1551.599
25/8/2019 14:00,1459.002
25/8/2019 15:00,1151.561
25/8/2019 16:00,817.659
25/8/2019 17:00,373.465
25/8/2019 18:00,17.279
25/8/2019 19:00,0
25/8/2019 20:00,0
25/8/2019 21:00,0
25/8/2019 22:00,0
25/8/2019 23:00,0
26/8/2019 0:00,0
26/8/2019 1:00,0
26/8/2019 2:00,0
26/8/2019 3:00,0
26/8/2019 4:00,0
26/8/2019 5:00,0
26/8/2019 6:00,18.533
26/8/2019 7:00,391.494
26/8/2019 8:00,944.609
26/8/2019 9:00,1446.607
26/8/2019 10:00,1862.921
26/8/2019 11:00,2143.301
26/8/2019 12:00,2193.195
26/8/2019 13:00,1957.277
26/8/2019 14:00,1608.266
26/8/2019 15:00,1105.633
26/8/2019 16:00,557.3
26/8/2019 17:00,175.676
26/8/2019 18:00,0
26/8/2019 19:00,0
26/8/2019 20:00,0
26/8/2019 21:00,0
26/8/2019 22:00,0
26/8/2019 23:00,0
27/8/2019 0:00,0
27/8/2019 1:00,0
27/8/2019 2:00,0
27/8/2019 3:00,0
27/8/2019 4:00,0
27/8/2019 5:00,0
27/8/2019 6:00,3.488
27/8/2019 7:00,272.846
27/8/2019 8:00,716.907
27/8/2019 9:00,1270.165
27/8/2019 10:00,1528.922
27/8/2019 11:00,1670.645
27/8/2019 12:00,1645.135
27/8/2019 13:00,1521.231
27/8/2019 14:00,1341.628
27/8/2019 15:00,1064.813
27/8/2019 16:00,653.204
27/8/2019 17:00,267.001
27/8/2019 18:00,0.809
27/8/2019 19:00,0
27/8/2019 20:00,0
27/8/2019 21:00,0
27/8/2019 22:00,0
27/8/2019 23:00,0
28/8/2019 0:00,0
28/8/2019 1:00,0
28/8/2019 2:00,0
28/8/2019 3:00,0
28/8/2019 4:00,0
28/8/2019 5:00,0
28/8/2019 6:00,0
28/8/2019 7:00,210.272
28/8/2019 8:00,445.22
28/8/2019 9:00,640.963
28/8/2019 10:00,830.093
28/8/2019 11:00,934.494
28/8/2019 12:00,1083.135
28/8/2019 13:00,1328.257
28/8/2019 14:00,1477.223
28/8/2019 15:00,1291.971
28/8/2019 16:00,873.1
28/8/2019 17:00,335.627
28/8/2019 18:00,6.032
28/8/2019 19:00,0
28/8/2019 20:00,0
28/8/2019 21:00,0
28/8/2019 22:00,0
28/8/2019 23:00,0
29/8/2019 0:00,0
29/8/2019 1:00,0
29/8/2019 2:00,0
29/8/2019 3:00,0
29/8/2019 4:00,0
29/8/2019 5:00,0
29/8/2019 6:00,3.761
29/8/2019 7:00,236.791
29/8/2019 8:00,508.361
29/8/2019 9:00,778.485
29/8/2019 10:00,1248.174
29/8/2019 11:00,1468.843
29/8/2019 12:00,1473.325
29/8/2019 13:00,1276.208
29/8/2019 14:00,946.179
29/8/2019 15:00,678.05
29/8/2019 16:00,416.183
29/8/2019 17:00,139.488
29/8/2019 18:00,0
29/8/2019 19:00,0
29/8/2019 20:00,0
29/8/2019 21:00,0
29/8/2019 22:00,0
29/8/2019 23:00,0
30/8/2019 0:00,0
30/8/2019 1:00,0
30/8/2019 2:00,0
30/8/2019 3:00,0
30/8/2019 4:00,0
30/8/2019 5:00,0
30/8/2019 6:00,0
30/8/2019 7:00,83.144
30/8/2019 8:00,242.098
30/8/2019 9:00,503.757
30/8/2019 10:00,854.793
30/8/2019 11:00,1090.063
30/8/2019 12:00,1220.033
30/8/2019 13:00,1038.72
30/8/2019 14:00,783.024
30/8/2019 15:00,571.355
30/8/2019 16:00,310.084
30/8/2019 17:00,113.674
30/8/2019 18:00,0
30/8/2019 19:00,0
30/8/2019 20:00,0
30/8/2019 21:00,0
30/8/2019 22:00,0
30/8/2019 23:00,0
31/8/2019 0:00,0
31/8/2019 1:00,0
31/8/2019 2:00,0
31/8/2019 3:00,0
31/8/2019 4:00,0
31/8/2019 5:00,0
31/8/2019 6:00,0
31/8/2019 7:00,68.429
31/8/2019 8:00,232.126
31/8/2019 9:00,356.301
31/8/2019 10:00,488.167
31/8/2019 11:00,579.314
31/8/2019 12:00,688.183
31/8/2019 13:00,734.873
31/8/2019 14:00,688.848
31/8/2019 15:00,549.184
31/8/2019 16:00,330.36
31/8/2019 17:00,116.291
31/8/2019 18:00,0
31/8/2019 19:00,0
31/8/2019 20:00,0
31/8/2019 21:00,0
31/8/2019 22:00,0
31/8/2019 23:00,0
1/9/2019 0:00,0
1/9/2019 1:00,0
1/9/2019 2:00,0
1/9/2019 3:00,0
1/9/2019 4:00,0
1/9/2019 5:00,0
1/9/2019 6:00,0
1/9/2019 7:00,170.199
1/9/2019 8:00,494.397
1/9/2019 9:00,837.975
1/9/2019 10:00,1133.476
1/9/2019 11:00,1261.923
1/9/2019 12:00,1246.986
1/9/2019 13:00,1283.02
1/9/2019 14:00,1158.21
1/9/2019 15:00,951.479
1/9/2019 16:00,592.029
1/9/2019 17:00,246.559
1/9/2019 18:00,0
1/9/2019 19:00,0
1/9/2019 20:00,0
1/9/2019 21:00,0
1/9/2019 22:00,0
1/9/2019 23:00,0
2/9/2019 0:00,0
2/9/2019 1:00,0
2/9/2019 2:00,0
2/9/2019 3:00,0
2/9/2019 4:00,0
2/9/2019 5:00,0
2/9/2019 6:00,0
2/9/2019 7:00,174.703
2/9/2019 8:00,528.488
2/9/2019 9:00,988.02
2/9/2019 10:00,1313.281
2/9/2019 11:00,1516.827
2/9/2019 12:00,1556.44
2/9/2019 13:00,1387.178
2/9/2019 14:00,1083.324
2/9/2019 15:00,816.986
2/9/2019 16:00,492.158
2/9/2019 17:00,156.388
2/9/2019 18:00,0
2/9/2019 19:00,0
2/9/2019 20:00,0
2/9/2019 21:00,0
2/9/2019 22:00,0
2/9/2019 23:00,0
3/9/2019 0:00,0
3/9/2019 1:00,0
3/9/2019 2:00,0
3/9/2019 3:00,0
3/9/2019 4:00,0
3/9/2019 5:00,0
3/9/2019 6:00,0
3/9/2019 7:00,178.803
3/9/2019 8:00,465.805
3/9/2019 9:00,760.477
3/9/2019 10:00,1068.463
3/9/2019 11:00,1473.674
3/9/2019 12:00,1708.298
3/9/2019 13:00,1677.081
3/9/2019 14:00,1535.094
3/9/2019 15:00,1116.81
3/9/2019 16:00,688.672
3/9/2019 17:00,231.988
3/9/2019 18:00,0
3/9/2019 19:00,0
3/9/2019 20:00,0
3/9/2019 21:00,0
3/9/2019 22:00,0
3/9/2019 23:00,0
4/9/2019 0:00,0
4/9/2019 1:00,0
4/9/2019 2:00,0
4/9/2019 3:00,0
4/9/2019 4:00,0
4/9/2019 5:00,0
4/9/2019 6:00,0
4/9/2019 7:00,291.18
4/9/2019 8:00,833.826
4/9/2019 9:00,1417.807
4/9/2019 10:00,1835.018
4/9/2019 11:00,2057.037
4/9/2019 12:00,2100.856
4/9/2019 13:00,1985.42
4/9/2019 14:00,1518.43
4/9/2019 15:00,1140.101
4/9/2019 16:00,684.629
4/9/2019 17:00,260.51
4/9/2019 18:00,0
4/9/2019 19:00,0
4/9/2019 20:00,0
4/9/2019 21:00,0
4/9/2019 22:00,0
4/9/2019 23:00,0
5/9/2019 0:00,0
5/9/2019 1:00,0
5/9/2019 2:00,0
5/9/2019 3:00,0
5/9/2019 4:00,0
5/9/2019 5:00,0
5/9/2019 6:00,8.031
5/9/2019 7:00,331.463
5/9/2019 8:00,766.459
5/9/2019 9:00,1161.041
5/9/2019 10:00,1546.61
5/9/2019 11:00,1848.333
5/9/2019 12:00,1894.962
5/9/2019 13:00,1778.258
5/9/2019 14:00,1318.903
5/9/2019 15:00,829.861
5/9/2019 16:00,411.787
5/9/2019 17:00,115.526
5/9/2019 18:00,0
5/9/2019 19:00,0
5/9/2019 20:00,0
5/9/2019 21:00,0
5/9/2019 22:00,0
5/9/2019 23:00,0
6/9/2019 0:00,0
6/9/2019 1:00,0
6/9/2019 2:00,0
6/9/2019 3:00,0
6/9/2019 4:00,0
6/9/2019 5:00,0
6/9/2019 6:00,1.037
6/9/2019 7:00,253.39
6/9/2019 8:00,567.062
6/9/2019 9:00,853.388
6/9/2019 10:00,1039.683
6/9/2019 11:00,1161.723
6/9/2019 12:00,1309.707
6/9/2019 13:00,1684.119
6/9/2019 14:00,1674.712
6/9/2019 15:00,1419.411
6/9/2019 16:00,996.429
6/9/2019 17:00,435.312
6/9/2019 18:00,9.059
6/9/2019 19:00,0
6/9/2019 20:00,0
6/9/2019 21:00,0
6/9/2019 22:00,0
6/9/2019 23:00,0
7/9/2019 0:00,0
7/9/2019 1:00,0
7/9/2019 2:00,0
7/9/2019 3:00,0
7/9/2019 4:00,0
7/9/2019 5:00,0
7/9/2019 6:00,0
7/9/2019 7:00,196.618
7/9/2019 8:00,557.055
7/9/2019 9:00,1048.52
7/9/2019 10:00,1282.658
7/9/2019 11:00,1543.616
7/9/2019 12:00,1868.663
7/9/2019 13:00,1877.611
7/9/2019 14:00,1667.308
7/9/2019 15:00,1354.322
7/9/2019 16:00,897.194
7/9/2019 17:00,335.452
7/9/2019 18:00,0
7/9/2019 19:00,0
7/9/2019 20:00,0
7/9/2019 21:00,0
7/9/2019 22:00,0
7/9/2019 23:00,0
8/9/2019 0:00,0
8/9/2019 1:00,0
8/9/2019 2:00,0
8/9/2019 3:00,0
8/9/2019 4:00,0
8/9/2019 5:00,0
8/9/2019 6:00,0
8/9/2019 7:00,220.047
8/9/2019 8:00,614.111
8/9/2019 9:00,1055.026
8/9/2019 10:00,1342.881
8/9/2019 11:00,1565.212
8/9/2019 12:00,1674.478
8/9/2019 13:00,1638.81
8/9/2019 14:00,1431.716
8/9/2019 15:00,1064.285
8/9/2019 16:00,667.186
8/9/2019 17:00,301.056
8/9/2019 18:00,0
8/9/2019 19:00,0
8/9/2019 20:00,0
8/9/2019 21:00,0
8/9/2019 22:00,0
8/9/2019 23:00,0
9/9/2019 0:00,0
9/9/2019 1:00,0
9/9/2019 2:00,0
9/9/2019 3:00,0
9/9/2019 4:00,0
9/9/2019 5:00,0
9/9/2019 6:00,0.124
9/9/2019 7:00,301.116
9/9/2019 8:00,754.658
9/9/2019 9:00,1101.351
9/9/2019 10:00,1260.922
9/9/2019 11:00,1268.883
9/9/2019 12:00,1267.895
9/9/2019 13:00,1164.196
9/9/2019 14:00,998.664
9/9/2019 15:00,781.233
9/9/2019 16:00,466.78
9/9/2019 17:00,164.112
9/9/2019 18:00,0
9/9/2019 19:00,0
9/9/2019 20:00,0
9/9/2019 21:00,0
9/9/2019 22:00,0
9/9/2019 23:00,0
10/9/2019 0:00,0
10/9/2019 1:00,0
10/9/2019 2:00,0
10/9/2019 3:00,0
10/9/2019 4:00,0
10/9/2019 5:00,0
10/9/2019 6:00,0
10/9/2019 7:00,155.618
10/9/2019 8:00,427.438
10/9/2019 9:00,676.739
10/9/2019 10:00,904.566
10/9/2019 11:00,1185.689
10/9/2019 12:00,1111.222
10/9/2019 13:00,955.928
10/9/2019 14:00,747.494
10/9/2019 15:00,461.295
10/9/2019 16:00,220.577
10/9/2019 17:00,62.608
10/9/2019 18:00,0
10/9/2019 19:00,0
10/9/2019 20:00,0
10/9/2019 21:00,0
10/9/2019 22:00,0
10/9/2019 23:00,0
11/9/2019 0:00,0
11/9/2019 1:00,0
11/9/2019 2:00,0
11/9/2019 3:00,0
11/9/2019 4:00,0
11/9/2019 5:00,0
11/9/2019 6:00,0
11/9/2019 7:00,146.729
11/9/2019 8:00,474.205
11/9/2019 9:00,697.954
11/9/2019 10:00,826.204
11/9/2019 11:00,904.784
11/9/2019 12:00,1043.768
11/9/2019 13:00,1213.849
11/9/2019 14:00,1049.034
11/9/2019 15:00,669.235
11/9/2019 16:00,321.511
11/9/2019 17:00,73.486
11/9/2019 18:00,0
11/9/2019 19:00,0
11/9/2019 20:00,0
11/9/2019 21:00,0
11/9/2019 22:00,0
11/9/2019 23:00,0
12/9/2019 0:00,0
12/9/2019 1:00,0
12/9/2019 2:00,0
12/9/2019 3:00,0
12/9/2019 4:00,0
12/9/2019 5:00,0
12/9/2019 6:00,0
12/9/2019 7:00,268.587
12/9/2019 8:00,657.661
12/9/2019 9:00,1060.465
12/9/2019 10:00,1408.671
12/9/2019 11:00,1590.23
12/9/2019 12:00,1714.226
12/9/2019 13:00,1696.921
12/9/2019 14:00,1434.626
12/9/2019 15:00,1100.209
12/9/2019 16:00,729.815
12/9/2019 17:00,288.247
12/9/2019 18:00,0
12/9/2019 19:00,0
12/9/2019 20:00,0
12/9/2019 21:00,0
12/9/2019 22:00,0
12/9/2019 23:00,0
13/9/2019 0:00,0
13/9/2019 1:00,0
13/9/2019 2:00,0
13/9/2019 3:00,0
13/9/2019 4:00,0
13/9/2019 5:00,0
13/9/2019 6:00,0
13/9/2019 7:00,277.723
13/9/2019 8:00,704.124
13/9/2019 9:00,1185.945
13/9/2019 10:00,1481.588
13/9/2019 11:00,1585.6
13/9/2019 12:00,1559.026
13/9/2019 13:00,1476.742
13/9/2019 14:00,1251.437
13/9/2019 15:00,929.79
13/9/2019 16:00,514.452
13/9/2019 17:00,171.007
13/9/2019 18:00,0
13/9/2019 19:00,0
13/9/2019 20:00,0
13/9/2019 21:00,0
13/9/2019 22:00,0
13/9/2019 23:00,0
14/9/2019 0:00,0
14/9/2019 1:00,0
14/9/2019 2:00,0
14/9/2019 3:00,0
14/9/2019 4:00,0
14/9/2019 5:00,0
14/9/2019 6:00,0
14/9/2019 7:00,121.182
14/9/2019 8:00,386.342
14/9/2019 9:00,671.897
14/9/2019 10:00,921.351
14/9/2019 11:00,1297.429
14/9/2019 12:00,1405.546
14/9/2019 13:00,1273.569
14/9/2019 14:00,1075.71
14/9/2019 15:00,831.945
14/9/2019 16:00,557.72
14/9/2019 17:00,233.299
14/9/2019 18:00,0
14/9/2019 19:00,0
14/9/2019 20:00,0
14/9/2019 21:00,0
14/9/2019 22:00,0
14/9/2019 23:00,0
15/9/2019 0:00,0
15/9/2019 1:00,0
15/9/2019 2:00,0
15/9/2019 3:00,0
15/9/2019 4:00,0
15/9/2019 5:00,0
15/9/2019 6:00,1.377
15/9/2019 7:00,340.702
15/9/2019 8:00,884.718
15/9/2019 9:00,1494.541
15/9/2019 10:00,1902.566
15/9/2019 11:00,2138.946
15/9/2019 12:00,2214.488
15/9/2019 13:00,2156.112
15/9/2019 14:00,1948.462
15/9/2019 15:00,1581.051
15/9/2019 16:00,1045.718
15/9/2019 17:00,446.319
15/9/2019 18:00,0
15/9/2019 19:00,0
15/9/2019 20:00,0
15/9/2019 21:00,0
15/9/2019 22:00,0
15/9/2019 23:00,0
16/9/2019 0:00,0
16/9/2019 1:00,0
16/9/2019 2:00,0
16/9/2019 3:00,0
16/9/2019 4:00,0
16/9/2019 5:00,0
16/9/2019 6:00,12.431
16/9/2019 7:00,513.223
16/9/2019 8:00,1134.489
16/9/2019 9:00,1679.745
16/9/2019 10:00,2022.97
16/9/2019 11:00,2210.015
16/9/2019 12:00,2248.438
16/9/2019 13:00,2171.273
16/9/2019 14:00,1973.547
16/9/2019 15:00,1598.848
16/9/2019 16:00,1092.986
16/9/2019 17:00,469.749
16/9/2019 18:00,0
16/9/2019 19:00,0
16/9/2019 20:00,0
16/9/2019 21:00,0
16/9/2019 22:00,0
16/9/2019 23:00,0
17/9/2019 0:00,0
17/9/2019 1:00,0
17/9/2019 2:00,0
17/9/2019 3:00,0
17/9/2019 4:00,0
17/9/2019 5:00,0
17/9/2019 6:00,5.351
17/9/2019 7:00,421.61
17/9/2019 8:00,1123.524
17/9/2019 9:00,1684.098
17/9/2019 10:00,2044.327
17/9/2019 11:00,2230.016
17/9/2019 12:00,2269.996
17/9/2019 13:00,2175.094
17/9/2019 14:00,1940.246
17/9/2019 15:00,1568.425
17/9/2019 16:00,1019.441
17/9/2019 17:00,452.26
17/9/2019 18:00,0
17/9/2019 19:00,0
17/9/2019 20:00,0
17/9/2019 21:00,0
17/9/2019 22:00,0
17/9/2019 23:00,0
18/9/2019 0:00,0
18/9/2019 1:00,0
18/9/2019 2:00,0
18/9/2019 3:00,0
18/9/2019 4:00,0
18/9/2019 5:00,0
18/9/2019 6:00,0
18/9/2019 7:00,336.433
18/9/2019 8:00,632.189
18/9/2019 9:00,925.859
18/9/2019 10:00,1112.582
18/9/2019 11:00,1440.818
18/9/2019 12:00,1689.778
18/9/2019 13:00,1733.843
18/9/2019 14:00,1588.092
18/9/2019 15:00,1246.482
18/9/2019 16:00,740.904
18/9/2019 17:00,287.215
18/9/2019 18:00,0
18/9/2019 19:00,0
18/9/2019 20:00,0
18/9/2019 21:00,0
18/9/2019 22:00,0
18/9/2019 23:00,0
19/9/2019 0:00,0
19/9/2019 1:00,0
19/9/2019 2:00,0
19/9/2019 3:00,0
19/9/2019 4:00,0
19/9/2019 5:00,0
19/9/2019 6:00,0
19/9/2019 7:00,157.159
19/9/2019 8:00,309.402
19/9/2019 9:00,488.66
19/9/2019 10:00,805.052
19/9/2019 11:00,1207.731
19/9/2019 12:00,1249.333
19/9/2019 13:00,1234.769
19/9/2019 14:00,1084.377
19/9/2019 15:00,927.306
19/9/2019 16:00,636.475
19/9/2019 17:00,262.795
19/9/2019 18:00,0
19/9/2019 19:00,0
19/9/2019 20:00,0
19/9/2019 21:00,0
19/9/2019 22:00,0
19/9/2019 23:00,0
20/9/2019 0:00,0
20/9/2019 1:00,0
20/9/2019 2:00,0
20/9/2019 3:00,0
20/9/2019 4:00,0
20/9/2019 5:00,0
20/9/2019 6:00,2.461
20/9/2019 7:00,412.46
20/9/2019 8:00,973.766
20/9/2019 9:00,1579.771
20/9/2019 10:00,1924.875
20/9/2019 11:00,2132.155
20/9/2019 12:00,2188.048
20/9/2019 13:00,2086.369
20/9/2019 14:00,1773.116
20/9/2019 15:00,1257.938
20/9/2019 16:00,784.052
20/9/2019 17:00,277.437
20/9/2019 18:00,0
20/9/2019 19:00,0
20/9/2019 20:00,0
20/9/2019 21:00,0
20/9/2019 22:00,0
20/9/2019 23:00,0
21/9/2019 0:00,0
21/9/2019 1:00,0
21/9/2019 2:00,0
21/9/2019 3:00,0
21/9/2019 4:00,0
21/9/2019 5:00,0
21/9/2019 6:00,0
21/9/2019 7:00,314.78
21/9/2019 8:00,846.099
21/9/2019 9:00,1475.083
21/9/2019 10:00,1889.176
21/9/2019 11:00,2130.442
21/9/2019 12:00,2201.39
21/9/2019 13:00,2088.028
21/9/2019 14:00,1833.209
21/9/2019 15:00,1236.384
21/9/2019 16:00,796.613
21/9/2019 17:00,274.446
21/9/2019 18:00,0
21/9/2019 19:00,0
21/9/2019 20:00,0
21/9/2019 21:00,0
21/9/2019 22:00,0
21/9/2019 23:00,0
22/9/2019 0:00,0
22/9/2019 1:00,0
22/9/2019 2:00,0
22/9/2019 3:00,0
22/9/2019 4:00,0
22/9/2019 5:00,0
22/9/2019 6:00,0
22/9/2019 7:00,383.746
22/9/2019 8:00,941.034
22/9/2019 9:00,1415.419
22/9/2019 10:00,1833.443
22/9/2019 11:00,1936.506
22/9/2019 12:00,1941.392
22/9/2019 13:00,1688.25
22/9/2019 14:00,1301.435
22/9/2019 15:00,844.096
22/9/2019 16:00,480.569
22/9/2019 17:00,134.875
22/9/2019 18:00,0
22/9/2019 19:00,0
22/9/2019 20:00,0
22/9/2019 21:00,0
22/9/2019 22:00,0
22/9/2019 23:00,0
23/9/2019 0:00,0
23/9/2019 1:00,0
23/9/2019 2:00,0
23/9/2019 3:00,0
23/9/2019 4:00,0
23/9/2019 5:00,0
23/9/2019 6:00,0
23/9/2019 7:00,399.722
23/9/2019 8:00,980.018
23/9/2019 9:00,1598.103
23/9/2019 10:00,1930.781
23/9/2019 11:00,2068.628
23/9/2019 12:00,2090.395
23/9/2019 13:00,1973.111
23/9/2019 14:00,1876.412
23/9/2019 15:00,1395.331
23/9/2019 16:00,872.077
23/9/2019 17:00,369.836
23/9/2019 18:00,0
23/9/2019 19:00,0
23/9/2019 20:00,0
23/9/2019 21:00,0
23/9/2019 22:00,0
23/9/2019 23:00,0
24/9/2019 0:00,0
24/9/2019 1:00,0
24/9/2019 2:00,0
24/9/2019 3:00,0
24/9/2019 4:00,0
24/9/2019 5:00,0
24/9/2019 6:00,0.12
24/9/2019 7:00,433.221
24/9/2019 8:00,1146.856
24/9/2019 9:00,1662.801
24/9/2019 10:00,2031.046
24/9/2019 11:00,2222.756
24/9/2019 12:00,2247.665
24/9/2019 13:00,2112.191
24/9/2019 14:00,1880.157
24/9/2019 15:00,1470.56
24/9/2019 16:00,927.464
24/9/2019 17:00,371.88
24/9/2019 18:00,0
24/9/2019 19:00,0
24/9/2019 20:00,0
24/9/2019 21:00,0
24/9/2019 22:00,0
24/9/2019 23:00,0
25/9/2019 0:00,0
25/9/2019 1:00,0
25/9/2019 2:00,0
25/9/2019 3:00,0
25/9/2019 4:00,0
25/9/2019 5:00,0
25/9/2019 6:00,0
25/9/2019 7:00,393.471
25/9/2019 8:00,1012.545
25/9/2019 9:00,1574.731
25/9/2019 10:00,1921.962
25/9/2019 11:00,2118.234
25/9/2019 12:00,2159.075
25/9/2019 13:00,2055.276
25/9/2019 14:00,1802.043
25/9/2019 15:00,1243.931
25/9/2019 16:00,835.83
25/9/2019 17:00,267.514
25/9/2019 18:00,0
25/9/2019 19:00,0
25/9/2019 20:00,0
25/9/2019 21:00,0
25/9/2019 22:00,0
25/9/2019 23:00,0
26/9/2019 0:00,0
26/9/2019 1:00,0
26/9/2019 2:00,0
26/9/2019 3:00,0
26/9/2019 4:00,0
26/9/2019 5:00,0
26/9/2019 6:00,0
26/9/2019 7:00,282.196
26/9/2019 8:00,713.473
26/9/2019 9:00,1043.005
26/9/2019 10:00,1315.584
26/9/2019 11:00,1428.325
26/9/2019 12:00,1438.762
26/9/2019 13:00,1332.713
26/9/2019 14:00,1164.486
26/9/2019 15:00,876.428
26/9/2019 16:00,596.239
26/9/2019 17:00,257.143
26/9/2019 18:00,0
26/9/2019 19:00,0
26/9/2019 20:00,0
26/9/2019 21:00,0
26/9/2019 22:00,0
26/9/2019 23:00,0
27/9/2019 0:00,0
27/9/2019 1:00,0
27/9/2019 2:00,0
27/9/2019 3:00,0
27/9/2019 4:00,0
27/9/2019 5:00,0
27/9/2019 6:00,0
27/9/2019 7:00,280.712
27/9/2019 8:00,709.089
27/9/2019 9:00,1185.246
27/9/2019 10:00,1461.492
27/9/2019 11:00,1668.666
27/9/2019 12:00,1768.193
27/9/2019 13:00,1684.172
27/9/2019 14:00,1437.777
27/9/2019 15:00,974.855
27/9/2019 16:00,556.45
27/9/2019 17:00,170.098
27/9/2019 18:00,0
27/9/2019 19:00,0
27/9/2019 20:00,0
27/9/2019 21:00,0
27/9/2019 22:00,0
27/9/2019 23:00,0
28/9/2019 0:00,0
28/9/2019 1:00,0
28/9/2019 2:00,0
28/9/2019 3:00,0
28/9/2019 4:00,0
28/9/2019 5:00,0
28/9/2019 6:00,0
28/9/2019 7:00,283.336
28/9/2019 8:00,864.802
28/9/2019 9:00,1475.391
28/9/2019 10:00,1853.474
28/9/2019 11:00,2076.883
28/9/2019 12:00,2128.633
28/9/2019 13:00,2019.162
28/9/2019 14:00,1737.424
28/9/2019 15:00,1131.95
28/9/2019 16:00,808.502
28/9/2019 17:00,291.554
28/9/2019 18:00,0
28/9/2019 19:00,0
28/9/2019 20:00,0
28/9/2019 21:00,0
28/9/2019 22:00,0
28/9/2019 23:00,0
29/9/2019 0:00,0
29/9/2019 1:00,0
29/9/2019 2:00,0
29/9/2019 3:00,0
29/9/2019 4:00,0
29/9/2019 5:00,0
29/9/2019 6:00,0
29/9/2019 7:00,372.684
29/9/2019 8:00,966.194
29/9/2019 9:00,1494.141
29/9/2019 10:00,1846.653
29/9/2019 11:00,2075.667
29/9/2019 12:00,2130.63
29/9/2019 13:00,2053.957
29/9/2019 14:00,1823.694
29/9/2019 15:00,1391.633
29/9/2019 16:00,791.232
29/9/2019 17:00,257.308
29/9/2019 18:00,0
29/9/2019 19:00,0
29/9/2019 20:00,0
29/9/2019 21:00,0
29/9/2019 22:00,0
29/9/2019 23:00,0
30/9/2019 0:00,0
30/9/2019 1:00,0
30/9/2019 2:00,0
30/9/2019 3:00,0
30/9/2019 4:00,0
30/9/2019 5:00,0
30/9/2019 6:00,0
30/9/2019 7:00,358.082
30/9/2019 8:00,1006.687
30/9/2019 9:00,1529.256
30/9/2019 10:00,1888.454
30/9/2019 11:00,2068.097
30/9/2019 12:00,2082.732
30/9/2019 13:00,2013.277
30/9/2019 14:00,1655.589
30/9/2019 15:00,1177.619
30/9/2019 16:00,596.955
30/9/2019 17:00,176.917
30/9/2019 18:00,0
30/9/2019 19:00,0
30/9/2019 20:00,0
30/9/2019 21:00,0
30/9/2019 22:00,0
30/9/2019 23:00,0
1/10/2019 0:00,0
1/10/2019 1:00,0
1/10/2019 2:00,0
1/10/2019 3:00,0
1/10/2019 4:00,0
1/10/2019 5:00,0
1/10/2019 6:00,0
1/10/2019 7:00,154.751
1/10/2019 8:00,711.203
1/10/2019 9:00,1381.205
1/10/2019 10:00,1793.949
1/10/2019 11:00,2075.618
1/10/2019 12:00,2129.085
1/10/2019 13:00,2063.107
1/10/2019 14:00,1816.4
1/10/2019 15:00,1417.151
1/10/2019 16:00,866.122
1/10/2019 17:00,272.741
1/10/2019 18:00,0
1/10/2019 19:00,0
1/10/2019 20:00,0
1/10/2019 21:00,0
1/10/2019 22:00,0
1/10/2019 23:00,0
2/10/2019 0:00,0
2/10/2019 1:00,0
2/10/2019 2:00,0
2/10/2019 3:00,0
2/10/2019 4:00,0
2/10/2019 5:00,0
2/10/2019 6:00,0
2/10/2019 7:00,206.515
2/10/2019 8:00,609.854
2/10/2019 9:00,1024.267
2/10/2019 10:00,1288.227
2/10/2019 11:00,1447.569
2/10/2019 12:00,1482.344
2/10/2019 13:00,1449.34
2/10/2019 14:00,1335.549
2/10/2019 15:00,1151.091
2/10/2019 16:00,723.372
2/10/2019 17:00,307.138
2/10/2019 18:00,0
2/10/2019 19:00,0
2/10/2019 20:00,0
2/10/2019 21:00,0
2/10/2019 22:00,0
2/10/2019 23:00,0
3/10/2019 0:00,0
3/10/2019 1:00,0
3/10/2019 2:00,0
3/10/2019 3:00,0
3/10/2019 4:00,0
3/10/2019 5:00,0
3/10/2019 6:00,0
3/10/2019 7:00,316.17
3/10/2019 8:00,889.725
3/10/2019 9:00,1523.84
3/10/2019 10:00,1875.581
3/10/2019 11:00,2091.319
3/10/2019 12:00,2122.62
3/10/2019 13:00,1964.33
3/10/2019 14:00,1660.109
3/10/2019 15:00,1240.469
3/10/2019 16:00,752.137
3/10/2019 17:00,233.57
3/10/2019 18:00,0
3/10/2019 19:00,0
3/10/2019 20:00,0
3/10/2019 21:00,0
3/10/2019 22:00,0
3/10/2019 23:00,0
4/10/2019 0:00,0
4/10/2019 1:00,0
4/10/2019 2:00,0
4/10/2019 3:00,0
4/10/2019 4:00,0
4/10/2019 5:00,0
4/10/2019 6:00,0
4/10/2019 7:00,233.984
4/10/2019 8:00,740.368
4/10/2019 9:00,1252.773
4/10/2019 10:00,1597.634
4/10/2019 11:00,1837.882
4/10/2019 12:00,1835.489
4/10/2019 13:00,1664.954
4/10/2019 14:00,1444.129
4/10/2019 15:00,1010.218
4/10/2019 16:00,594.132
4/10/2019 17:00,196.058
4/10/2019 18:00,0
4/10/2019 19:00,0
4/10/2019 20:00,0
4/10/2019 21:00,0
4/10/2019 22:00,0
4/10/2019 23:00,0
5/10/2019 0:00,0
5/10/2019 1:00,0
5/10/2019 2:00,0
5/10/2019 3:00,0
5/10/2019 4:00,0
5/10/2019 5:00,0
5/10/2019 6:00,0
5/10/2019 7:00,161.635
5/10/2019 8:00,521.655
5/10/2019 9:00,907.264
5/10/2019 10:00,1357.762
5/10/2019 11:00,1604.286
5/10/2019 12:00,1747.745
5/10/2019 13:00,1742.79
5/10/2019 14:00,1560.406
5/10/2019 15:00,1199.943
5/10/2019 16:00,782.553
5/10/2019 17:00,284.504
5/10/2019 18:00,0
5/10/2019 19:00,0
5/10/2019 20:00,0
5/10/2019 21:00,0
5/10/2019 22:00,0
5/10/2019 23:00,0
6/10/2019 0:00,0
6/10/2019 1:00,0
6/10/2019 2:00,0
6/10/2019 3:00,0
6/10/2019 4:00,0
6/10/2019 5:00,0
6/10/2019 6:00,0
6/10/2019 7:00,309.123
6/10/2019 8:00,875.175
6/10/2019 9:00,1401.027
6/10/2019 10:00,1663.265
6/10/2019 11:00,1920.712
6/10/2019 12:00,1980.808
6/10/2019 13:00,1924.381
6/10/2019 14:00,1683.813
6/10/2019 15:00,1205.473
6/10/2019 16:00,623.814
6/10/2019 17:00,182.905
6/10/2019 18:00,0
6/10/2019 19:00,0
6/10/2019 20:00,0
6/10/2019 21:00,0
6/10/2019 22:00,0
6/10/2019 23:00,0
7/10/2019 0:00,0
7/10/2019 1:00,0
7/10/2019 2:00,0
7/10/2019 3:00,0
7/10/2019 4:00,0
7/10/2019 5:00,0
7/10/2019 6:00,0
7/10/2019 7:00,361.028
7/10/2019 8:00,964.445
7/10/2019 9:00,1643.818
7/10/2019 10:00,2022.125
7/10/2019 11:00,2196.985
7/10/2019 12:00,2164.976
7/10/2019 13:00,1988.954
7/10/2019 14:00,1729.052
7/10/2019 15:00,1296.59
7/10/2019 16:00,787.243
7/10/2019 17:00,254.943
7/10/2019 18:00,0
7/10/2019 19:00,0
7/10/2019 20:00,0
7/10/2019 21:00,0
7/10/2019 22:00,0
7/10/2019 23:00,0
8/10/2019 0:00,0
8/10/2019 1:00,0
8/10/2019 2:00,0
8/10/2019 3:00,0
8/10/2019 4:00,0
8/10/2019 5:00,0
8/10/2019 6:00,0
8/10/2019 7:00,371.588
8/10/2019 8:00,1092.11
8/10/2019 9:00,1622.739
8/10/2019 10:00,1983.133
8/10/2019 11:00,2200.748
8/10/2019 12:00,2248.834
8/10/2019 13:00,2149.634
8/10/2019 14:00,1932.206
8/10/2019 15:00,1516.595
8/10/2019 16:00,975.449
8/10/2019 17:00,358.547
8/10/2019 18:00,0
8/10/2019 19:00,0
8/10/2019 20:00,0
8/10/2019 21:00,0
8/10/2019 22:00,0
8/10/2019 23:00,0
9/10/2019 0:00,0
9/10/2019 1:00,0
9/10/2019 2:00,0
9/10/2019 3:00,0
9/10/2019 4:00,0
9/10/2019 5:00,0
9/10/2019 6:00,0
9/10/2019 7:00,280.522
9/10/2019 8:00,851.435
9/10/2019 9:00,1400.242
9/10/2019 10:00,1799.365
9/10/2019 11:00,2037.371
9/10/2019 12:00,2097.255
9/10/2019 13:00,2018.993
9/10/2019 14:00,1802.736
9/10/2019 15:00,1381.721
9/10/2019 16:00,766.948
9/10/2019 17:00,251.943
9/10/2019 18:00,0
9/10/2019 19:00,0
9/10/2019 20:00,0
9/10/2019 21:00,0
9/10/2019 22:00,0
9/10/2019 23:00,0
10/10/2019 0:00,0
10/10/2019 1:00,0
10/10/2019 2:00,0
10/10/2019 3:00,0
10/10/2019 4:00,0
10/10/2019 5:00,0
10/10/2019 6:00,0
10/10/2019 7:00,195.85
10/10/2019 8:00,586.604
10/10/2019 9:00,960.61
10/10/2019 10:00,1259.342
10/10/2019 11:00,1372.785
10/10/2019 12:00,1580.079
10/10/2019 13:00,1686.824
10/10/2019 14:00,1409.509
10/10/2019 15:00,982.907
10/10/2019 16:00,500.25
10/10/2019 17:00,139.991
10/10/2019 18:00,0
10/10/2019 19:00,0
10/10/2019 20:00,0
10/10/2019 21:00,0
10/10/2019 22:00,0
10/10/2019 23:00,0
11/10/2019 0:00,0
11/10/2019 1:00,0
11/10/2019 2:00,0
11/10/2019 3:00,0
11/10/2019 4:00,0
11/10/2019 5:00,0
11/10/2019 6:00,0
11/10/2019 7:00,103.412
11/10/2019 8:00,409.599
11/10/2019 9:00,710.919
11/10/2019 10:00,1043.747
11/10/2019 11:00,1314.194
11/10/2019 12:00,1372.34
11/10/2019 13:00,1267.766
11/10/2019 14:00,1064.386
11/10/2019 15:00,769.102
11/10/2019 16:00,394.13
11/10/2019 17:00,102.23
11/10/2019 18:00,0
11/10/2019 19:00,0
11/10/2019 20:00,0
11/10/2019 21:00,0
11/10/2019 22:00,0
11/10/2019 23:00,0
12/10/2019 0:00,0
12/10/2019 1:00,0
12/10/2019 2:00,0
12/10/2019 3:00,0
12/10/2019 4:00,0
12/10/2019 5:00,0
12/10/2019 6:00,0
12/10/2019 7:00,139.491
12/10/2019 8:00,557.609
12/10/2019 9:00,1213.518
12/10/2019 10:00,1624.684
12/10/2019 11:00,1952.179
12/10/2019 12:00,2070.87
12/10/2019 13:00,1994.034
12/10/2019 14:00,1765.62
12/10/2019 15:00,1405.052
12/10/2019 16:00,880.44
12/10/2019 17:00,311.75
12/10/2019 18:00,0
12/10/2019 19:00,0
12/10/2019 20:00,0
12/10/2019 21:00,0
12/10/2019 22:00,0
12/10/2019 23:00,0
13/10/2019 0:00,0
13/10/2019 1:00,0
13/10/2019 2:00,0
13/10/2019 3:00,0
13/10/2019 4:00,0
13/10/2019 5:00,0
13/10/2019 6:00,0
13/10/2019 7:00,316.829
13/10/2019 8:00,936.827
13/10/2019 9:00,1458.209
13/10/2019 10:00,1740.41
13/10/2019 11:00,1612.463
13/10/2019 12:00,1359.146
13/10/2019 13:00,1237.322
13/10/2019 14:00,734.058
13/10/2019 15:00,397.719
13/10/2019 16:00,178.166
13/10/2019 17:00,24.378
13/10/2019 18:00,0
13/10/2019 19:00,0
13/10/2019 20:00,0
13/10/2019 21:00,0
13/10/2019 22:00,0
13/10/2019 23:00,0
14/10/2019 0:00,0
14/10/2019 1:00,0
14/10/2019 2:00,0
14/10/2019 3:00,0
14/10/2019 4:00,0
14/10/2019 5:00,0
14/10/2019 6:00,0
14/10/2019 7:00,132.619
14/10/2019 8:00,513.803
14/10/2019 9:00,949.948
14/10/2019 10:00,1310.556
14/10/2019 11:00,1646.093
14/10/2019 12:00,1755.537
14/10/2019 13:00,1698.511
14/10/2019 14:00,1505.138
14/10/2019 15:00,1163.389
14/10/2019 16:00,666.758
14/10/2019 17:00,207.282
14/10/2019 18:00,0
14/10/2019 19:00,0
14/10/2019 20:00,0
14/10/2019 21:00,0
14/10/2019 22:00,0
14/10/2019 23:00,0
15/10/2019 0:00,0
15/10/2019 1:00,0
15/10/2019 2:00,0
15/10/2019 3:00,0
15/10/2019 4:00,0
15/10/2019 5:00,0
15/10/2019 6:00,0
15/10/2019 7:00,287.503
15/10/2019 8:00,874.977
15/10/2019 9:00,1346.712
15/10/2019 10:00,1734.962
15/10/2019 11:00,2000.093
15/10/2019 12:00,2137.619
15/10/2019 13:00,2066.692
15/10/2019 14:00,1834.094
15/10/2019 15:00,1312.423
15/10/2019 16:00,747.058
15/10/2019 17:00,260.751
15/10/2019 18:00,0
15/10/2019 19:00,0
15/10/2019 20:00,0
15/10/2019 21:00,0
15/10/2019 22:00,0
15/10/2019 23:00,0
16/10/2019 0:00,0
16/10/2019 1:00,0
16/10/2019 2:00,0
16/10/2019 3:00,0
16/10/2019 4:00,0
16/10/2019 5:00,0
16/10/2019 6:00,0
16/10/2019 7:00,336.258
16/10/2019 8:00,988.127
16/10/2019 9:00,1597.395
16/10/2019 10:00,1933.853
16/10/2019 11:00,2136.9
16/10/2019 12:00,2197.866
16/10/2019 13:00,2103.312
16/10/2019 14:00,1828.646
16/10/2019 15:00,1379.021
16/10/2019 16:00,811.813
16/10/2019 17:00,234.376
16/10/2019 18:00,0
16/10/2019 19:00,0
16/10/2019 20:00,0
16/10/2019 21:00,0
16/10/2019 22:00,0
16/10/2019 23:00,0
17/10/2019 0:00,0
17/10/2019 1:00,0
17/10/2019 2:00,0
17/10/2019 3:00,0
17/10/2019 4:00,0
17/10/2019 5:00,0
17/10/2019 6:00,0
17/10/2019 7:00,313.931
17/10/2019 8:00,908.87
17/10/2019 9:00,1589.613
17/10/2019 10:00,1948.518
17/10/2019 11:00,2133.893
17/10/2019 12:00,2161.156
17/10/2019 13:00,2082.048
17/10/2019 14:00,1822.087
17/10/2019 15:00,1417.745
17/10/2019 16:00,843.958
17/10/2019 17:00,282.677
17/10/2019 18:00,0
17/10/2019 19:00,0
17/10/2019 20:00,0
17/10/2019 21:00,0
17/10/2019 22:00,0
17/10/2019 23:00,0
18/10/2019 0:00,0
18/10/2019 1:00,0
18/10/2019 2:00,0
18/10/2019 3:00,0
18/10/2019 4:00,0
18/10/2019 5:00,0
18/10/2019 6:00,0
18/10/2019 7:00,259.452
18/10/2019 8:00,876.516
18/10/2019 9:00,1406.407
18/10/2019 10:00,1890.634
18/10/2019 11:00,2084.685
18/10/2019 12:00,2133.29
18/10/2019 13:00,2029.598
18/10/2019 14:00,1803.56
18/10/2019 15:00,1388.4
18/10/2019 16:00,772.629
18/10/2019 17:00,202.793
18/10/2019 18:00,0
18/10/2019 19:00,0
18/10/2019 20:00,0
18/10/2019 21:00,0
18/10/2019 22:00,0
18/10/2019 23:00,0
19/10/2019 0:00,0
19/10/2019 1:00,0
19/10/2019 2:00,0
19/10/2019 3:00,0
19/10/2019 4:00,0
19/10/2019 5:00,0
19/10/2019 6:00,0
19/10/2019 7:00,315.017
19/10/2019 8:00,928.477
19/10/2019 9:00,1543.032
19/10/2019 10:00,1911.826
19/10/2019 11:00,2121.764
19/10/2019 12:00,2179.799
19/10/2019 13:00,2111.305
19/10/2019 14:00,1875.275
19/10/2019 15:00,1425.68
19/10/2019 16:00,830.48
19/10/2019 17:00,282.089
19/10/2019 18:00,0
19/10/2019 19:00,0
19/10/2019 20:00,0
19/10/2019 21:00,0
19/10/2019 22:00,0
19/10/2019 23:00,0
20/10/2019 0:00,0
20/10/2019 1:00,0
20/10/2019 2:00,0
20/10/2019 3:00,0
20/10/2019 4:00,0
20/10/2019 5:00,0
20/10/2019 6:00,0
20/10/2019 7:00,327.342
20/10/2019 8:00,1054.14
20/10/2019 9:00,1592.026
20/10/2019 10:00,1970.082
20/10/2019 11:00,2179.796
20/10/2019 12:00,2238.16
20/10/2019 13:00,2152.562
20/10/2019 14:00,1889.474
20/10/2019 15:00,1498.851
20/10/2019 16:00,964.229
20/10/2019 17:00,323.157
20/10/2019 18:00,0
20/10/2019 19:00,0
20/10/2019 20:00,0
20/10/2019 21:00,0
20/10/2019 22:00,0
20/10/2019 23:00,0
21/10/2019 0:00,0
21/10/2019 1:00,0
21/10/2019 2:00,0
21/10/2019 3:00,0
21/10/2019 4:00,0
21/10/2019 5:00,0
21/10/2019 6:00,0
21/10/2019 7:00,378.784
21/10/2019 8:00,1048.532
21/10/2019 9:00,1587.358
21/10/2019 10:00,1955.545
21/10/2019 11:00,2161.769
21/10/2019 12:00,2189.667
21/10/2019 13:00,2096.398
21/10/2019 14:00,1869.859
21/10/2019 15:00,1456.004
21/10/2019 16:00,882.133
21/10/2019 17:00,339.196
21/10/2019 18:00,0
21/10/2019 19:00,0
21/10/2019 20:00,0
21/10/2019 21:00,0
21/10/2019 22:00,0
21/10/2019 23:00,0
22/10/2019 0:00,0
22/10/2019 1:00,0
22/10/2019 2:00,0
22/10/2019 3:00,0
22/10/2019 4:00,0
22/10/2019 5:00,0
22/10/2019 6:00,0
22/10/2019 7:00,321.17
22/10/2019 8:00,948.957
22/10/2019 9:00,1585.403
22/10/2019 10:00,1949.884
22/10/2019 11:00,2148.538
22/10/2019 12:00,2208.964
22/10/2019 13:00,2113.194
22/10/2019 14:00,1862.491
22/10/2019 15:00,1457.406
22/10/2019 16:00,896.838
22/10/2019 17:00,306.313
22/10/2019 18:00,0
22/10/2019 19:00,0
22/10/2019 20:00,0
22/10/2019 21:00,0
22/10/2019 22:00,0
22/10/2019 23:00,0
23/10/2019 0:00,0
23/10/2019 1:00,0
23/10/2019 2:00,0
23/10/2019 3:00,0
23/10/2019 4:00,0
23/10/2019 5:00,0
23/10/2019 6:00,0
23/10/2019 7:00,309.782
23/10/2019 8:00,1019.644
23/10/2019 9:00,1552.857
23/10/2019 10:00,1920.215
23/10/2019 11:00,2107.357
23/10/2019 12:00,2165.976
23/10/2019 13:00,2044.828
23/10/2019 14:00,1825.087
23/10/2019 15:00,1427.86
23/10/2019 16:00,763.927
23/10/2019 17:00,221.284
23/10/2019 18:00,0
23/10/2019 19:00,0
23/10/2019 20:00,0
23/10/2019 21:00,0
23/10/2019 22:00,0
23/10/2019 23:00,0
24/10/2019 0:00,0
24/10/2019 1:00,0
24/10/2019 2:00,0
24/10/2019 3:00,0
24/10/2019 4:00,0
24/10/2019 5:00,0
24/10/2019 6:00,0
24/10/2019 7:00,289.696
24/10/2019 8:00,932.371
24/10/2019 9:00,1512.742
24/10/2019 10:00,1853.68
24/10/2019 11:00,2097.79
24/10/2019 12:00,2140.927
24/10/2019 13:00,2052.431
24/10/2019 14:00,1788.206
24/10/2019 15:00,1414.211
24/10/2019 16:00,893.816
24/10/2019 17:00,309.499
24/10/2019 18:00,0
24/10/2019 19:00,0
24/10/2019 20:00,0
24/10/2019 21:00,0
24/10/2019 22:00,0
24/10/2019 23:00,0
25/10/2019 0:00,0
25/10/2019 1:00,0
25/10/2019 2:00,0
25/10/2019 3:00,0
25/10/2019 4:00,0
25/10/2019 5:00,0
25/10/2019 6:00,0
25/10/2019 7:00,304.947
25/10/2019 8:00,921.972
25/10/2019 9:00,1536.949
25/10/2019 10:00,1862.384
25/10/2019 11:00,2049.241
25/10/2019 12:00,2059.129
25/10/2019 13:00,1897.063
25/10/2019 14:00,1700.213
25/10/2019 15:00,1168.592
25/10/2019 16:00,643.495
25/10/2019 17:00,181.425
25/10/2019 18:00,0
25/10/2019 19:00,0
25/10/2019 20:00,0
25/10/2019 21:00,0
25/10/2019 22:00,0
25/10/2019 23:00,0
26/10/2019 0:00,0
26/10/2019 1:00,0
26/10/2019 2:00,0
26/10/2019 3:00,0
26/10/2019 4:00,0
26/10/2019 5:00,0
26/10/2019 6:00,0
26/10/2019 7:00,150.934
26/10/2019 8:00,561.106
26/10/2019 9:00,979.802
26/10/2019 10:00,1272.246
26/10/2019 11:00,1578.419
26/10/2019 12:00,1725.139
26/10/2019 13:00,1631.827
26/10/2019 14:00,1440.713
26/10/2019 15:00,1069.199
26/10/2019 16:00,521.261
26/10/2019 17:00,138.085
26/10/2019 18:00,0
26/10/2019 19:00,0
26/10/2019 20:00,0
26/10/2019 21:00,0
26/10/2019 22:00,0
26/10/2019 23:00,0
27/10/2019 0:00,0
27/10/2019 1:00,0
27/10/2019 2:00,0
27/10/2019 3:00,0
27/10/2019 4:00,0
27/10/2019 5:00,0
27/10/2019 6:00,0
27/10/2019 7:00,263.532
27/10/2019 8:00,822.901
27/10/2019 9:00,1260.48
27/10/2019 10:00,1393.13
27/10/2019 11:00,1466.441
27/10/2019 12:00,1432.377
27/10/2019 13:00,1211.117
27/10/2019 14:00,929.656
27/10/2019 15:00,531.827
27/10/2019 16:00,239.474
27/10/2019 17:00,48.775
27/10/2019 18:00,0
27/10/2019 19:00,0
27/10/2019 20:00,0
27/10/2019 21:00,0
27/10/2019 22:00,0
27/10/2019 23:00,0
28/10/2019 0:00,0
28/10/2019 1:00,0
28/10/2019 2:00,0
28/10/2019 3:00,0
28/10/2019 4:00,0
28/10/2019 5:00,0
28/10/2019 6:00,0
28/10/2019 7:00,246.685
28/10/2019 8:00,854.13
28/10/2019 9:00,1410.88
28/10/2019 10:00,1811.756
28/10/2019 11:00,2043.673
28/10/2019 12:00,2113.138
28/10/2019 13:00,1990.776
28/10/2019 14:00,1722.901
28/10/2019 15:00,1320.746
28/10/2019 16:00,687.122
28/10/2019 17:00,142.87
28/10/2019 18:00,0
28/10/2019 19:00,0
28/10/2019 20:00,0
28/10/2019 21:00,0
28/10/2019 22:00,0
28/10/2019 23:00,0
29/10/2019 0:00,0
29/10/2019 1:00,0
29/10/2019 2:00,0
29/10/2019 3:00,0
29/10/2019 4:00,0
29/10/2019 5:00,0
29/10/2019 6:00,0
29/10/2019 7:00,142.555
29/10/2019 8:00,548.33
29/10/2019 9:00,1044.665
29/10/2019 10:00,1393.35
29/10/2019 11:00,1644.994
29/10/2019 12:00,1683.015
29/10/2019 13:00,1495.196
29/10/2019 14:00,1248.758
29/10/2019 15:00,823.834
29/10/2019 16:00,424.428
29/10/2019 17:00,98.258
29/10/2019 18:00,0
29/10/2019 19:00,0
29/10/2019 20:00,0
29/10/2019 21:00,0
29/10/2019 22:00,0
29/10/2019 23:00,0
30/10/2019 0:00,0
30/10/2019 1:00,0
30/10/2019 2:00,0
30/10/2019 3:00,0
30/10/2019 4:00,0
30/10/2019 5:00,0
30/10/2019 6:00,0
30/10/2019 7:00,42.572
30/10/2019 8:00,293.418
30/10/2019 9:00,801.128
30/10/2019 10:00,1396.499
30/10/2019 11:00,1759.023
30/10/2019 12:00,1823.699
30/10/2019 13:00,1753.978
30/10/2019 14:00,1579.996
30/10/2019 15:00,1253.722
30/10/2019 16:00,666.498
30/10/2019 17:00,243.186
30/10/2019 18:00,0
30/10/2019 19:00,0
30/10/2019 20:00,0
30/10/2019 21:00,0
30/10/2019 22:00,0
30/10/2019 23:00,0
31/10/2019 0:00,0
31/10/2019 1:00,0
31/10/2019 2:00,0
31/10/2019 3:00,0
31/10/2019 4:00,0
31/10/2019 5:00,0
31/10/2019 6:00,0
31/10/2019 7:00,271.148
31/10/2019 8:00,1009.989
31/10/2019 9:00,1576.041
31/10/2019 10:00,1952.938
31/10/2019 11:00,2156.508
31/10/2019 12:00,2134.128
31/10/2019 13:00,1953.681
31/10/2019 14:00,1586.282
31/10/2019 15:00,967.771
31/10/2019 16:00,443.02
31/10/2019 17:00,115.542
31/10/2019 18:00,0
31/10/2019 19:00,0
31/10/2019 20:00,0
31/10/2019 21:00,0
31/10/2019 22:00,0
31/10/2019 23:00,0
1/11/2019 0:00,0
1/11/2019 1:00,0
1/11/2019 2:00,0
1/11/2019 3:00,0
1/11/2019 4:00,0
1/11/2019 5:00,0
1/11/2019 6:00,0
1/11/2019 7:00,338.102
1/11/2019 8:00,1017.013
1/11/2019 9:00,1552.936
1/11/2019 10:00,1795.399
1/11/2019 11:00,1735.616
1/11/2019 12:00,1555.072
1/11/2019 13:00,1389.389
1/11/2019 14:00,1196.663
1/11/2019 15:00,947.307
1/11/2019 16:00,607.337
1/11/2019 17:00,215.814
1/11/2019 18:00,0
1/11/2019 19:00,0
1/11/2019 20:00,0
1/11/2019 21:00,0
1/11/2019 22:00,0
1/11/2019 23:00,0
2/11/2019 0:00,0
2/11/2019 1:00,0
2/11/2019 2:00,0
2/11/2019 3:00,0
2/11/2019 4:00,0
2/11/2019 5:00,0
2/11/2019 6:00,0
2/11/2019 7:00,263.575
2/11/2019 8:00,870.884
2/11/2019 9:00,1472.746
2/11/2019 10:00,1876.743
2/11/2019 11:00,2056.065
2/11/2019 12:00,2135.321
2/11/2019 13:00,2051.313
2/11/2019 14:00,1771.227
2/11/2019 15:00,1207.053
2/11/2019 16:00,674.378
2/11/2019 17:00,173.038
2/11/2019 18:00,0
2/11/2019 19:00,0
2/11/2019 20:00,0
2/11/2019 21:00,0
2/11/2019 22:00,0
2/11/2019 23:00,0
3/11/2019 0:00,0
3/11/2019 1:00,0
3/11/2019 2:00,0
3/11/2019 3:00,0
3/11/2019 4:00,0
3/11/2019 5:00,0
3/11/2019 6:00,0
3/11/2019 7:00,234.471
3/11/2019 8:00,806.31
3/11/2019 9:00,1310.061
3/11/2019 10:00,1836.302
3/11/2019 11:00,2088.058
3/11/2019 12:00,2156.453
3/11/2019 13:00,2060.959
3/11/2019 14:00,1811.666
3/11/2019 15:00,1375.467
3/11/2019 16:00,823.152
3/11/2019 17:00,252.322
3/11/2019 18:00,0
3/11/2019 19:00,0
3/11/2019 20:00,0
3/11/2019 21:00,0
3/11/2019 22:00,0
3/11/2019 23:00,0
4/11/2019 0:00,0
4/11/2019 1:00,0
4/11/2019 2:00,0
4/11/2019 3:00,0
4/11/2019 4:00,0
4/11/2019 5:00,0
4/11/2019 6:00,0
4/11/2019 7:00,196.113
4/11/2019 8:00,710.424
4/11/2019 9:00,1218.474
4/11/2019 10:00,1634.335
4/11/2019 11:00,1853.675
4/11/2019 12:00,1865.662
4/11/2019 13:00,1565.623
4/11/2019 14:00,1184.293
4/11/2019 15:00,874.621
4/11/2019 16:00,442.666
4/11/2019 17:00,84.634
4/11/2019 18:00,0
4/11/2019 19:00,0
4/11/2019 20:00,0
4/11/2019 21:00,0
4/11/2019 22:00,0
4/11/2019 23:00,0
5/11/2019 0:00,0
5/11/2019 1:00,0
5/11/2019 2:00,0
5/11/2019 3:00,0
5/11/2019 4:00,0
5/11/2019 5:00,0
5/11/2019 6:00,0
5/11/2019 7:00,162.949
5/11/2019 8:00,707.484
5/11/2019 9:00,1225.046
5/11/2019 10:00,1681.014
5/11/2019 11:00,1873.679
5/11/2019 12:00,1919.731
5/11/2019 13:00,1834.772
5/11/2019 14:00,1573.768
5/11/2019 15:00,1037.243
5/11/2019 16:00,512.083
5/11/2019 17:00,116.062
5/11/2019 18:00,0
5/11/2019 19:00,0
5/11/2019 20:00,0
5/11/2019 21:00,0
5/11/2019 22:00,0
5/11/2019 23:00,0
6/11/2019 0:00,0
6/11/2019 1:00,0
6/11/2019 2:00,0
6/11/2019 3:00,0
6/11/2019 4:00,0
6/11/2019 5:00,0
6/11/2019 6:00,0
6/11/2019 7:00,193.597
6/11/2019 8:00,767.234
6/11/2019 9:00,1332.413
6/11/2019 10:00,1736.058
6/11/2019 11:00,1811.497
6/11/2019 12:00,1678.989
6/11/2019 13:00,1566.238
6/11/2019 14:00,1309.329
6/11/2019 15:00,926.267
6/11/2019 16:00,550.229
6/11/2019 17:00,136.278
6/11/2019 18:00,0
6/11/2019 19:00,0
6/11/2019 20:00,0
6/11/2019 21:00,0
6/11/2019 22:00,0
6/11/2019 23:00,0
7/11/2019 0:00,0
7/11/2019 1:00,0
7/11/2019 2:00,0
7/11/2019 3:00,0
7/11/2019 4:00,0
7/11/2019 5:00,0
7/11/2019 6:00,0
7/11/2019 7:00,125.43
7/11/2019 8:00,549.528
7/11/2019 9:00,1048.354
7/11/2019 10:00,1477.089
7/11/2019 11:00,1764.072
7/11/2019 12:00,1809.319
7/11/2019 13:00,1626.676
7/11/2019 14:00,1328.052
7/11/2019 15:00,934.032
7/11/2019 16:00,574.876
7/11/2019 17:00,165.003
7/11/2019 18:00,0
7/11/2019 19:00,0
7/11/2019 20:00,0
7/11/2019 21:00,0
7/11/2019 22:00,0
7/11/2019 23:00,0
8/11/2019 0:00,0
8/11/2019 1:00,0
8/11/2019 2:00,0
8/11/2019 3:00,0
8/11/2019 4:00,0
8/11/2019 5:00,0
8/11/2019 6:00,0
8/11/2019 7:00,100.773
8/11/2019 8:00,325.766
8/11/2019 9:00,530.855
8/11/2019 10:00,731.159
8/11/2019 11:00,923.785
8/11/2019 12:00,1083.776
8/11/2019 13:00,1053.749
8/11/2019 14:00,877.582
8/11/2019 15:00,635.559
8/11/2019 16:00,334.066
8/11/2019 17:00,54.627
8/11/2019 18:00,0
8/11/2019 19:00,0
8/11/2019 20:00,0
8/11/2019 21:00,0
8/11/2019 22:00,0
8/11/2019 23:00,0
9/11/2019 0:00,0
9/11/2019 1:00,0
9/11/2019 2:00,0
9/11/2019 3:00,0
9/11/2019 4:00,0
9/11/2019 5:00,0
9/11/2019 6:00,0
9/11/2019 7:00,162.057
9/11/2019 8:00,754.507
9/11/2019 9:00,1292.448
9/11/2019 10:00,1658.536
9/11/2019 11:00,1819.905
9/11/2019 12:00,1807.166
9/11/2019 13:00,1608.915
9/11/2019 14:00,1335.465
9/11/2019 15:00,1050.35
9/11/2019 16:00,598.319
9/11/2019 17:00,147.666
9/11/2019 18:00,0
9/11/2019 19:00,0
9/11/2019 20:00,0
9/11/2019 21:00,0
9/11/2019 22:00,0
9/11/2019 23:00,0
10/11/2019 0:00,0
10/11/2019 1:00,0
10/11/2019 2:00,0
10/11/2019 3:00,0
10/11/2019 4:00,0
10/11/2019 5:00,0
10/11/2019 6:00,0
10/11/2019 7:00,181.45
10/11/2019 8:00,730.732
10/11/2019 9:00,1333.444
10/11/2019 10:00,1783.397
10/11/2019 11:00,2012.71
10/11/2019 12:00,2058.676
10/11/2019 13:00,1930.237
10/11/2019 14:00,1617.082
10/11/2019 15:00,1161.075
10/11/2019 16:00,546.255
10/11/2019 17:00,138.402
10/11/2019 18:00,0
10/11/2019 19:00,0
10/11/2019 20:00,0
10/11/2019 21:00,0
10/11/2019 22:00,0
10/11/2019 23:00,0
11/11/2019 0:00,0
11/11/2019 1:00,0
11/11/2019 2:00,0
11/11/2019 3:00,0
11/11/2019 4:00,0
11/11/2019 5:00,0
11/11/2019 6:00,0
11/11/2019 7:00,200.799
11/11/2019 8:00,767.514
11/11/2019 9:00,1424.987
11/11/2019 10:00,1841.789
11/11/2019 11:00,2046.18
11/11/2019 12:00,2086.864
11/11/2019 13:00,2000.737
11/11/2019 14:00,1763.187
11/11/2019 15:00,1298.43
11/11/2019 16:00,689.286
11/11/2019 17:00,201.031
11/11/2019 18:00,0
11/11/2019 19:00,0
11/11/2019 20:00,0
11/11/2019 21:00,0
11/11/2019 22:00,0
11/11/2019 23:00,0
12/11/2019 0:00,0
12/11/2019 1:00,0
12/11/2019 2:00,0
12/11/2019 3:00,0
12/11/2019 4:00,0
12/11/2019 5:00,0
12/11/2019 6:00,0
12/11/2019 7:00,218.97
12/11/2019 8:00,832.694
12/11/2019 9:00,1386.922
12/11/2019 10:00,1831.405
12/11/2019 11:00,2033.374
12/11/2019 12:00,2097.235
12/11/2019 13:00,2026.482
12/11/2019 14:00,1808.112
12/11/2019 15:00,1388.473
12/11/2019 16:00,772.024
12/11/2019 17:00,213.276
12/11/2019 18:00,0
12/11/2019 19:00,0
12/11/2019 20:00,0
12/11/2019 21:00,0
12/11/2019 22:00,0
12/11/2019 23:00,0
13/11/2019 0:00,0
13/11/2019 1:00,0
13/11/2019 2:00,0
13/11/2019 3:00,0
13/11/2019 4:00,0
13/11/2019 5:00,0
13/11/2019 6:00,0
13/11/2019 7:00,266.951
13/11/2019 8:00,928.874
13/11/2019 9:00,1485.516
13/11/2019 10:00,1869.45
13/11/2019 11:00,2090.07
13/11/2019 12:00,2139.171
13/11/2019 13:00,2044.852
13/11/2019 14:00,1806.682
13/11/2019 15:00,1389.791
13/11/2019 16:00,814.985
13/11/2019 17:00,242.199
13/11/2019 18:00,0
13/11/2019 19:00,0
13/11/2019 20:00,0
13/11/2019 21:00,0
13/11/2019 22:00,0
13/11/2019 23:00,0
14/11/2019 0:00,0
14/11/2019 1:00,0
14/11/2019 2:00,0
14/11/2019 3:00,0
14/11/2019 4:00,0
14/11/2019 5:00,0
14/11/2019 6:00,0
14/11/2019 7:00,199.348
14/11/2019 8:00,765.602
14/11/2019 9:00,1432.43
14/11/2019 10:00,1835.641
14/11/2019 11:00,2036.758
14/11/2019 12:00,2097.233
14/11/2019 13:00,2024.703
14/11/2019 14:00,1758.978
14/11/2019 15:00,1200.789
14/11/2019 16:00,600.461
14/11/2019 17:00,125.143
14/11/2019 18:00,0
14/11/2019 19:00,0
14/11/2019 20:00,0
14/11/2019 21:00,0
14/11/2019 22:00,0
14/11/2019 23:00,0
15/11/2019 0:00,0
15/11/2019 1:00,0
15/11/2019 2:00,0
15/11/2019 3:00,0
15/11/2019 4:00,0
15/11/2019 5:00,0
15/11/2019 6:00,0
15/11/2019 7:00,213.981
15/11/2019 8:00,932.316
15/11/2019 9:00,1493.057
15/11/2019 10:00,1883.706
15/11/2019 11:00,2094.236
15/11/2019 12:00,2155.32
15/11/2019 13:00,2084.214
15/11/2019 14:00,1849.996
15/11/2019 15:00,1444.067
15/11/2019 16:00,862.962
15/11/2019 17:00,229.23
15/11/2019 18:00,0
15/11/2019 19:00,0
15/11/2019 20:00,0
15/11/2019 21:00,0
15/11/2019 22:00,0
15/11/2019 23:00,0
16/11/2019 0:00,0
16/11/2019 1:00,0
16/11/2019 2:00,0
16/11/2019 3:00,0
16/11/2019 4:00,0
16/11/2019 5:00,0
16/11/2019 6:00,0
16/11/2019 7:00,269.211
16/11/2019 8:00,933.69
16/11/2019 9:00,1510.512
16/11/2019 10:00,1895.701
16/11/2019 11:00,2101.527
16/11/2019 12:00,2157.508
16/11/2019 13:00,2050.9
16/11/2019 14:00,1799.911
16/11/2019 15:00,1357.06
16/11/2019 16:00,715.684
16/11/2019 17:00,226.268
16/11/2019 18:00,0
16/11/2019 19:00,0
16/11/2019 20:00,0
16/11/2019 21:00,0
16/11/2019 22:00,0
16/11/2019 23:00,0
17/11/2019 0:00,0
17/11/2019 1:00,0
17/11/2019 2:00,0
17/11/2019 3:00,0
17/11/2019 4:00,0
17/11/2019 5:00,0
17/11/2019 6:00,0
17/11/2019 7:00,194.673
17/11/2019 8:00,761.941
17/11/2019 9:00,1510.883
17/11/2019 10:00,1886.909
17/11/2019 11:00,2096.947
17/11/2019 12:00,2154.252
17/11/2019 13:00,2090.646
17/11/2019 14:00,1848.979
17/11/2019 15:00,1456.455
17/11/2019 16:00,892.55
17/11/2019 17:00,285.201
17/11/2019 18:00,0
17/11/2019 19:00,0
17/11/2019 20:00,0
17/11/2019 21:00,0
17/11/2019 22:00,0
17/11/2019 23:00,0
18/11/2019 0:00,0
18/11/2019 1:00,0
18/11/2019 2:00,0
18/11/2019 3:00,0
18/11/2019 4:00,0
18/11/2019 5:00,0
18/11/2019 6:00,0
18/11/2019 7:00,263.53
18/11/2019 8:00,933.021
18/11/2019 9:00,1526.064
18/11/2019 10:00,1911.913
18/11/2019 11:00,2125.962
18/11/2019 12:00,2183.325
18/11/2019 13:00,2103.955
18/11/2019 14:00,1846.306
18/11/2019 15:00,1433.525
18/11/2019 16:00,741.282
18/11/2019 17:00,222.601
18/11/2019 18:00,0
18/11/2019 19:00,0
18/11/2019 20:00,0
18/11/2019 21:00,0
18/11/2019 22:00,0
18/11/2019 23:00,0
19/11/2019 0:00,0
19/11/2019 1:00,0
19/11/2019 2:00,0
19/11/2019 3:00,0
19/11/2019 4:00,0
19/11/2019 5:00,0
19/11/2019 6:00,0
19/11/2019 7:00,248.133
19/11/2019 8:00,864.651
19/11/2019 9:00,1330.571
19/11/2019 10:00,1780.887
19/11/2019 11:00,2057.309
19/11/2019 12:00,2103.588
19/11/2019 13:00,1988.41
19/11/2019 14:00,1701.655
19/11/2019 15:00,1225.167
19/11/2019 16:00,577.564
19/11/2019 17:00,117.822
19/11/2019 18:00,0
19/11/2019 19:00,0
19/11/2019 20:00,0
19/11/2019 21:00,0
19/11/2019 22:00,0
19/11/2019 23:00,0
20/11/2019 0:00,0
20/11/2019 1:00,0
20/11/2019 2:00,0
20/11/2019 3:00,0
20/11/2019 4:00,0
20/11/2019 5:00,0
20/11/2019 6:00,0
20/11/2019 7:00,196.718
20/11/2019 8:00,903.156
20/11/2019 9:00,1482.435
20/11/2019 10:00,1885.885
20/11/2019 11:00,2106.822
20/11/2019 12:00,2162.89
20/11/2019 13:00,2052.718
20/11/2019 14:00,1789.303
20/11/2019 15:00,1350.884
20/11/2019 16:00,719.899
20/11/2019 17:00,154.299
20/11/2019 18:00,0
20/11/2019 19:00,0
20/11/2019 20:00,0
20/11/2019 21:00,0
20/11/2019 22:00,0
20/11/2019 23:00,0
21/11/2019 0:00,0
21/11/2019 1:00,0
21/11/2019 2:00,0
21/11/2019 3:00,0
21/11/2019 4:00,0
21/11/2019 5:00,0
21/11/2019 6:00,0
21/11/2019 7:00,200.169
21/11/2019 8:00,838.285
21/11/2019 9:00,1515.438
21/11/2019 10:00,1919.683
21/11/2019 11:00,2129.96
21/11/2019 12:00,2177.752
21/11/2019 13:00,2032.053
21/11/2019 14:00,1785.65
21/11/2019 15:00,1387.936
21/11/2019 16:00,805.855
21/11/2019 17:00,196.911
21/11/2019 18:00,0
21/11/2019 19:00,0
21/11/2019 20:00,0
21/11/2019 21:00,0
21/11/2019 22:00,0
21/11/2019 23:00,0
22/11/2019 0:00,0
22/11/2019 1:00,0
22/11/2019 2:00,0
22/11/2019 3:00,0
22/11/2019 4:00,0
22/11/2019 5:00,0
22/11/2019 6:00,0
22/11/2019 7:00,211.978
22/11/2019 8:00,898.493
22/11/2019 9:00,1531.496
22/11/2019 10:00,1916.913
22/11/2019 11:00,2132.699
22/11/2019 12:00,2183.987
22/11/2019 13:00,2094.51
22/11/2019 14:00,1850.02
22/11/2019 15:00,1431.919
22/11/2019 16:00,846.822
22/11/2019 17:00,175.921
22/11/2019 18:00,0
22/11/2019 19:00,0
22/11/2019 20:00,0
22/11/2019 21:00,0
22/11/2019 22:00,0
22/11/2019 23:00,0
23/11/2019 0:00,0
23/11/2019 1:00,0
23/11/2019 2:00,0
23/11/2019 3:00,0
23/11/2019 4:00,0
23/11/2019 5:00,0
23/11/2019 6:00,0
23/11/2019 7:00,265.467
23/11/2019 8:00,952.049
23/11/2019 9:00,1516.342
23/11/2019 10:00,1901.92
23/11/2019 11:00,2105.89
23/11/2019 12:00,2111.138
23/11/2019 13:00,2064.304
23/11/2019 14:00,1823.992
23/11/2019 15:00,1437.204
23/11/2019 16:00,807.776
23/11/2019 17:00,205.142
23/11/2019 18:00,0
23/11/2019 19:00,0
23/11/2019 20:00,0
23/11/2019 21:00,0
23/11/2019 22:00,0
23/11/2019 23:00,0
24/11/2019 0:00,0
24/11/2019 1:00,0
24/11/2019 2:00,0
24/11/2019 3:00,0
24/11/2019 4:00,0
24/11/2019 5:00,0
24/11/2019 6:00,0
24/11/2019 7:00,213.042
24/11/2019 8:00,856.421
24/11/2019 9:00,1441.906
24/11/2019 10:00,1868.621
24/11/2019 11:00,2023.204
24/11/2019 12:00,2139.83
24/11/2019 13:00,2032.518
24/11/2019 14:00,1820.171
24/11/2019 15:00,1409.894
24/11/2019 16:00,818.528
24/11/2019 17:00,165.351
24/11/2019 18:00,0
24/11/2019 19:00,0
24/11/2019 20:00,0
24/11/2019 21:00,0
24/11/2019 22:00,0
24/11/2019 23:00,0
25/11/2019 0:00,0
25/11/2019 1:00,0
25/11/2019 2:00,0
25/11/2019 3:00,0
25/11/2019 4:00,0
25/11/2019 5:00,0
25/11/2019 6:00,0
25/11/2019 7:00,255.153
25/11/2019 8:00,956.241
25/11/2019 9:00,1521.937
25/11/2019 10:00,1911.687
25/11/2019 11:00,2125.082
25/11/2019 12:00,2186.7
25/11/2019 13:00,2102.768
25/11/2019 14:00,1854.986
25/11/2019 15:00,1435.265
25/11/2019 16:00,882.788
25/11/2019 17:00,187.068
25/11/2019 18:00,0
25/11/2019 19:00,0
25/11/2019 20:00,0
25/11/2019 21:00,0
25/11/2019 22:00,0
25/11/2019 23:00,0
26/11/2019 0:00,0
26/11/2019 1:00,0
26/11/2019 2:00,0
26/11/2019 3:00,0
26/11/2019 4:00,0
26/11/2019 5:00,0
26/11/2019 6:00,0
26/11/2019 7:00,201.613
26/11/2019 8:00,938.654
26/11/2019 9:00,1549.93
26/11/2019 10:00,1946.885
26/11/2019 11:00,2167.752
26/11/2019 12:00,2232.004
26/11/2019 13:00,2150.165
26/11/2019 14:00,1919.057
26/11/2019 15:00,1529.544
26/11/2019 16:00,972.893
26/11/2019 17:00,292.068
26/11/2019 18:00,0
26/11/2019 19:00,0
26/11/2019 20:00,0
26/11/2019 21:00,0
26/11/2019 22:00,0
26/11/2019 23:00,0
27/11/2019 0:00,0
27/11/2019 1:00,0
27/11/2019 2:00,0
27/11/2019 3:00,0
27/11/2019 4:00,0
27/11/2019 5:00,0
27/11/2019 6:00,0
27/11/2019 7:00,225.085
27/11/2019 8:00,901.424
27/11/2019 9:00,1491.132
27/11/2019 10:00,1855.277
27/11/2019 11:00,2082.95
27/11/2019 12:00,2135.172
27/11/2019 13:00,2048.994
27/11/2019 14:00,1834.509
27/11/2019 15:00,1429.741
27/11/2019 16:00,887.073
27/11/2019 17:00,210.047
27/11/2019 18:00,0
27/11/2019 19:00,0
27/11/2019 20:00,0
27/11/2019 21:00,0
27/11/2019 22:00,0
27/11/2019 23:00,0
28/11/2019 0:00,0
28/11/2019 1:00,0
28/11/2019 2:00,0
28/11/2019 3:00,0
28/11/2019 4:00,0
28/11/2019 5:00,0
28/11/2019 6:00,0
28/11/2019 7:00,169.377
28/11/2019 8:00,725.022
28/11/2019 9:00,1263.013
28/11/2019 10:00,1800.732
28/11/2019 11:00,2043.686
28/11/2019 12:00,2098.438
28/11/2019 13:00,2010.879
28/11/2019 14:00,1782.389
28/11/2019 15:00,1396.772
28/11/2019 16:00,861.567
28/11/2019 17:00,194.086
28/11/2019 18:00,0
28/11/2019 19:00,0
28/11/2019 20:00,0
28/11/2019 21:00,0
28/11/2019 22:00,0
28/11/2019 23:00,0
29/11/2019 0:00,0
29/11/2019 1:00,0
29/11/2019 2:00,0
29/11/2019 3:00,0
29/11/2019 4:00,0
29/11/2019 5:00,0
29/11/2019 6:00,0
29/11/2019 7:00,192.491
29/11/2019 8:00,933.595
29/11/2019 9:00,1503.451
29/11/2019 10:00,1888.22
29/11/2019 11:00,2104.381
29/11/2019 12:00,2167.88
29/11/2019 13:00,2085.016
29/11/2019 14:00,1851.322
29/11/2019 15:00,1460.706
29/11/2019 16:00,907.184
29/11/2019 17:00,232.487
29/11/2019 18:00,0
29/11/2019 19:00,0
29/11/2019 20:00,0
29/11/2019 21:00,0
29/11/2019 22:00,0
29/11/2019 23:00,0
30/11/2019 0:00,0
30/11/2019 1:00,0
30/11/2019 2:00,0
30/11/2019 3:00,0
30/11/2019 4:00,0
30/11/2019 5:00,0
30/11/2019 6:00,0
30/11/2019 7:00,204.552
30/11/2019 8:00,785.838
30/11/2019 9:00,1487.211
30/11/2019 10:00,1871.349
30/11/2019 11:00,2079.956
30/11/2019 12:00,2138.02
30/11/2019 13:00,2029.198
30/11/2019 14:00,1790.546
30/11/2019 15:00,1405.921
30/11/2019 16:00,846.086
30/11/2019 17:00,156.544
30/11/2019 18:00,0
30/11/2019 19:00,0
30/11/2019 20:00,0
30/11/2019 21:00,0
30/11/2019 22:00,0
30/11/2019 23:00,0
1/12/2019 0:00,0
1/12/2019 1:00,0
1/12/2019 2:00,0
1/12/2019 3:00,0
1/12/2019 4:00,0
1/12/2019 5:00,0
1/12/2019 6:00,0
1/12/2019 7:00,181.85
1/12/2019 8:00,815.653
1/12/2019 9:00,1479.025
1/12/2019 10:00,1855.825
1/12/2019 11:00,2069.547
1/12/2019 12:00,2130.036
1/12/2019 13:00,2037.747
1/12/2019 14:00,1813.901
1/12/2019 15:00,1428.709
1/12/2019 16:00,838.508
1/12/2019 17:00,222.984
1/12/2019 18:00,0
1/12/2019 19:00,0
1/12/2019 20:00,0
1/12/2019 21:00,0
1/12/2019 22:00,0
1/12/2019 23:00,0
2/12/2019 0:00,0
2/12/2019 1:00,0
2/12/2019 2:00,0
2/12/2019 3:00,0
2/12/2019 4:00,0
2/12/2019 5:00,0
2/12/2019 6:00,0
2/12/2019 7:00,169.908
2/12/2019 8:00,669.772
2/12/2019 9:00,1183.737
2/12/2019 10:00,1620.718
2/12/2019 11:00,1889.38
2/12/2019 12:00,1756.091
2/12/2019 13:00,1655.223
2/12/2019 14:00,1436.259
2/12/2019 15:00,884.455
2/12/2019 16:00,480.711
2/12/2019 17:00,87.686
2/12/2019 18:00,0
2/12/2019 19:00,0
2/12/2019 20:00,0
2/12/2019 21:00,0
2/12/2019 22:00,0
2/12/2019 23:00,0
3/12/2019 0:00,0
3/12/2019 1:00,0
3/12/2019 2:00,0
3/12/2019 3:00,0
3/12/2019 4:00,0
3/12/2019 5:00,0
3/12/2019 6:00,0
3/12/2019 7:00,198.919
3/12/2019 8:00,891.158
3/12/2019 9:00,1485.985
3/12/2019 10:00,1882.675
3/12/2019 11:00,2096.491
3/12/2019 12:00,2155.285
3/12/2019 13:00,2048.974
3/12/2019 14:00,1808.616
3/12/2019 15:00,1399.673
3/12/2019 16:00,787.17
3/12/2019 17:00,191.33
3/12/2019 18:00,0
3/12/2019 19:00,0
3/12/2019 20:00,0
3/12/2019 21:00,0
3/12/2019 22:00,0
3/12/2019 23:00,0
4/12/2019 0:00,0
4/12/2019 1:00,0
4/12/2019 2:00,0
4/12/2019 3:00,0
4/12/2019 4:00,0
4/12/2019 5:00,0
4/12/2019 6:00,0
4/12/2019 7:00,227.286
4/12/2019 8:00,901.17
4/12/2019 9:00,1491.074
4/12/2019 10:00,1850.132
4/12/2019 11:00,2046.041
4/12/2019 12:00,2113.707
4/12/2019 13:00,2040.171
4/12/2019 14:00,1842.69
4/12/2019 15:00,1443.134
4/12/2019 16:00,875.571
4/12/2019 17:00,223.855
4/12/2019 18:00,0
4/12/2019 19:00,0
4/12/2019 20:00,0
4/12/2019 21:00,0
4/12/2019 22:00,0
4/12/2019 23:00,0
5/12/2019 0:00,0
5/12/2019 1:00,0
5/12/2019 2:00,0
5/12/2019 3:00,0
5/12/2019 4:00,0
5/12/2019 5:00,0
5/12/2019 6:00,0
5/12/2019 7:00,247.898
5/12/2019 8:00,957.257
5/12/2019 9:00,1534.519
5/12/2019 10:00,1925.73
5/12/2019 11:00,2144.244
5/12/2019 12:00,2206.962
5/12/2019 13:00,2113.019
5/12/2019 14:00,1871.78
5/12/2019 15:00,1470.036
5/12/2019 16:00,897.15
5/12/2019 17:00,237.47
5/12/2019 18:00,0
5/12/2019 19:00,0
5/12/2019 20:00,0
5/12/2019 21:00,0
5/12/2019 22:00,0
5/12/2019 23:00,0
6/12/2019 0:00,0
6/12/2019 1:00,0
6/12/2019 2:00,0
6/12/2019 3:00,0
6/12/2019 4:00,0
6/12/2019 5:00,0
6/12/2019 6:00,0
6/12/2019 7:00,238.39
6/12/2019 8:00,981.194
6/12/2019 9:00,1572.134
6/12/2019 10:00,1976.696
6/12/2019 11:00,2203.903
6/12/2019 12:00,2268.203
6/12/2019 13:00,2176.299
6/12/2019 14:00,1932.315
6/12/2019 15:00,1523.013
6/12/2019 16:00,941.243
6/12/2019 17:00,254.573
6/12/2019 18:00,0
6/12/2019 19:00,0
6/12/2019 20:00,0
6/12/2019 21:00,0
6/12/2019 22:00,0
6/12/2019 23:00,0
7/12/2019 0:00,0
7/12/2019 1:00,0
7/12/2019 2:00,0
7/12/2019 3:00,0
7/12/2019 4:00,0
7/12/2019 5:00,0
7/12/2019 6:00,0
7/12/2019 7:00,268.481
7/12/2019 8:00,1022.398
7/12/2019 9:00,1628.324
7/12/2019 10:00,2036.826
7/12/2019 11:00,2260.083
7/12/2019 12:00,2320.738
7/12/2019 13:00,2227.424
7/12/2019 14:00,1976.322
7/12/2019 15:00,1559.515
7/12/2019 16:00,973.923
7/12/2019 17:00,278.917
7/12/2019 18:00,0
7/12/2019 19:00,0
7/12/2019 20:00,0
7/12/2019 21:00,0
7/12/2019 22:00,0
7/12/2019 23:00,0
8/12/2019 0:00,0
8/12/2019 1:00,0
8/12/2019 2:00,0
8/12/2019 3:00,0
8/12/2019 4:00,0
8/12/2019 5:00,0
8/12/2019 6:00,0
8/12/2019 7:00,284.695
8/12/2019 8:00,1035.38
8/12/2019 9:00,1626.067
8/12/2019 10:00,2021.802
8/12/2019 11:00,2240.363
8/12/2019 12:00,2299.449
8/12/2019 13:00,2205.629
8/12/2019 14:00,1958.346
8/12/2019 15:00,1547.323
8/12/2019 16:00,964.732
8/12/2019 17:00,269.951
8/12/2019 18:00,0
8/12/2019 19:00,0
8/12/2019 20:00,0
8/12/2019 21:00,0
8/12/2019 22:00,0
8/12/2019 23:00,0
9/12/2019 0:00,0
9/12/2019 1:00,0
9/12/2019 2:00,0
9/12/2019 3:00,0
9/12/2019 4:00,0
9/12/2019 5:00,0
9/12/2019 6:00,0
9/12/2019 7:00,250.959
9/12/2019 8:00,975.126
9/12/2019 9:00,1559.024
9/12/2019 10:00,1958.212
9/12/2019 11:00,2176.277
9/12/2019 12:00,2236.89
9/12/2019 13:00,2150.319
9/12/2019 14:00,1908.275
9/12/2019 15:00,1503.543
9/12/2019 16:00,926.411
9/12/2019 17:00,248.892
9/12/2019 18:00,0
9/12/2019 19:00,0
9/12/2019 20:00,0
9/12/2019 21:00,0
9/12/2019 22:00,0
9/12/2019 23:00,0
10/12/2019 0:00,0
10/12/2019 1:00,0
10/12/2019 2:00,0
10/12/2019 3:00,0
10/12/2019 4:00,0
10/12/2019 5:00,0
10/12/2019 6:00,0
10/12/2019 7:00,257.786
10/12/2019 8:00,984.442
10/12/2019 9:00,1564.318
10/12/2019 10:00,1951.036
10/12/2019 11:00,2167.183
10/12/2019 12:00,2228.225
10/12/2019 13:00,2139.484
10/12/2019 14:00,1895.65
10/12/2019 15:00,1487.558
10/12/2019 16:00,912.771
10/12/2019 17:00,241.665
10/12/2019 18:00,0
10/12/2019 19:00,0
10/12/2019 20:00,0
10/12/2019 21:00,0
10/12/2019 22:00,0
10/12/2019 23:00,0
11/12/2019 0:00,0
11/12/2019 1:00,0
11/12/2019 2:00,0
11/12/2019 3:00,0
11/12/2019 4:00,0
11/12/2019 5:00,0
11/12/2019 6:00,0
11/12/2019 7:00,252.422
11/12/2019 8:00,967.677
11/12/2019 9:00,1540.255
11/12/2019 10:00,1922.177
11/12/2019 11:00,2137.846
11/12/2019 12:00,2198.407
11/12/2019 13:00,2102.171
11/12/2019 14:00,1860.941
11/12/2019 15:00,1456.45
11/12/2019 16:00,881.252
11/12/2019 17:00,225.473
11/12/2019 18:00,0
11/12/2019 19:00,0
11/12/2019 20:00,0
11/12/2019 21:00,0
11/12/2019 22:00,0
11/12/2019 23:00,0
12/12/2019 0:00,0
12/12/2019 1:00,0
12/12/2019 2:00,0
12/12/2019 3:00,0
12/12/2019 4:00,0
12/12/2019 5:00,0
12/12/2019 6:00,0
12/12/2019 7:00,228.903
12/12/2019 8:00,927.379
12/12/2019 9:00,1500.273
12/12/2019 10:00,1876.002
12/12/2019 11:00,2089.15
12/12/2019 12:00,2148.172
12/12/2019 13:00,2059.774
12/12/2019 14:00,1820.212
12/12/2019 15:00,1418.105
12/12/2019 16:00,855.599
12/12/2019 17:00,210.834
12/12/2019 18:00,0
12/12/2019 19:00,0
12/12/2019 20:00,0
12/12/2019 21:00,0
12/12/2019 22:00,0
12/12/2019 23:00,0
13/12/2019 0:00,0
13/12/2019 1:00,0
13/12/2019 2:00,0
13/12/2019 3:00,0
13/12/2019 4:00,0
13/12/2019 5:00,0
13/12/2019 6:00,0
13/12/2019 7:00,218.187
13/12/2019 8:00,911.128
13/12/2019 9:00,1483.079
13/12/2019 10:00,1887.382
13/12/2019 11:00,2102.071
13/12/2019 12:00,2163.297
13/12/2019 13:00,2063.447
13/12/2019 14:00,1826.328
13/12/2019 15:00,1426.111
13/12/2019 16:00,856.883
13/12/2019 17:00,197.403
13/12/2019 18:00,0
13/12/2019 19:00,0
13/12/2019 20:00,0
13/12/2019 21:00,0
13/12/2019 22:00,0
13/12/2019 23:00,0
14/12/2019 0:00,0
14/12/2019 1:00,0
14/12/2019 2:00,0
14/12/2019 3:00,0
14/12/2019 4:00,0
14/12/2019 5:00,0
14/12/2019 6:00,0
14/12/2019 7:00,243.265
14/12/2019 8:00,946.163
14/12/2019 9:00,1512.365
14/12/2019 10:00,1902.067
14/12/2019 11:00,2113.742
14/12/2019 12:00,2172.643
14/12/2019 13:00,2077.846
14/12/2019 14:00,1842.146
14/12/2019 15:00,1446.075
14/12/2019 16:00,881.372
14/12/2019 17:00,203.782
14/12/2019 18:00,0
14/12/2019 19:00,0
14/12/2019 20:00,0
14/12/2019 21:00,0
14/12/2019 22:00,0
14/12/2019 23:00,0
15/12/2019 0:00,0
15/12/2019 1:00,0
15/12/2019 2:00,0
15/12/2019 3:00,0
15/12/2019 4:00,0
15/12/2019 5:00,0
15/12/2019 6:00,0
15/12/2019 7:00,260.03
15/12/2019 8:00,967.885
15/12/2019 9:00,1535.792
15/12/2019 10:00,1898.791
15/12/2019 11:00,2112.477
15/12/2019 12:00,2173.043
15/12/2019 13:00,2086.041
15/12/2019 14:00,1852.603
15/12/2019 15:00,1456.981
15/12/2019 16:00,896.062
15/12/2019 17:00,247.145
15/12/2019 18:00,0
15/12/2019 19:00,0
15/12/2019 20:00,0
15/12/2019 21:00,0
15/12/2019 22:00,0
15/12/2019 23:00,0
16/12/2019 0:00,0
16/12/2019 1:00,0
16/12/2019 2:00,0
16/12/2019 3:00,0
16/12/2019 4:00,0
16/12/2019 5:00,0
16/12/2019 6:00,0
16/12/2019 7:00,262.205
16/12/2019 8:00,971.757
16/12/2019 9:00,1529.972
16/12/2019 10:00,1899.968
16/12/2019 11:00,2106.386
16/12/2019 12:00,2164.825
16/12/2019 13:00,2074.73
16/12/2019 14:00,1841.823
16/12/2019 15:00,1450.156
16/12/2019 16:00,892.034
16/12/2019 17:00,247.338
16/12/2019 18:00,0
16/12/2019 19:00,0
16/12/2019 20:00,0
16/12/2019 21:00,0
16/12/2019 22:00,0
16/12/2019 23:00,0
17/12/2019 0:00,0
17/12/2019 1:00,0
17/12/2019 2:00,0
17/12/2019 3:00,0
17/12/2019 4:00,0
17/12/2019 5:00,0
17/12/2019 6:00,0
17/12/2019 7:00,235.917
17/12/2019 8:00,917.333
17/12/2019 9:00,1441.233
17/12/2019 10:00,1550.874
17/12/2019 11:00,1757.482
17/12/2019 12:00,1757.948
17/12/2019 13:00,1686.364
17/12/2019 14:00,1524.126
17/12/2019 15:00,1251.996
17/12/2019 16:00,756.069
17/12/2019 17:00,197.915
17/12/2019 18:00,0
17/12/2019 19:00,0
17/12/2019 20:00,0
17/12/2019 21:00,0
17/12/2019 22:00,0
17/12/2019 23:00,0
18/12/2019 0:00,0
18/12/2019 1:00,0
18/12/2019 2:00,0
18/12/2019 3:00,0
18/12/2019 4:00,0
18/12/2019 5:00,0
18/12/2019 6:00,0
18/12/2019 7:00,248.962
18/12/2019 8:00,936.702
18/12/2019 9:00,1483.218
18/12/2019 10:00,1854.694
18/12/2019 11:00,2061.426
18/12/2019 12:00,2119.146
18/12/2019 13:00,2035.156
18/12/2019 14:00,1803.241
18/12/2019 15:00,1416.985
18/12/2019 16:00,867.036
18/12/2019 17:00,236.268
18/12/2019 18:00,0
18/12/2019 19:00,0
18/12/2019 20:00,0
18/12/2019 21:00,0
18/12/2019 22:00,0
18/12/2019 23:00,0
19/12/2019 0:00,0
19/12/2019 1:00,0
19/12/2019 2:00,0
19/12/2019 3:00,0
19/12/2019 4:00,0
19/12/2019 5:00,0
19/12/2019 6:00,0
19/12/2019 7:00,239.233
19/12/2019 8:00,923.536
19/12/2019 9:00,1468.125
19/12/2019 10:00,1834.568
19/12/2019 11:00,2041.358
19/12/2019 12:00,2098.537
19/12/2019 13:00,2013.875
19/12/2019 14:00,1781.562
19/12/2019 15:00,1379.85
19/12/2019 16:00,794.835
19/12/2019 17:00,156.41
19/12/2019 18:00,0
19/12/2019 19:00,0
19/12/2019 20:00,0
19/12/2019 21:00,0
19/12/2019 22:00,0
19/12/2019 23:00,0
20/12/2019 0:00,0
20/12/2019 1:00,0
20/12/2019 2:00,0
20/12/2019 3:00,0
20/12/2019 4:00,0
20/12/2019 5:00,0
20/12/2019 6:00,0
20/12/2019 7:00,204.369
20/12/2019 8:00,856.159
20/12/2019 9:00,1400.308
20/12/2019 10:00,1768.273
20/12/2019 11:00,1981.591
20/12/2019 12:00,2017.084
20/12/2019 13:00,1923.625
20/12/2019 14:00,1671.649
20/12/2019 15:00,1280.285
20/12/2019 16:00,735.468
20/12/2019 17:00,136.524
20/12/2019 18:00,0
20/12/2019 19:00,0
20/12/2019 20:00,0
20/12/2019 21:00,0
20/12/2019 22:00,0
20/12/2019 23:00,0
21/12/2019 0:00,0
21/12/2019 1:00,0
21/12/2019 2:00,0
21/12/2019 3:00,0
21/12/2019 4:00,0
21/12/2019 5:00,0
21/12/2019 6:00,0
21/12/2019 7:00,238.38
21/12/2019 8:00,924.386
21/12/2019 9:00,1472.836
21/12/2019 10:00,1832.708
21/12/2019 11:00,2040.224
21/12/2019 12:00,2099.117
21/12/2019 13:00,1983.481
21/12/2019 14:00,1748.44
21/12/2019 15:00,1323.711
21/12/2019 16:00,753.281
21/12/2019 17:00,125.421
21/12/2019 18:00,0
21/12/2019 19:00,0
21/12/2019 20:00,0
21/12/2019 21:00,0
21/12/2019 22:00,0
21/12/2019 23:00,0
22/12/2019 0:00,0
22/12/2019 1:00,0
22/12/2019 2:00,0
22/12/2019 3:00,0
22/12/2019 4:00,0
22/12/2019 5:00,0
22/12/2019 6:00,0
22/12/2019 7:00,207.137
22/12/2019 8:00,893.756
22/12/2019 9:00,1466.808
22/12/2019 10:00,1865.235
22/12/2019 11:00,2081.137
22/12/2019 12:00,2143.435
22/12/2019 13:00,2063.678
22/12/2019 14:00,1832.531
22/12/2019 15:00,1442.716
22/12/2019 16:00,884.948
22/12/2019 17:00,250.065
22/12/2019 18:00,0
22/12/2019 19:00,0
22/12/2019 20:00,0
22/12/2019 21:00,0
22/12/2019 22:00,0
22/12/2019 23:00,0
23/12/2019 0:00,0
23/12/2019 1:00,0
23/12/2019 2:00,0
23/12/2019 3:00,0
23/12/2019 4:00,0
23/12/2019 5:00,0
23/12/2019 6:00,0
23/12/2019 7:00,289.626
23/12/2019 8:00,1004.141
23/12/2019 9:00,1557.283
23/12/2019 10:00,1927.964
23/12/2019 11:00,2136.377
23/12/2019 12:00,2194.32
23/12/2019 13:00,2105.278
23/12/2019 14:00,1872.691
23/12/2019 15:00,1480.905
23/12/2019 16:00,919.437
23/12/2019 17:00,273.062
23/12/2019 18:00,0
23/12/2019 19:00,0
23/12/2019 20:00,0
23/12/2019 21:00,0
23/12/2019 22:00,0
23/12/2019 23:00,0
24/12/2019 0:00,0
24/12/2019 1:00,0
24/12/2019 2:00,0
24/12/2019 3:00,0
24/12/2019 4:00,0
24/12/2019 5:00,0
24/12/2019 6:00,0
24/12/2019 7:00,252.7
24/12/2019 8:00,949.766
24/12/2019 9:00,1504.551
24/12/2019 10:00,1872.619
24/12/2019 11:00,2084.418
24/12/2019 12:00,2146.302
24/12/2019 13:00,2039.809
24/12/2019 14:00,1801.491
24/12/2019 15:00,1401.351
24/12/2019 16:00,833.749
24/12/2019 17:00,213.305
24/12/2019 18:00,0
24/12/2019 19:00,0
24/12/2019 20:00,0
24/12/2019 21:00,0
24/12/2019 22:00,0
24/12/2019 23:00,0
25/12/2019 0:00,0
25/12/2019 1:00,0
25/12/2019 2:00,0
25/12/2019 3:00,0
25/12/2019 4:00,0
25/12/2019 5:00,0
25/12/2019 6:00,0
25/12/2019 7:00,257.952
25/12/2019 8:00,958.03
25/12/2019 9:00,1507.115
25/12/2019 10:00,1873.39
25/12/2019 11:00,2083.694
25/12/2019 12:00,2143.852
25/12/2019 13:00,2047.854
25/12/2019 14:00,1822.536
25/12/2019 15:00,1435.115
25/12/2019 16:00,877.546
25/12/2019 17:00,249.184
25/12/2019 18:00,0
25/12/2019 19:00,0
25/12/2019 20:00,0
25/12/2019 21:00,0
25/12/2019 22:00,0
25/12/2019 23:00,0
26/12/2019 0:00,0
26/12/2019 1:00,0
26/12/2019 2:00,0
26/12/2019 3:00,0
26/12/2019 4:00,0
26/12/2019 5:00,0
26/12/2019 6:00,0
26/12/2019 7:00,268.559
26/12/2019 8:00,967.728
26/12/2019 9:00,1520.094
26/12/2019 10:00,1884.995
26/12/2019 11:00,2092.074
26/12/2019 12:00,2150.101
26/12/2019 13:00,2062.308
26/12/2019 14:00,1827.658
26/12/2019 15:00,1433.684
26/12/2019 16:00,877.611
26/12/2019 17:00,249.516
26/12/2019 18:00,0
26/12/2019 19:00,0
26/12/2019 20:00,0
26/12/2019 21:00,0
26/12/2019 22:00,0
26/12/2019 23:00,0
27/12/2019 0:00,0
27/12/2019 1:00,0
27/12/2019 2:00,0
27/12/2019 3:00,0
27/12/2019 4:00,0
27/12/2019 5:00,0
27/12/2019 6:00,0
27/12/2019 7:00,203.798
27/12/2019 8:00,848.715
27/12/2019 9:00,1371.183
27/12/2019 10:00,1749.034
27/12/2019 11:00,1959.39
27/12/2019 12:00,1990.023
27/12/2019 13:00,1864.785
27/12/2019 14:00,1614.669
27/12/2019 15:00,1209.875
27/12/2019 16:00,697.283
27/12/2019 17:00,106.331
27/12/2019 18:00,0
27/12/2019 19:00,0
27/12/2019 20:00,0
27/12/2019 21:00,0
27/12/2019 22:00,0
27/12/2019 23:00,0
28/12/2019 0:00,0
28/12/2019 1:00,0
28/12/2019 2:00,0
28/12/2019 3:00,0
28/12/2019 4:00,0
28/12/2019 5:00,0
28/12/2019 6:00,0
28/12/2019 7:00,130.44
28/12/2019 8:00,714.797
28/12/2019 9:00,1319.924
28/12/2019 10:00,1647.85
28/12/2019 11:00,1867.13
28/12/2019 12:00,1867.09
28/12/2019 13:00,1745.658
28/12/2019 14:00,1409.842
28/12/2019 15:00,987.655
28/12/2019 16:00,500.427
28/12/2019 17:00,84.073
28/12/2019 18:00,0
28/12/2019 19:00,0
28/12/2019 20:00,0
28/12/2019 21:00,0
28/12/2019 22:00,0
28/12/2019 23:00,0
29/12/2019 0:00,0
29/12/2019 1:00,0
29/12/2019 2:00,0
29/12/2019 3:00,0
29/12/2019 4:00,0
29/12/2019 5:00,0
29/12/2019 6:00,0
29/12/2019 7:00,115.92
29/12/2019 8:00,628.783
29/12/2019 9:00,1171.367
29/12/2019 10:00,1499.579
29/12/2019 11:00,1732.216
29/12/2019 12:00,1808.37
29/12/2019 13:00,1693.837
29/12/2019 14:00,1390.488
29/12/2019 15:00,970.877
29/12/2019 16:00,470.723
29/12/2019 17:00,64.684
29/12/2019 18:00,0
29/12/2019 19:00,0
29/12/2019 20:00,0
29/12/2019 21:00,0
29/12/2019 22:00,0
29/12/2019 23:00,0
30/12/2019 0:00,0
30/12/2019 1:00,0
30/12/2019 2:00,0
30/12/2019 3:00,0
30/12/2019 4:00,0
30/12/2019 5:00,0
30/12/2019 6:00,0
30/12/2019 7:00,110.698
30/12/2019 8:00,531.849
30/12/2019 9:00,1125.481
30/12/2019 10:00,1571.225
30/12/2019 11:00,1752.236
30/12/2019 12:00,1813.245
30/12/2019 13:00,1770.249
30/12/2019 14:00,1523.554
30/12/2019 15:00,1157.539
30/12/2019 16:00,644.113
30/12/2019 17:00,90.508
30/12/2019 18:00,0
30/12/2019 19:00,0
30/12/2019 20:00,0
30/12/2019 21:00,0
30/12/2019 22:00,0
30/12/2019 23:00,0
31/12/2019 0:00,0
31/12/2019 1:00,0
31/12/2019 2:00,0
31/12/2019 3:00,0
31/12/2019 4:00,0
31/12/2019 5:00,0
31/12/2019 6:00,0
31/12/2019 7:00,180.919
31/12/2019 8:00,826.42
31/12/2019 9:00,1427.418
31/12/2019 10:00,1813.697
31/12/2019 11:00,2031.974
31/12/2019 12:00,2094.463
31/12/2019 13:00,1987.859
31/12/2019 14:00,1746.65
31/12/2019 15:00,1343.092
31/12/2019 16:00,785.219
31/12/2019 17:00,143.299
31/12/2019 18:00,0
31/12/2019 19:00,0
31/12/2019 20:00,0
31/12/2019 21:00,0
31/12/2019 22:00,0
31/12/2019 23:00,0
