datetime,Voltage(V)
1/1/2019 0:00,21.40279236
1/1/2019 1:00,21.46517142
1/1/2019 2:00,21.48286365
1/1/2019 3:00,21.48337621
1/1/2019 4:00,21.48254757
1/1/2019 5:00,21.38431729
1/1/2019 6:00,21.16916776
1/1/2019 7:00,21.16110912
1/1/2019 8:00,21.32299844
1/1/2019 9:00,21.34098494
1/1/2019 10:00,21.38577827
1/1/2019 11:00,21.32448883
1/1/2019 12:00,21.32453097
1/1/2019 13:00,21.40735233
1/1/2019 14:00,21.2458465
1/1/2019 15:00,21.10965549
1/1/2019 16:00,21.09749159
1/1/2019 17:00,21.22621529
1/1/2019 18:00,21.05881502
1/1/2019 19:00,20.99502855
1/1/2019 20:00,20.94445535
1/1/2019 21:00,21.0869431
1/1/2019 22:00,21.19537079
1/1/2019 23:00,21.34831438
2/1/2019 0:00,21.4249448
2/1/2019 1:00,21.46025827
2/1/2019 2:00,21.51645297
2/1/2019 3:00,21.50424203
2/1/2019 4:00,21.48957522
2/1/2019 5:00,21.3856001
2/1/2019 6:00,21.22937273
2/1/2019 7:00,21.13007681
2/1/2019 8:00,21.31069428
2/1/2019 9:00,21.37859563
2/1/2019 10:00,21.35606281
2/1/2019 11:00,21.34317107
2/1/2019 12:00,21.32507172
2/1/2019 13:00,21.40744366
2/1/2019 14:00,21.23235138
2/1/2019 15:00,21.08031171
2/1/2019 16:00,21.03478149
2/1/2019 17:00,21.22815447
2/1/2019 18:00,21.03234762
2/1/2019 19:00,20.95490891
2/1/2019 20:00,21.04609591
2/1/2019 21:00,21.10263128
2/1/2019 22:00,21.21015984
2/1/2019 23:00,21.28803109
3/1/2019 0:00,21.40605221
3/1/2019 1:00,21.4971625
3/1/2019 2:00,21.48891302
3/1/2019 3:00,21.51805986
3/1/2019 4:00,21.49103755
3/1/2019 5:00,21.36545207
3/1/2019 6:00,21.18432591
3/1/2019 7:00,21.15639484
3/1/2019 8:00,21.33105806
3/1/2019 9:00,21.360461
3/1/2019 10:00,21.36723535
3/1/2019 11:00,21.28796909
3/1/2019 12:00,21.34130027
3/1/2019 13:00,21.36535868
3/1/2019 14:00,21.22580566
3/1/2019 15:00,21.12527946
3/1/2019 16:00,21.03489037
3/1/2019 17:00,21.19644584
3/1/2019 18:00,21.03088855
3/1/2019 19:00,20.90766122
3/1/2019 20:00,20.98265397
3/1/2019 21:00,21.10025967
3/1/2019 22:00,21.18713543
3/1/2019 23:00,21.27631892
4/1/2019 0:00,21.41412828
4/1/2019 1:00,21.43155973
4/1/2019 2:00,21.5438182
4/1/2019 3:00,21.49613107
4/1/2019 4:00,21.47638525
4/1/2019 5:00,21.38576309
4/1/2019 6:00,21.21025764
4/1/2019 7:00,21.23912528
4/1/2019 8:00,21.31309514
4/1/2019 9:00,21.34192424
4/1/2019 10:00,21.34060225
4/1/2019 11:00,21.32571288
4/1/2019 12:00,21.34996934
4/1/2019 13:00,21.37375105
4/1/2019 14:00,21.16740798
4/1/2019 15:00,21.07516231
4/1/2019 16:00,21.07594229
4/1/2019 17:00,21.21778936
4/1/2019 18:00,21.02523358
4/1/2019 19:00,20.90892671
4/1/2019 20:00,21.01936073
4/1/2019 21:00,21.09017972
4/1/2019 22:00,21.20824183
4/1/2019 23:00,21.34925388
5/1/2019 0:00,21.51402593
5/1/2019 1:00,21.55632472
5/1/2019 2:00,21.58796562
5/1/2019 3:00,21.60516766
5/1/2019 4:00,21.59654498
5/1/2019 5:00,21.49802952
5/1/2019 6:00,21.35794682
5/1/2019 7:00,21.34326232
5/1/2019 8:00,21.43390298
5/1/2019 9:00,21.45799182
5/1/2019 10:00,21.44844755
5/1/2019 11:00,21.42907577
5/1/2019 12:00,21.44308495
5/1/2019 13:00,21.47831309
5/1/2019 14:00,21.38204082
5/1/2019 15:00,21.24625819
5/1/2019 16:00,21.21983309
5/1/2019 17:00,21.31003165
5/1/2019 18:00,21.20011061
5/1/2019 19:00,21.11463082
5/1/2019 20:00,21.16771816
5/1/2019 21:00,21.26898754
5/1/2019 22:00,21.30964965
5/1/2019 23:00,21.41928453
6/1/2019 0:00,21.50513849
6/1/2019 1:00,21.57578851
6/1/2019 2:00,21.565909
6/1/2019 3:00,21.62304804
6/1/2019 4:00,21.56414148
6/1/2019 5:00,21.44888831
6/1/2019 6:00,21.37296472
6/1/2019 7:00,21.33774631
6/1/2019 8:00,21.42885416
6/1/2019 9:00,21.4765034
6/1/2019 10:00,21.51712769
6/1/2019 11:00,21.43295483
6/1/2019 12:00,21.47071141
6/1/2019 13:00,21.46604605
6/1/2019 14:00,21.35557925
6/1/2019 15:00,21.20017897
6/1/2019 16:00,21.23994966
6/1/2019 17:00,21.37249764
6/1/2019 18:00,21.17183684
6/1/2019 19:00,21.16111868
6/1/2019 20:00,21.16011671
6/1/2019 21:00,21.20284169
6/1/2019 22:00,21.37444365
6/1/2019 23:00,21.43090424
7/1/2019 0:00,21.40783485
7/1/2019 1:00,21.44702136
7/1/2019 2:00,21.51805605
7/1/2019 3:00,21.53502909
7/1/2019 4:00,21.46803714
7/1/2019 5:00,21.3724741
7/1/2019 6:00,21.20587856
7/1/2019 7:00,21.17182379
7/1/2019 8:00,21.32399819
7/1/2019 9:00,21.34349383
7/1/2019 10:00,21.36429634
7/1/2019 11:00,21.3271386
7/1/2019 12:00,21.27972681
7/1/2019 13:00,21.34612193
7/1/2019 14:00,21.22364375
7/1/2019 15:00,21.05527768
7/1/2019 16:00,21.08134942
7/1/2019 17:00,21.20846084
7/1/2019 18:00,20.98968057
7/1/2019 19:00,20.97368224
7/1/2019 20:00,20.96184656
7/1/2019 21:00,21.0666409
7/1/2019 22:00,21.17421585
7/1/2019 23:00,21.26757522
8/1/2019 0:00,21.41858652
8/1/2019 1:00,21.47729878
8/1/2019 2:00,21.51157527
8/1/2019 3:00,21.52587667
8/1/2019 4:00,21.47953485
8/1/2019 5:00,21.37148877
8/1/2019 6:00,21.20515568
8/1/2019 7:00,21.15550149
8/1/2019 8:00,21.29746104
8/1/2019 9:00,21.29919406
8/1/2019 10:00,21.36002102
8/1/2019 11:00,21.22213485
8/1/2019 12:00,21.29576155
8/1/2019 13:00,21.36555103
8/1/2019 14:00,21.20752147
8/1/2019 15:00,21.05751048
8/1/2019 16:00,21.05807726
8/1/2019 17:00,21.2109369
8/1/2019 18:00,21.01264518
8/1/2019 19:00,20.94665313
8/1/2019 20:00,21.02434824
8/1/2019 21:00,21.1278382
8/1/2019 22:00,21.20976457
8/1/2019 23:00,21.29291652
9/1/2019 0:00,21.40880955
9/1/2019 1:00,21.48698539
9/1/2019 2:00,21.49173302
9/1/2019 3:00,21.50406723
9/1/2019 4:00,21.49500363
9/1/2019 5:00,21.37566959
9/1/2019 6:00,21.21118309
9/1/2019 7:00,21.21506384
9/1/2019 8:00,21.29972623
9/1/2019 9:00,21.33678818
9/1/2019 10:00,21.34948884
9/1/2019 11:00,21.28590065
9/1/2019 12:00,21.3633352
9/1/2019 13:00,21.38367273
9/1/2019 14:00,21.18067605
9/1/2019 15:00,21.07337194
9/1/2019 16:00,21.04699263
9/1/2019 17:00,21.12954643
9/1/2019 18:00,21.00937535
9/1/2019 19:00,20.90287095
9/1/2019 20:00,20.96217094
9/1/2019 21:00,21.05904703
9/1/2019 22:00,21.20609097
9/1/2019 23:00,21.29528724
10/1/2019 0:00,21.42980073
10/1/2019 1:00,21.46711409
10/1/2019 2:00,21.5040326
10/1/2019 3:00,21.50958037
10/1/2019 4:00,21.43356959
10/1/2019 5:00,21.42066864
10/1/2019 6:00,21.19384955
10/1/2019 7:00,21.23003908
10/1/2019 8:00,21.32341659
10/1/2019 9:00,21.32811464
10/1/2019 10:00,21.37345549
10/1/2019 11:00,21.33950582
10/1/2019 12:00,21.3475932
10/1/2019 13:00,21.34634472
10/1/2019 14:00,21.21686626
10/1/2019 15:00,21.08412315
10/1/2019 16:00,21.05972736
10/1/2019 17:00,21.25070446
10/1/2019 18:00,20.95659901
10/1/2019 19:00,20.92106266
10/1/2019 20:00,21.06488669
10/1/2019 21:00,21.07384005
10/1/2019 22:00,21.21578794
10/1/2019 23:00,21.29301302
11/1/2019 0:00,21.43021931
11/1/2019 1:00,21.4647076
11/1/2019 2:00,21.4855316
11/1/2019 3:00,21.49533366
11/1/2019 4:00,21.50106614
11/1/2019 5:00,21.3865541
11/1/2019 6:00,21.22588059
11/1/2019 7:00,21.20240407
11/1/2019 8:00,21.26756553
11/1/2019 9:00,21.34249318
11/1/2019 10:00,21.40277319
11/1/2019 11:00,21.28813033
11/1/2019 12:00,21.27664291
11/1/2019 13:00,21.33638032
11/1/2019 14:00,21.23881806
11/1/2019 15:00,21.10559113
11/1/2019 16:00,21.02046184
11/1/2019 17:00,21.2525979
11/1/2019 18:00,21.01363008
11/1/2019 19:00,20.91596209
11/1/2019 20:00,21.02710885
11/1/2019 21:00,21.08166016
11/1/2019 22:00,21.28775774
11/1/2019 23:00,21.33860798
12/1/2019 0:00,21.52387212
12/1/2019 1:00,21.58141049
12/1/2019 2:00,21.56228191
12/1/2019 3:00,21.62348109
12/1/2019 4:00,21.58077055
12/1/2019 5:00,21.48766744
12/1/2019 6:00,21.31650418
12/1/2019 7:00,21.36017503
12/1/2019 8:00,21.4093535
12/1/2019 9:00,21.46967435
12/1/2019 10:00,21.50706761
12/1/2019 11:00,21.42581233
12/1/2019 12:00,21.44560426
12/1/2019 13:00,21.48682881
12/1/2019 14:00,21.33058166
12/1/2019 15:00,21.25305817
12/1/2019 16:00,21.21668454
12/1/2019 17:00,21.35034195
12/1/2019 18:00,21.1500838
12/1/2019 19:00,21.1613292
12/1/2019 20:00,21.10474111
12/1/2019 21:00,21.28985129
12/1/2019 22:00,21.34018782
12/1/2019 23:00,21.42263683
13/1/2019 0:00,21.5142975
13/1/2019 1:00,21.57102371
13/1/2019 2:00,21.59132742
13/1/2019 3:00,21.6091282
13/1/2019 4:00,21.58318681
13/1/2019 5:00,21.47414592
13/1/2019 6:00,21.3417069
13/1/2019 7:00,21.33987079
13/1/2019 8:00,21.40947278
13/1/2019 9:00,21.45833854
13/1/2019 10:00,21.4683723
13/1/2019 11:00,21.41934232
13/1/2019 12:00,21.46465882
13/1/2019 13:00,21.48634598
13/1/2019 14:00,21.31735065
13/1/2019 15:00,21.23015563
13/1/2019 16:00,21.22321664
13/1/2019 17:00,21.36424588
13/1/2019 18:00,21.15877086
13/1/2019 19:00,21.14174369
13/1/2019 20:00,21.15084347
13/1/2019 21:00,21.24320414
13/1/2019 22:00,21.34174038
13/1/2019 23:00,21.41217531
14/1/2019 0:00,21.39579069
14/1/2019 1:00,21.44639585
14/1/2019 2:00,21.47055865
14/1/2019 3:00,21.51068602
14/1/2019 4:00,21.4649643
14/1/2019 5:00,21.38601402
14/1/2019 6:00,21.20384559
14/1/2019 7:00,21.18722038
14/1/2019 8:00,21.30807904
14/1/2019 9:00,21.33759638
14/1/2019 10:00,21.39211275
14/1/2019 11:00,21.2594163
14/1/2019 12:00,21.35395696
14/1/2019 13:00,21.38954928
14/1/2019 14:00,21.16036879
14/1/2019 15:00,21.06340304
14/1/2019 16:00,21.04255419
14/1/2019 17:00,21.21670255
14/1/2019 18:00,21.02889009
14/1/2019 19:00,20.97644684
14/1/2019 20:00,20.99252703
14/1/2019 21:00,21.10127667
14/1/2019 22:00,21.16992054
14/1/2019 23:00,21.31731346
15/1/2019 0:00,21.43092012
15/1/2019 1:00,21.46878082
15/1/2019 2:00,21.48725241
15/1/2019 3:00,21.5213024
15/1/2019 4:00,21.49382243
15/1/2019 5:00,21.37366302
15/1/2019 6:00,21.20603104
15/1/2019 7:00,21.19922015
15/1/2019 8:00,21.32428225
15/1/2019 9:00,21.34798209
15/1/2019 10:00,21.40800127
15/1/2019 11:00,21.34805384
15/1/2019 12:00,21.34803655
15/1/2019 13:00,21.36787023
15/1/2019 14:00,21.18827159
15/1/2019 15:00,21.04525448
15/1/2019 16:00,21.03805641
15/1/2019 17:00,21.2396127
15/1/2019 18:00,21.02911647
15/1/2019 19:00,20.98024688
15/1/2019 20:00,20.9957834
15/1/2019 21:00,21.08894078
15/1/2019 22:00,21.1882196
15/1/2019 23:00,21.33382552
16/1/2019 0:00,21.40231039
16/1/2019 1:00,21.43219024
16/1/2019 2:00,21.4970002
16/1/2019 3:00,21.5037693
16/1/2019 4:00,21.46480698
16/1/2019 5:00,21.38804086
16/1/2019 6:00,21.20660698
16/1/2019 7:00,21.18220395
16/1/2019 8:00,21.30767234
16/1/2019 9:00,21.36979864
16/1/2019 10:00,21.37059352
16/1/2019 11:00,21.29609906
16/1/2019 12:00,21.29204276
16/1/2019 13:00,21.34065491
16/1/2019 14:00,21.13586343
16/1/2019 15:00,21.11753022
16/1/2019 16:00,21.03777851
16/1/2019 17:00,21.22929594
16/1/2019 18:00,20.9550575
16/1/2019 19:00,20.97323507
16/1/2019 20:00,21.02410459
16/1/2019 21:00,21.09880819
16/1/2019 22:00,21.25662854
16/1/2019 23:00,21.3265093
17/1/2019 0:00,21.42950972
17/1/2019 1:00,21.45947986
17/1/2019 2:00,21.48858274
17/1/2019 3:00,21.47694727
17/1/2019 4:00,21.45980702
17/1/2019 5:00,21.39195496
17/1/2019 6:00,21.23754328
17/1/2019 7:00,21.16864153
17/1/2019 8:00,21.33913859
17/1/2019 9:00,21.30665552
17/1/2019 10:00,21.34695668
17/1/2019 11:00,21.32416371
17/1/2019 12:00,21.37180951
17/1/2019 13:00,21.32990929
17/1/2019 14:00,21.19752186
17/1/2019 15:00,21.04907131
17/1/2019 16:00,21.11209614
17/1/2019 17:00,21.24866892
17/1/2019 18:00,21.02830516
17/1/2019 19:00,20.94231819
17/1/2019 20:00,21.01067349
17/1/2019 21:00,21.05995558
17/1/2019 22:00,21.22713615
17/1/2019 23:00,21.31719983
18/1/2019 0:00,21.41080598
18/1/2019 1:00,21.45229843
18/1/2019 2:00,21.4816683
18/1/2019 3:00,21.53147849
18/1/2019 4:00,21.50745862
18/1/2019 5:00,21.35057895
18/1/2019 6:00,21.20362074
18/1/2019 7:00,21.20511863
18/1/2019 8:00,21.27428494
18/1/2019 9:00,21.35105323
18/1/2019 10:00,21.34777685
18/1/2019 11:00,21.31086157
18/1/2019 12:00,21.27967497
18/1/2019 13:00,21.32093545
18/1/2019 14:00,21.20282472
18/1/2019 15:00,21.05874262
18/1/2019 16:00,21.0409895
18/1/2019 17:00,21.19607403
18/1/2019 18:00,21.06071369
18/1/2019 19:00,20.9191732
18/1/2019 20:00,20.95855713
18/1/2019 21:00,21.1355621
18/1/2019 22:00,21.23036799
18/1/2019 23:00,21.36319844
19/1/2019 0:00,21.52417418
19/1/2019 1:00,21.54872581
19/1/2019 2:00,21.56433641
19/1/2019 3:00,21.60043512
19/1/2019 4:00,21.54725035
19/1/2019 5:00,21.51604113
19/1/2019 6:00,21.3894708
19/1/2019 7:00,21.32868617
19/1/2019 8:00,21.42809159
19/1/2019 9:00,21.47165543
19/1/2019 10:00,21.52930641
19/1/2019 11:00,21.4390093
19/1/2019 12:00,21.47886627
19/1/2019 13:00,21.46593638
19/1/2019 14:00,21.3305351
19/1/2019 15:00,21.2760369
19/1/2019 16:00,21.24158048
19/1/2019 17:00,21.39252954
19/1/2019 18:00,21.19646868
19/1/2019 19:00,21.09475592
19/1/2019 20:00,21.19525705
19/1/2019 21:00,21.22433273
19/1/2019 22:00,21.3491025
19/1/2019 23:00,21.45090228
20/1/2019 0:00,21.52126116
20/1/2019 1:00,21.5778797
20/1/2019 2:00,21.59677304
20/1/2019 3:00,21.6199253
20/1/2019 4:00,21.54179604
20/1/2019 5:00,21.4894623
20/1/2019 6:00,21.36622516
20/1/2019 7:00,21.32283456
20/1/2019 8:00,21.43896107
20/1/2019 9:00,21.4757811
20/1/2019 10:00,21.47781932
20/1/2019 11:00,21.42148848
20/1/2019 12:00,21.46325955
20/1/2019 13:00,21.49088425
20/1/2019 14:00,21.34655976
20/1/2019 15:00,21.31323142
20/1/2019 16:00,21.26995059
20/1/2019 17:00,21.33833831
20/1/2019 18:00,21.14842239
20/1/2019 19:00,21.1313514
20/1/2019 20:00,21.14998848
20/1/2019 21:00,21.22948702
20/1/2019 22:00,21.26385197
20/1/2019 23:00,21.41174889
21/1/2019 0:00,21.41608762
21/1/2019 1:00,21.48127278
21/1/2019 2:00,21.52494484
21/1/2019 3:00,21.50737153
21/1/2019 4:00,21.49256
21/1/2019 5:00,21.41077296
21/1/2019 6:00,21.23060854
21/1/2019 7:00,21.21801083
21/1/2019 8:00,21.27323273
21/1/2019 9:00,21.33444305
21/1/2019 10:00,21.37624471
21/1/2019 11:00,21.27673309
21/1/2019 12:00,21.32937128
21/1/2019 13:00,21.38365079
21/1/2019 14:00,21.15414874
21/1/2019 15:00,21.07604632
21/1/2019 16:00,21.1006548
21/1/2019 17:00,21.24102421
21/1/2019 18:00,21.05773355
21/1/2019 19:00,20.99396478
21/1/2019 20:00,20.96313372
21/1/2019 21:00,21.01894207
21/1/2019 22:00,21.23638339
21/1/2019 23:00,21.30005518
22/1/2019 0:00,21.42720375
22/1/2019 1:00,21.47204679
22/1/2019 2:00,21.50603053
22/1/2019 3:00,21.52675076
22/1/2019 4:00,21.47712452
22/1/2019 5:00,21.39761295
22/1/2019 6:00,21.20532769
22/1/2019 7:00,21.1886801
22/1/2019 8:00,21.32087753
22/1/2019 9:00,21.37651889
22/1/2019 10:00,21.38914772
22/1/2019 11:00,21.29461463
22/1/2019 12:00,21.31876297
22/1/2019 13:00,21.38608091
22/1/2019 14:00,21.19460416
22/1/2019 15:00,21.06864616
22/1/2019 16:00,21.12023216
22/1/2019 17:00,21.21951118
22/1/2019 18:00,21.05062331
22/1/2019 19:00,20.92335728
22/1/2019 20:00,21.02147
22/1/2019 21:00,21.13702292
22/1/2019 22:00,21.2427777
22/1/2019 23:00,21.31257242
23/1/2019 0:00,21.40783826
23/1/2019 1:00,21.48026418
23/1/2019 2:00,21.48303373
23/1/2019 3:00,21.54121113
23/1/2019 4:00,21.47932339
23/1/2019 5:00,21.40607315
23/1/2019 6:00,21.2307535
23/1/2019 7:00,21.18481605
23/1/2019 8:00,21.33515486
23/1/2019 9:00,21.36349162
23/1/2019 10:00,21.3523599
23/1/2019 11:00,21.32486663
23/1/2019 12:00,21.30991938
23/1/2019 13:00,21.38908027
23/1/2019 14:00,21.18111926
23/1/2019 15:00,21.04551042
23/1/2019 16:00,21.14582444
23/1/2019 17:00,21.25629982
23/1/2019 18:00,21.00916834
23/1/2019 19:00,20.95136312
23/1/2019 20:00,20.98232537
23/1/2019 21:00,21.09895397
23/1/2019 22:00,21.19483676
23/1/2019 23:00,21.31752284
24/1/2019 0:00,21.38849413
24/1/2019 1:00,21.45742813
24/1/2019 2:00,21.48866036
24/1/2019 3:00,21.51854626
24/1/2019 4:00,21.48740813
24/1/2019 5:00,21.38873912
24/1/2019 6:00,21.20190583
24/1/2019 7:00,21.19777755
24/1/2019 8:00,21.30568413
24/1/2019 9:00,21.30499864
24/1/2019 10:00,21.35542762
24/1/2019 11:00,21.32109504
24/1/2019 12:00,21.30118473
24/1/2019 13:00,21.37096847
24/1/2019 14:00,21.25420604
24/1/2019 15:00,21.12236163
24/1/2019 16:00,21.12555397
24/1/2019 17:00,21.24417848
24/1/2019 18:00,21.02786454
24/1/2019 19:00,20.88323101
24/1/2019 20:00,20.98385323
24/1/2019 21:00,21.086731
24/1/2019 22:00,21.17400975
24/1/2019 23:00,21.36735934
25/1/2019 0:00,21.40835145
25/1/2019 1:00,21.44723766
25/1/2019 2:00,21.52256145
25/1/2019 3:00,21.49027748
25/1/2019 4:00,21.47155914
25/1/2019 5:00,21.38835431
25/1/2019 6:00,21.19532634
25/1/2019 7:00,21.12206451
25/1/2019 8:00,21.31017543
25/1/2019 9:00,21.34908704
25/1/2019 10:00,21.38611869
25/1/2019 11:00,21.33438003
25/1/2019 12:00,21.31040319
25/1/2019 13:00,21.38277701
25/1/2019 14:00,21.19460553
25/1/2019 15:00,21.10665616
25/1/2019 16:00,21.04669266
25/1/2019 17:00,21.22447824
25/1/2019 18:00,20.99373954
25/1/2019 19:00,20.96246028
25/1/2019 20:00,21.00445817
25/1/2019 21:00,21.11084576
25/1/2019 22:00,21.20970239
25/1/2019 23:00,21.30457026
26/1/2019 0:00,21.50575002
26/1/2019 1:00,21.57600084
26/1/2019 2:00,21.57432754
26/1/2019 3:00,21.58076894
26/1/2019 4:00,21.56695126
26/1/2019 5:00,21.45480098
26/1/2019 6:00,21.36794191
26/1/2019 7:00,21.3564094
26/1/2019 8:00,21.47207178
26/1/2019 9:00,21.44084405
26/1/2019 10:00,21.47546667
26/1/2019 11:00,21.436811
26/1/2019 12:00,21.44444259
26/1/2019 13:00,21.49905105
26/1/2019 14:00,21.27737032
26/1/2019 15:00,21.24343333
26/1/2019 16:00,21.21954056
26/1/2019 17:00,21.34982883
26/1/2019 18:00,21.18118955
26/1/2019 19:00,21.11699058
26/1/2019 20:00,21.18960754
26/1/2019 21:00,21.22520382
26/1/2019 22:00,21.29218192
26/1/2019 23:00,21.40711759
27/1/2019 0:00,21.4907211
27/1/2019 1:00,21.56917037
27/1/2019 2:00,21.60364063
27/1/2019 3:00,21.60349979
27/1/2019 4:00,21.57274496
27/1/2019 5:00,21.46954215
27/1/2019 6:00,21.38921815
27/1/2019 7:00,21.29043271
27/1/2019 8:00,21.43911262
27/1/2019 9:00,21.47934717
27/1/2019 10:00,21.50874215
27/1/2019 11:00,21.47172694
27/1/2019 12:00,21.43466789
27/1/2019 13:00,21.47724686
27/1/2019 14:00,21.37000515
27/1/2019 15:00,21.28486394
27/1/2019 16:00,21.2358227
27/1/2019 17:00,21.33013016
27/1/2019 18:00,21.2019983
27/1/2019 19:00,21.1693624
27/1/2019 20:00,21.1738338
27/1/2019 21:00,21.24508737
27/1/2019 22:00,21.40002277
27/1/2019 23:00,21.43579507
28/1/2019 0:00,21.41827908
28/1/2019 1:00,21.4487113
28/1/2019 2:00,21.4603835
28/1/2019 3:00,21.49059017
28/1/2019 4:00,21.48321381
28/1/2019 5:00,21.40374774
28/1/2019 6:00,21.14163744
28/1/2019 7:00,21.18365441
28/1/2019 8:00,21.312718
28/1/2019 9:00,21.35453087
28/1/2019 10:00,21.37056335
28/1/2019 11:00,21.31637641
28/1/2019 12:00,21.34414342
28/1/2019 13:00,21.37448566
28/1/2019 14:00,21.19665593
28/1/2019 15:00,21.1074475
28/1/2019 16:00,21.08661454
28/1/2019 17:00,21.23134962
28/1/2019 18:00,21.03700516
28/1/2019 19:00,20.88949565
28/1/2019 20:00,21.08636954
28/1/2019 21:00,21.04502941
28/1/2019 22:00,21.16231317
28/1/2019 23:00,21.36402533
29/1/2019 0:00,21.42065597
29/1/2019 1:00,21.46976726
29/1/2019 2:00,21.52123639
29/1/2019 3:00,21.52518735
29/1/2019 4:00,21.49934751
29/1/2019 5:00,21.33997038
29/1/2019 6:00,21.18695987
29/1/2019 7:00,21.14905216
29/1/2019 8:00,21.29517431
29/1/2019 9:00,21.38022907
29/1/2019 10:00,21.38681015
29/1/2019 11:00,21.29988161
29/1/2019 12:00,21.35942858
29/1/2019 13:00,21.34479158
29/1/2019 14:00,21.2022532
29/1/2019 15:00,21.10264811
29/1/2019 16:00,21.04033839
29/1/2019 17:00,21.22219339
29/1/2019 18:00,21.04054717
29/1/2019 19:00,20.9020086
29/1/2019 20:00,21.03241703
29/1/2019 21:00,21.06017568
29/1/2019 22:00,21.18063863
29/1/2019 23:00,21.32125992
30/1/2019 0:00,21.40642447
30/1/2019 1:00,21.48709117
30/1/2019 2:00,21.47769568
30/1/2019 3:00,21.51442544
30/1/2019 4:00,21.48808144
30/1/2019 5:00,21.35568739
30/1/2019 6:00,21.23219963
30/1/2019 7:00,21.22560848
30/1/2019 8:00,21.35151061
30/1/2019 9:00,21.33959501
30/1/2019 10:00,21.40469053
30/1/2019 11:00,21.26918728
30/1/2019 12:00,21.38136
30/1/2019 13:00,21.32306815
30/1/2019 14:00,21.19082957
30/1/2019 15:00,21.09520533
30/1/2019 16:00,21.08326543
30/1/2019 17:00,21.224365
30/1/2019 18:00,21.02973908
30/1/2019 19:00,20.90404166
30/1/2019 20:00,20.99120023
30/1/2019 21:00,21.07498968
30/1/2019 22:00,21.20744421
30/1/2019 23:00,21.31512437
31/1/2019 0:00,21.40681473
31/1/2019 1:00,21.49612268
31/1/2019 2:00,21.52013026
31/1/2019 3:00,21.49756089
31/1/2019 4:00,21.47477671
31/1/2019 5:00,21.38319939
31/1/2019 6:00,21.21228011
31/1/2019 7:00,21.17701771
31/1/2019 8:00,21.32775128
31/1/2019 9:00,21.37308203
31/1/2019 10:00,21.37118256
31/1/2019 11:00,21.33763627
31/1/2019 12:00,21.32075926
31/1/2019 13:00,21.40263032
31/1/2019 14:00,21.1675121
31/1/2019 15:00,21.07716455
31/1/2019 16:00,21.05713627
31/1/2019 17:00,21.20856816
31/1/2019 18:00,20.97267247
31/1/2019 19:00,20.90726809
31/1/2019 20:00,21.05855503
31/1/2019 21:00,21.12038329
31/1/2019 22:00,21.21475375
31/1/2019 23:00,21.31310685
1/2/2019 0:00,21.40234632
1/2/2019 1:00,21.47674746
1/2/2019 2:00,21.49147916
1/2/2019 3:00,21.52478032
1/2/2019 4:00,21.48978378
1/2/2019 5:00,21.4104261
1/2/2019 6:00,21.2382265
1/2/2019 7:00,21.22453025
1/2/2019 8:00,21.33746773
1/2/2019 9:00,21.32912823
1/2/2019 10:00,21.39677476
1/2/2019 11:00,21.24679003
1/2/2019 12:00,21.31817403
1/2/2019 13:00,21.35807097
1/2/2019 14:00,21.22097956
1/2/2019 15:00,21.06882538
1/2/2019 16:00,21.08253703
1/2/2019 17:00,21.23095263
1/2/2019 18:00,20.9426047
1/2/2019 19:00,20.94749352
1/2/2019 20:00,20.95541232
1/2/2019 21:00,21.10210231
1/2/2019 22:00,21.19824257
1/2/2019 23:00,21.27064657
2/2/2019 0:00,21.53058652
2/2/2019 1:00,21.53048166
2/2/2019 2:00,21.576882
2/2/2019 3:00,21.61019265
2/2/2019 4:00,21.56340337
2/2/2019 5:00,21.47183185
2/2/2019 6:00,21.33555626
2/2/2019 7:00,21.36553078
2/2/2019 8:00,21.45119987
2/2/2019 9:00,21.47579374
2/2/2019 10:00,21.4904778
2/2/2019 11:00,21.4237583
2/2/2019 12:00,21.44813467
2/2/2019 13:00,21.50512425
2/2/2019 14:00,21.32983991
2/2/2019 15:00,21.23400503
2/2/2019 16:00,21.21182635
2/2/2019 17:00,21.34442467
2/2/2019 18:00,21.17126269
2/2/2019 19:00,21.10984002
2/2/2019 20:00,21.16874579
2/2/2019 21:00,21.28210174
2/2/2019 22:00,21.32648177
2/2/2019 23:00,21.43043224
3/2/2019 0:00,21.51446648
3/2/2019 1:00,21.5818916
3/2/2019 2:00,21.6050808
3/2/2019 3:00,21.58541344
3/2/2019 4:00,21.57428775
3/2/2019 5:00,21.47730907
3/2/2019 6:00,21.349338
3/2/2019 7:00,21.32897098
3/2/2019 8:00,21.41832698
3/2/2019 9:00,21.48258914
3/2/2019 10:00,21.48840282
3/2/2019 11:00,21.44758028
3/2/2019 12:00,21.46165053
3/2/2019 13:00,21.48603999
3/2/2019 14:00,21.33507721
3/2/2019 15:00,21.26504889
3/2/2019 16:00,21.19486236
3/2/2019 17:00,21.39062594
3/2/2019 18:00,21.19995647
3/2/2019 19:00,21.13713791
3/2/2019 20:00,21.1247031
3/2/2019 21:00,21.2325524
3/2/2019 22:00,21.31227019
3/2/2019 23:00,21.46505523
4/2/2019 0:00,21.40768227
4/2/2019 1:00,21.44489308
4/2/2019 2:00,21.49343137
4/2/2019 3:00,21.4917013
4/2/2019 4:00,21.48797724
4/2/2019 5:00,21.34763655
4/2/2019 6:00,21.14924336
4/2/2019 7:00,21.19835594
4/2/2019 8:00,21.32607421
4/2/2019 9:00,21.32097335
4/2/2019 10:00,21.33966054
4/2/2019 11:00,21.32649335
4/2/2019 12:00,21.34125689
4/2/2019 13:00,21.3699043
4/2/2019 14:00,21.23618222
4/2/2019 15:00,21.12259892
4/2/2019 16:00,21.09992063
4/2/2019 17:00,21.25734237
4/2/2019 18:00,21.02964044
4/2/2019 19:00,20.93554107
4/2/2019 20:00,20.94151526
4/2/2019 21:00,21.11146708
4/2/2019 22:00,21.16966224
4/2/2019 23:00,21.3189392
5/2/2019 0:00,21.41441846
5/2/2019 1:00,21.44913342
5/2/2019 2:00,21.51592567
5/2/2019 3:00,21.50412007
5/2/2019 4:00,21.4748614
5/2/2019 5:00,21.36811288
5/2/2019 6:00,21.20481136
5/2/2019 7:00,21.11850093
5/2/2019 8:00,21.33147607
5/2/2019 9:00,21.36825994
5/2/2019 10:00,21.39076249
5/2/2019 11:00,21.32789385
5/2/2019 12:00,21.34712356
5/2/2019 13:00,21.33605906
5/2/2019 14:00,21.15760456
5/2/2019 15:00,21.11219468
5/2/2019 16:00,21.09491678
5/2/2019 17:00,21.22436672
5/2/2019 18:00,21.04693648
5/2/2019 19:00,20.92109844
5/2/2019 20:00,20.98813701
5/2/2019 21:00,21.12786661
5/2/2019 22:00,21.15384589
5/2/2019 23:00,21.27003532
6/2/2019 0:00,21.42639907
6/2/2019 1:00,21.4700877
6/2/2019 2:00,21.48962729
6/2/2019 3:00,21.50499145
6/2/2019 4:00,21.46541388
6/2/2019 5:00,21.33420132
6/2/2019 6:00,21.21766758
6/2/2019 7:00,21.21050527
6/2/2019 8:00,21.34912705
6/2/2019 9:00,21.37248785
6/2/2019 10:00,21.37681652
6/2/2019 11:00,21.26877055
6/2/2019 12:00,21.34375618
6/2/2019 13:00,21.35818988
6/2/2019 14:00,21.19824728
6/2/2019 15:00,21.05523015
6/2/2019 16:00,20.98432048
6/2/2019 17:00,21.25085043
6/2/2019 18:00,21.04483939
6/2/2019 19:00,20.90618737
6/2/2019 20:00,20.97158372
6/2/2019 21:00,21.0209439
6/2/2019 22:00,21.18089589
6/2/2019 23:00,21.32246788
7/2/2019 0:00,21.4007917
7/2/2019 1:00,21.44056724
7/2/2019 2:00,21.47963237
7/2/2019 3:00,21.5018508
7/2/2019 4:00,21.45757325
7/2/2019 5:00,21.35300042
7/2/2019 6:00,21.17461822
7/2/2019 7:00,21.16949429
7/2/2019 8:00,21.31947349
7/2/2019 9:00,21.35200117
7/2/2019 10:00,21.34842751
7/2/2019 11:00,21.33397549
7/2/2019 12:00,21.32209243
7/2/2019 13:00,21.37258092
7/2/2019 14:00,21.1968745
7/2/2019 15:00,21.05222443
7/2/2019 16:00,21.0606387
7/2/2019 17:00,21.23523941
7/2/2019 18:00,21.07388517
7/2/2019 19:00,20.91699096
7/2/2019 20:00,20.97284264
7/2/2019 21:00,21.01083608
7/2/2019 22:00,21.20588127
7/2/2019 23:00,21.30841497
8/2/2019 0:00,21.40805835
8/2/2019 1:00,21.43130658
8/2/2019 2:00,21.49674871
8/2/2019 3:00,21.50599874
8/2/2019 4:00,21.46638656
8/2/2019 5:00,21.37493615
8/2/2019 6:00,21.225095
8/2/2019 7:00,21.18260293
8/2/2019 8:00,21.28904659
8/2/2019 9:00,21.3797579
8/2/2019 10:00,21.37325506
8/2/2019 11:00,21.33126639
8/2/2019 12:00,21.30215506
8/2/2019 13:00,21.39923543
8/2/2019 14:00,21.21407485
8/2/2019 15:00,21.08152893
8/2/2019 16:00,21.01623485
8/2/2019 17:00,21.23871019
8/2/2019 18:00,21.04703589
8/2/2019 19:00,20.87579032
8/2/2019 20:00,21.04504642
8/2/2019 21:00,21.14948786
8/2/2019 22:00,21.18493138
8/2/2019 23:00,21.32593396
9/2/2019 0:00,21.53765353
9/2/2019 1:00,21.54887877
9/2/2019 2:00,21.58420155
9/2/2019 3:00,21.61021735
9/2/2019 4:00,21.59436162
9/2/2019 5:00,21.47371579
9/2/2019 6:00,21.33489662
9/2/2019 7:00,21.33196648
9/2/2019 8:00,21.3993925
9/2/2019 9:00,21.49342391
9/2/2019 10:00,21.51943761
9/2/2019 11:00,21.45215152
9/2/2019 12:00,21.4534313
9/2/2019 13:00,21.47499284
9/2/2019 14:00,21.34603672
9/2/2019 15:00,21.24250143
9/2/2019 16:00,21.26309514
9/2/2019 17:00,21.33738211
9/2/2019 18:00,21.19701559
9/2/2019 19:00,21.08982069
9/2/2019 20:00,21.15677337
9/2/2019 21:00,21.22559727
9/2/2019 22:00,21.3231758
9/2/2019 23:00,21.42551707
10/2/2019 0:00,21.50780239
10/2/2019 1:00,21.5385378
10/2/2019 2:00,21.58494723
10/2/2019 3:00,21.59069568
10/2/2019 4:00,21.57510021
10/2/2019 5:00,21.46302828
10/2/2019 6:00,21.36568427
10/2/2019 7:00,21.28626156
10/2/2019 8:00,21.43876467
10/2/2019 9:00,21.50070358
10/2/2019 10:00,21.48765618
10/2/2019 11:00,21.45204963
10/2/2019 12:00,21.43534292
10/2/2019 13:00,21.49271769
10/2/2019 14:00,21.35111529
10/2/2019 15:00,21.30282566
10/2/2019 16:00,21.24182494
10/2/2019 17:00,21.42550015
10/2/2019 18:00,21.23912961
10/2/2019 19:00,21.10068026
10/2/2019 20:00,21.14391424
10/2/2019 21:00,21.22643399
10/2/2019 22:00,21.35938181
10/2/2019 23:00,21.43566033
11/2/2019 0:00,21.41344263
11/2/2019 1:00,21.48526567
11/2/2019 2:00,21.46685403
11/2/2019 3:00,21.49512259
11/2/2019 4:00,21.48229459
11/2/2019 5:00,21.37849818
11/2/2019 6:00,21.20704042
11/2/2019 7:00,21.2458171
11/2/2019 8:00,21.32127283
11/2/2019 9:00,21.3713511
11/2/2019 10:00,21.39886269
11/2/2019 11:00,21.32028078
11/2/2019 12:00,21.28658705
11/2/2019 13:00,21.34798643
11/2/2019 14:00,21.21383807
11/2/2019 15:00,21.07462051
11/2/2019 16:00,21.02079094
11/2/2019 17:00,21.21156964
11/2/2019 18:00,21.02648616
11/2/2019 19:00,20.96740724
11/2/2019 20:00,20.97101895
11/2/2019 21:00,21.06725481
11/2/2019 22:00,21.17216368
11/2/2019 23:00,21.29829896
12/2/2019 0:00,21.3910143
12/2/2019 1:00,21.47299466
12/2/2019 2:00,21.47033565
12/2/2019 3:00,21.50747807
12/2/2019 4:00,21.43817748
12/2/2019 5:00,21.39445599
12/2/2019 6:00,21.16483055
12/2/2019 7:00,21.17857237
12/2/2019 8:00,21.32740464
12/2/2019 9:00,21.36388695
12/2/2019 10:00,21.37944596
12/2/2019 11:00,21.29796976
12/2/2019 12:00,21.31243025
12/2/2019 13:00,21.36944659
12/2/2019 14:00,21.18839017
12/2/2019 15:00,21.00984758
12/2/2019 16:00,20.99659333
12/2/2019 17:00,21.21956474
12/2/2019 18:00,21.02720951
12/2/2019 19:00,20.93967443
12/2/2019 20:00,20.97394791
12/2/2019 21:00,21.11224214
12/2/2019 22:00,21.20447023
12/2/2019 23:00,21.35422255
13/2/2019 0:00,21.40486832
13/2/2019 1:00,21.4496786
13/2/2019 2:00,21.50399196
13/2/2019 3:00,21.48244873
13/2/2019 4:00,21.50155398
13/2/2019 5:00,21.41170992
13/2/2019 6:00,21.20659707
13/2/2019 7:00,21.15597899
13/2/2019 8:00,21.27164838
13/2/2019 9:00,21.36461682
13/2/2019 10:00,21.35035399
13/2/2019 11:00,21.31373016
13/2/2019 12:00,21.33456374
13/2/2019 13:00,21.34193589
13/2/2019 14:00,21.17807818
13/2/2019 15:00,21.14242628
13/2/2019 16:00,21.0176017
13/2/2019 17:00,21.19889641
13/2/2019 18:00,21.04938577
13/2/2019 19:00,20.92968963
13/2/2019 20:00,20.97807855
13/2/2019 21:00,21.07147964
13/2/2019 22:00,21.21266898
13/2/2019 23:00,21.33004973
14/2/2019 0:00,21.41390972
14/2/2019 1:00,21.43930273
14/2/2019 2:00,21.48480975
14/2/2019 3:00,21.51779721
14/2/2019 4:00,21.46324052
14/2/2019 5:00,21.44246351
14/2/2019 6:00,21.18107106
14/2/2019 7:00,21.23663736
14/2/2019 8:00,21.32340328
14/2/2019 9:00,21.3810158
14/2/2019 10:00,21.40505448
14/2/2019 11:00,21.28404074
14/2/2019 12:00,21.34207138
14/2/2019 13:00,21.35473214
14/2/2019 14:00,21.19845949
14/2/2019 15:00,21.07730308
14/2/2019 16:00,21.0639092
14/2/2019 17:00,21.27093593
14/2/2019 18:00,20.99512315
14/2/2019 19:00,20.9618727
14/2/2019 20:00,21.04878086
14/2/2019 21:00,21.0933701
14/2/2019 22:00,21.15515937
14/2/2019 23:00,21.29306684
15/2/2019 0:00,21.42078282
15/2/2019 1:00,21.46933011
15/2/2019 2:00,21.50097572
15/2/2019 3:00,21.47329438
15/2/2019 4:00,21.47072523
15/2/2019 5:00,21.36950551
15/2/2019 6:00,21.1843457
15/2/2019 7:00,21.18034049
15/2/2019 8:00,21.32094456
15/2/2019 9:00,21.35940418
15/2/2019 10:00,21.37709148
15/2/2019 11:00,21.31394975
15/2/2019 12:00,21.31194636
15/2/2019 13:00,21.35763154
15/2/2019 14:00,21.16746705
15/2/2019 15:00,21.08338934
15/2/2019 16:00,21.05224372
15/2/2019 17:00,21.28547841
15/2/2019 18:00,20.9978026
15/2/2019 19:00,20.93147567
15/2/2019 20:00,20.96064803
15/2/2019 21:00,21.17152988
15/2/2019 22:00,21.1386392
15/2/2019 23:00,21.31713206
16/2/2019 0:00,21.4994401
16/2/2019 1:00,21.57795718
16/2/2019 2:00,21.57838075
16/2/2019 3:00,21.61771319
16/2/2019 4:00,21.58374347
16/2/2019 5:00,21.45409921
16/2/2019 6:00,21.35441998
16/2/2019 7:00,21.32196547
16/2/2019 8:00,21.41718854
16/2/2019 9:00,21.4607299
16/2/2019 10:00,21.48604167
16/2/2019 11:00,21.42882584
16/2/2019 12:00,21.40133039
16/2/2019 13:00,21.47803866
16/2/2019 14:00,21.33136784
16/2/2019 15:00,21.21820023
16/2/2019 16:00,21.1941462
16/2/2019 17:00,21.3414255
16/2/2019 18:00,21.17675399
16/2/2019 19:00,21.15845753
16/2/2019 20:00,21.11928072
16/2/2019 21:00,21.26839231
16/2/2019 22:00,21.32947645
16/2/2019 23:00,21.45011323
17/2/2019 0:00,21.52049158
17/2/2019 1:00,21.55519791
17/2/2019 2:00,21.58297826
17/2/2019 3:00,21.5951004
17/2/2019 4:00,21.54749217
17/2/2019 5:00,21.4815975
17/2/2019 6:00,21.35566058
17/2/2019 7:00,21.30474177
17/2/2019 8:00,21.41103762
17/2/2019 9:00,21.4955411
17/2/2019 10:00,21.47804216
17/2/2019 11:00,21.42256528
17/2/2019 12:00,21.45835043
17/2/2019 13:00,21.45241095
17/2/2019 14:00,21.34357885
17/2/2019 15:00,21.24826879
17/2/2019 16:00,21.23342981
17/2/2019 17:00,21.36981841
17/2/2019 18:00,21.22546905
17/2/2019 19:00,21.16745261
17/2/2019 20:00,21.12041294
17/2/2019 21:00,21.26041034
17/2/2019 22:00,21.35995628
17/2/2019 23:00,21.478686
18/2/2019 0:00,21.42695545
18/2/2019 1:00,21.48850764
18/2/2019 2:00,21.46425882
18/2/2019 3:00,21.49271374
18/2/2019 4:00,21.49125278
18/2/2019 5:00,21.32878126
18/2/2019 6:00,21.18568643
18/2/2019 7:00,21.19585251
18/2/2019 8:00,21.37565341
18/2/2019 9:00,21.30056233
18/2/2019 10:00,21.40743099
18/2/2019 11:00,21.35429994
18/2/2019 12:00,21.30590397
18/2/2019 13:00,21.30604245
18/2/2019 14:00,21.15775397
18/2/2019 15:00,21.07500383
18/2/2019 16:00,21.04750194
18/2/2019 17:00,21.21371271
18/2/2019 18:00,21.00307691
18/2/2019 19:00,20.9338402
18/2/2019 20:00,20.99154647
18/2/2019 21:00,21.08175767
18/2/2019 22:00,21.21836631
18/2/2019 23:00,21.32055879
19/2/2019 0:00,21.44934197
19/2/2019 1:00,21.46438435
19/2/2019 2:00,21.51342368
19/2/2019 3:00,21.53109669
19/2/2019 4:00,21.47460343
19/2/2019 5:00,21.34802419
19/2/2019 6:00,21.18743957
19/2/2019 7:00,21.23167948
19/2/2019 8:00,21.338895
19/2/2019 9:00,21.33278129
19/2/2019 10:00,21.398604
19/2/2019 11:00,21.31935155
19/2/2019 12:00,21.31786043
19/2/2019 13:00,21.38619238
19/2/2019 14:00,21.19492241
19/2/2019 15:00,21.13598357
19/2/2019 16:00,21.08689063
19/2/2019 17:00,21.22853736
19/2/2019 18:00,21.0816548
19/2/2019 19:00,20.92807158
19/2/2019 20:00,20.99582223
19/2/2019 21:00,21.0621951
19/2/2019 22:00,21.19098883
19/2/2019 23:00,21.28055514
20/2/2019 0:00,21.41070108
20/2/2019 1:00,21.47090949
20/2/2019 2:00,21.49268377
20/2/2019 3:00,21.50119603
20/2/2019 4:00,21.47711803
20/2/2019 5:00,21.37819256
20/2/2019 6:00,21.23213486
20/2/2019 7:00,21.20624844
20/2/2019 8:00,21.34933742
20/2/2019 9:00,21.3138024
20/2/2019 10:00,21.4045717
20/2/2019 11:00,21.33098344
20/2/2019 12:00,21.34879361
20/2/2019 13:00,21.34260791
20/2/2019 14:00,21.20641603
20/2/2019 15:00,21.05364489
20/2/2019 16:00,21.08952427
20/2/2019 17:00,21.2299365
20/2/2019 18:00,21.05638948
20/2/2019 19:00,20.86618968
20/2/2019 20:00,21.03608483
20/2/2019 21:00,21.06991639
20/2/2019 22:00,21.17949781
20/2/2019 23:00,21.30368281
21/2/2019 0:00,21.41730809
21/2/2019 1:00,21.46500497
21/2/2019 2:00,21.49415014
21/2/2019 3:00,21.51373722
21/2/2019 4:00,21.4595485
21/2/2019 5:00,21.32971924
21/2/2019 6:00,21.22815476
21/2/2019 7:00,21.22706794
21/2/2019 8:00,21.31759079
21/2/2019 9:00,21.29470415
21/2/2019 10:00,21.39463063
21/2/2019 11:00,21.27288263
21/2/2019 12:00,21.29035601
21/2/2019 13:00,21.37648541
21/2/2019 14:00,21.1816168
21/2/2019 15:00,21.04135007
21/2/2019 16:00,21.07980618
21/2/2019 17:00,21.24287222
21/2/2019 18:00,21.04792032
21/2/2019 19:00,20.98068817
21/2/2019 20:00,21.01754174
21/2/2019 21:00,21.11861978
21/2/2019 22:00,21.19630774
21/2/2019 23:00,21.3324363
22/2/2019 0:00,21.40839037
22/2/2019 1:00,21.49308818
22/2/2019 2:00,21.488786
22/2/2019 3:00,21.49591966
22/2/2019 4:00,21.51625515
22/2/2019 5:00,21.37075465
22/2/2019 6:00,21.17888988
22/2/2019 7:00,21.22233719
22/2/2019 8:00,21.27393128
22/2/2019 9:00,21.34562449
22/2/2019 10:00,21.39228867
22/2/2019 11:00,21.31507914
22/2/2019 12:00,21.3175607
22/2/2019 13:00,21.3616548
22/2/2019 14:00,21.1823155
22/2/2019 15:00,21.12260961
22/2/2019 16:00,21.0615648
22/2/2019 17:00,21.27508366
22/2/2019 18:00,21.03219977
22/2/2019 19:00,20.97668703
22/2/2019 20:00,21.02051444
22/2/2019 21:00,21.04042131
22/2/2019 22:00,21.166659
22/2/2019 23:00,21.29893222
23/2/2019 0:00,21.5389272
23/2/2019 1:00,21.5659312
23/2/2019 2:00,21.56890475
23/2/2019 3:00,21.59939815
23/2/2019 4:00,21.53603916
23/2/2019 5:00,21.48273005
23/2/2019 6:00,21.34553732
23/2/2019 7:00,21.33698486
23/2/2019 8:00,21.43511303
23/2/2019 9:00,21.47537008
23/2/2019 10:00,21.47638405
23/2/2019 11:00,21.41755112
23/2/2019 12:00,21.4686653
23/2/2019 13:00,21.50593962
23/2/2019 14:00,21.38436281
23/2/2019 15:00,21.23829708
23/2/2019 16:00,21.25942362
23/2/2019 17:00,21.41956879
23/2/2019 18:00,21.18378829
23/2/2019 19:00,21.04788053
23/2/2019 20:00,21.16688794
23/2/2019 21:00,21.215387
23/2/2019 22:00,21.33468224
23/2/2019 23:00,21.43670772
24/2/2019 0:00,21.50283815
24/2/2019 1:00,21.5654966
24/2/2019 2:00,21.58382945
24/2/2019 3:00,21.59663777
24/2/2019 4:00,21.58446055
24/2/2019 5:00,21.47146504
24/2/2019 6:00,21.3540552
24/2/2019 7:00,21.34789791
24/2/2019 8:00,21.42685653
24/2/2019 9:00,21.49012958
24/2/2019 10:00,21.48967057
24/2/2019 11:00,21.43795256
24/2/2019 12:00,21.43023727
24/2/2019 13:00,21.47046682
24/2/2019 14:00,21.34086342
24/2/2019 15:00,21.23007332
24/2/2019 16:00,21.19121036
24/2/2019 17:00,21.35848576
24/2/2019 18:00,21.19441727
24/2/2019 19:00,21.16357076
24/2/2019 20:00,21.19755343
24/2/2019 21:00,21.24595509
24/2/2019 22:00,21.35096854
24/2/2019 23:00,21.43851016
25/2/2019 0:00,21.41216047
25/2/2019 1:00,21.45199743
25/2/2019 2:00,21.49628553
25/2/2019 3:00,21.50222834
25/2/2019 4:00,21.47681841
25/2/2019 5:00,21.4230736
25/2/2019 6:00,21.23866975
25/2/2019 7:00,21.19178547
25/2/2019 8:00,21.34475847
25/2/2019 9:00,21.34090208
25/2/2019 10:00,21.3406716
25/2/2019 11:00,21.28294589
25/2/2019 12:00,21.33613479
25/2/2019 13:00,21.32839511
25/2/2019 14:00,21.19340401
25/2/2019 15:00,21.1039767
25/2/2019 16:00,21.08675067
25/2/2019 17:00,21.2450856
25/2/2019 18:00,21.04145637
25/2/2019 19:00,20.93785068
25/2/2019 20:00,20.98959968
25/2/2019 21:00,21.07967133
25/2/2019 22:00,21.18501763
25/2/2019 23:00,21.28478026
26/2/2019 0:00,21.3931455
26/2/2019 1:00,21.49169144
26/2/2019 2:00,21.542593
26/2/2019 3:00,21.4940868
26/2/2019 4:00,21.50425651
26/2/2019 5:00,21.38410841
26/2/2019 6:00,21.2450209
26/2/2019 7:00,21.23875652
26/2/2019 8:00,21.30140304
26/2/2019 9:00,21.33702853
26/2/2019 10:00,21.38878009
26/2/2019 11:00,21.37767686
26/2/2019 12:00,21.34408142
26/2/2019 13:00,21.35382152
26/2/2019 14:00,21.23958703
26/2/2019 15:00,21.08683837
26/2/2019 16:00,21.06717968
26/2/2019 17:00,21.22153609
26/2/2019 18:00,21.02448083
26/2/2019 19:00,20.97918357
26/2/2019 20:00,20.95377479
26/2/2019 21:00,21.08480645
26/2/2019 22:00,21.19802734
26/2/2019 23:00,21.33639789
27/2/2019 0:00,21.42279518
27/2/2019 1:00,21.47987992
27/2/2019 2:00,21.49819902
27/2/2019 3:00,21.4799417
27/2/2019 4:00,21.50435269
27/2/2019 5:00,21.41502794
27/2/2019 6:00,21.17215645
27/2/2019 7:00,21.19358952
27/2/2019 8:00,21.33143423
27/2/2019 9:00,21.33051948
27/2/2019 10:00,21.38951103
27/2/2019 11:00,21.26760789
27/2/2019 12:00,21.31424745
27/2/2019 13:00,21.37454743
27/2/2019 14:00,21.13549505
27/2/2019 15:00,21.11229589
27/2/2019 16:00,21.04229517
27/2/2019 17:00,21.22895807
27/2/2019 18:00,20.98487944
27/2/2019 19:00,20.8874064
27/2/2019 20:00,20.99403936
27/2/2019 21:00,21.10369671
27/2/2019 22:00,21.18437181
27/2/2019 23:00,21.33019757
28/2/2019 0:00,21.37045558
28/2/2019 1:00,21.45975317
28/2/2019 2:00,21.50179143
28/2/2019 3:00,21.50771278
28/2/2019 4:00,21.50387825
28/2/2019 5:00,21.40074472
28/2/2019 6:00,21.17964335
28/2/2019 7:00,21.20609314
28/2/2019 8:00,21.34038776
28/2/2019 9:00,21.34205343
28/2/2019 10:00,21.34780664
28/2/2019 11:00,21.2946361
28/2/2019 12:00,21.3053284
28/2/2019 13:00,21.37874327
28/2/2019 14:00,21.23636971
28/2/2019 15:00,21.04354506
28/2/2019 16:00,21.0754214
28/2/2019 17:00,21.24332008
28/2/2019 18:00,20.98399203
28/2/2019 19:00,20.92387792
28/2/2019 20:00,20.97939687
28/2/2019 21:00,21.01078026
28/2/2019 22:00,21.21527689
28/2/2019 23:00,21.2911779
1/3/2019 0:00,21.15903485
1/3/2019 1:00,21.22118029
1/3/2019 2:00,21.23405574
1/3/2019 3:00,21.2829834
1/3/2019 4:00,21.23619608
1/3/2019 5:00,21.08121499
1/3/2019 6:00,20.89846805
1/3/2019 7:00,20.88152204
1/3/2019 8:00,21.05762976
1/3/2019 9:00,21.13961709
1/3/2019 10:00,21.03861863
1/3/2019 11:00,21.05514219
1/3/2019 12:00,21.04858506
1/3/2019 13:00,21.09457835
1/3/2019 14:00,20.84451766
1/3/2019 15:00,20.67646871
1/3/2019 16:00,20.6396873
1/3/2019 17:00,20.93974366
1/3/2019 18:00,20.63733595
1/3/2019 19:00,20.49775649
1/3/2019 20:00,20.59512868
1/3/2019 21:00,20.6296831
1/3/2019 22:00,20.84471091
1/3/2019 23:00,21.00018631
2/3/2019 0:00,21.29019424
2/3/2019 1:00,21.33666683
2/3/2019 2:00,21.39731953
2/3/2019 3:00,21.44718785
2/3/2019 4:00,21.37288862
2/3/2019 5:00,21.28398134
2/3/2019 6:00,21.09113206
2/3/2019 7:00,21.02543528
2/3/2019 8:00,21.15611586
2/3/2019 9:00,21.23680726
2/3/2019 10:00,21.25262619
2/3/2019 11:00,21.13883867
2/3/2019 12:00,21.20163263
2/3/2019 13:00,21.17508944
2/3/2019 14:00,21.03478681
2/3/2019 15:00,20.99790004
2/3/2019 16:00,20.8746523
2/3/2019 17:00,21.09068534
2/3/2019 18:00,20.81000198
2/3/2019 19:00,20.73356712
2/3/2019 20:00,20.82704273
2/3/2019 21:00,20.9651226
2/3/2019 22:00,21.06329232
2/3/2019 23:00,21.21566662
3/3/2019 0:00,21.32086312
3/3/2019 1:00,21.35004651
3/3/2019 2:00,21.36506171
3/3/2019 3:00,21.41164058
3/3/2019 4:00,21.40832544
3/3/2019 5:00,21.25565292
3/3/2019 6:00,21.03582929
3/3/2019 7:00,21.06480856
3/3/2019 8:00,21.19533813
3/3/2019 9:00,21.23698921
3/3/2019 10:00,21.28200041
3/3/2019 11:00,21.16974021
3/3/2019 12:00,21.21219848
3/3/2019 13:00,21.23486692
3/3/2019 14:00,21.08364604
3/3/2019 15:00,20.94939174
3/3/2019 16:00,20.87641835
3/3/2019 17:00,21.11466784
3/3/2019 18:00,20.79291957
3/3/2019 19:00,20.77878938
3/3/2019 20:00,20.8124486
3/3/2019 21:00,20.88541433
3/3/2019 22:00,21.10257114
3/3/2019 23:00,21.24126145
4/3/2019 0:00,21.20537164
4/3/2019 1:00,21.19416495
4/3/2019 2:00,21.28755038
4/3/2019 3:00,21.23164623
4/3/2019 4:00,21.26530071
4/3/2019 5:00,21.10855849
4/3/2019 6:00,20.82553354
4/3/2019 7:00,20.76884733
4/3/2019 8:00,20.95151335
4/3/2019 9:00,21.03662166
4/3/2019 10:00,21.07133667
4/3/2019 11:00,20.99655506
4/3/2019 12:00,21.01466604
4/3/2019 13:00,21.10343754
4/3/2019 14:00,20.88921288
4/3/2019 15:00,20.7129016
4/3/2019 16:00,20.6865626
4/3/2019 17:00,20.93512106
4/3/2019 18:00,20.59714639
4/3/2019 19:00,20.46377554
4/3/2019 20:00,20.57893775
4/3/2019 21:00,20.63544108
4/3/2019 22:00,20.90800899
4/3/2019 23:00,21.03137374
5/3/2019 0:00,21.18171012
5/3/2019 1:00,21.27903276
5/3/2019 2:00,21.27550382
5/3/2019 3:00,21.29870861
5/3/2019 4:00,21.2104031
5/3/2019 5:00,21.09482308
5/3/2019 6:00,20.92359513
5/3/2019 7:00,20.77548608
5/3/2019 8:00,20.98102054
5/3/2019 9:00,21.05755742
5/3/2019 10:00,21.11133404
5/3/2019 11:00,21.0504027
5/3/2019 12:00,21.0538012
5/3/2019 13:00,21.0506108
5/3/2019 14:00,20.78184123
5/3/2019 15:00,20.64427842
5/3/2019 16:00,20.70118911
5/3/2019 17:00,20.96002005
5/3/2019 18:00,20.62301297
5/3/2019 19:00,20.60089092
5/3/2019 20:00,20.5676518
5/3/2019 21:00,20.70733605
5/3/2019 22:00,20.88184772
5/3/2019 23:00,21.07830151
6/3/2019 0:00,21.1456385
6/3/2019 1:00,21.24292015
6/3/2019 2:00,21.3034035
6/3/2019 3:00,21.36719747
6/3/2019 4:00,21.25113986
6/3/2019 5:00,21.0596299
6/3/2019 6:00,20.82096463
6/3/2019 7:00,20.86480555
6/3/2019 8:00,21.04228501
6/3/2019 9:00,21.06044775
6/3/2019 10:00,21.13510475
6/3/2019 11:00,21.00638495
6/3/2019 12:00,21.01490612
6/3/2019 13:00,21.04592
6/3/2019 14:00,20.86069053
6/3/2019 15:00,20.72179613
6/3/2019 16:00,20.71870328
6/3/2019 17:00,20.94913344
6/3/2019 18:00,20.6400946
6/3/2019 19:00,20.49347795
6/3/2019 20:00,20.53923057
6/3/2019 21:00,20.73623989
6/3/2019 22:00,20.8057373
6/3/2019 23:00,21.03397248
7/3/2019 0:00,21.16133326
7/3/2019 1:00,21.24873425
7/3/2019 2:00,21.33552043
7/3/2019 3:00,21.27357814
7/3/2019 4:00,21.23094835
7/3/2019 5:00,21.12288345
7/3/2019 6:00,20.88198062
7/3/2019 7:00,20.82829421
7/3/2019 8:00,21.07520439
7/3/2019 9:00,21.09296807
7/3/2019 10:00,21.07852961
7/3/2019 11:00,21.06009937
7/3/2019 12:00,21.03078679
7/3/2019 13:00,21.12852741
7/3/2019 14:00,20.8364039
7/3/2019 15:00,20.71112586
7/3/2019 16:00,20.74782688
7/3/2019 17:00,20.87236004
7/3/2019 18:00,20.6636885
7/3/2019 19:00,20.55279661
7/3/2019 20:00,20.57354669
7/3/2019 21:00,20.6500192
7/3/2019 22:00,20.90313901
7/3/2019 23:00,21.02280433
8/3/2019 0:00,21.14812704
8/3/2019 1:00,21.20964902
8/3/2019 2:00,21.26884609
8/3/2019 3:00,21.30483015
8/3/2019 4:00,21.27224327
8/3/2019 5:00,21.11158556
8/3/2019 6:00,20.92542115
8/3/2019 7:00,20.96215927
8/3/2019 8:00,21.00659596
8/3/2019 9:00,21.0460618
8/3/2019 10:00,21.17831045
8/3/2019 11:00,21.05178205
8/3/2019 12:00,21.0200178
8/3/2019 13:00,21.01876073
8/3/2019 14:00,20.85564375
8/3/2019 15:00,20.74457413
8/3/2019 16:00,20.68638113
8/3/2019 17:00,20.86614532
8/3/2019 18:00,20.65957583
8/3/2019 19:00,20.55224056
8/3/2019 20:00,20.60636004
8/3/2019 21:00,20.7428519
8/3/2019 22:00,20.85901425
8/3/2019 23:00,20.97023547
9/3/2019 0:00,21.29858235
9/3/2019 1:00,21.36926012
9/3/2019 2:00,21.40754776
9/3/2019 3:00,21.45277687
9/3/2019 4:00,21.36213373
9/3/2019 5:00,21.26916425
9/3/2019 6:00,21.07998994
9/3/2019 7:00,20.93884466
9/3/2019 8:00,21.18307926
9/3/2019 9:00,21.25799918
9/3/2019 10:00,21.27264585
9/3/2019 11:00,21.15540228
9/3/2019 12:00,21.20569198
9/3/2019 13:00,21.28514346
9/3/2019 14:00,21.02329092
9/3/2019 15:00,20.95762087
9/3/2019 16:00,20.83213388
9/3/2019 17:00,21.06909897
9/3/2019 18:00,20.87767446
9/3/2019 19:00,20.70788342
9/3/2019 20:00,20.81875314
9/3/2019 21:00,20.88837188
9/3/2019 22:00,21.04070983
9/3/2019 23:00,21.21554944
10/3/2019 0:00,21.32241585
10/3/2019 1:00,21.33995095
10/3/2019 2:00,21.40847676
10/3/2019 3:00,21.42842913
10/3/2019 4:00,21.40298422
10/3/2019 5:00,21.25619637
10/3/2019 6:00,21.00799172
10/3/2019 7:00,21.0808299
10/3/2019 8:00,21.19152625
10/3/2019 9:00,21.19942014
10/3/2019 10:00,21.26387699
10/3/2019 11:00,21.17604036
10/3/2019 12:00,21.23938902
10/3/2019 13:00,21.23516058
10/3/2019 14:00,21.06097298
10/3/2019 15:00,20.89719929
10/3/2019 16:00,20.85954128
10/3/2019 17:00,21.02273903
10/3/2019 18:00,20.83770472
10/3/2019 19:00,20.7482256
10/3/2019 20:00,20.81366689
10/3/2019 21:00,20.93298306
10/3/2019 22:00,21.0454734
10/3/2019 23:00,21.20003476
11/3/2019 0:00,21.15576613
11/3/2019 1:00,21.19266823
11/3/2019 2:00,21.29921475
11/3/2019 3:00,21.26717863
11/3/2019 4:00,21.21560005
11/3/2019 5:00,21.11786518
11/3/2019 6:00,20.96533654
11/3/2019 7:00,20.87268293
11/3/2019 8:00,20.97804709
11/3/2019 9:00,21.07695099
11/3/2019 10:00,21.13558867
11/3/2019 11:00,21.03464167
11/3/2019 12:00,21.01275823
11/3/2019 13:00,21.06763361
11/3/2019 14:00,20.86569077
11/3/2019 15:00,20.72829333
11/3/2019 16:00,20.69571654
11/3/2019 17:00,20.95209147
11/3/2019 18:00,20.55425627
11/3/2019 19:00,20.52824679
11/3/2019 20:00,20.52459643
11/3/2019 21:00,20.6334992
11/3/2019 22:00,20.82498508
11/3/2019 23:00,21.03935524
12/3/2019 0:00,21.14886328
12/3/2019 1:00,21.22912787
12/3/2019 2:00,21.29657737
12/3/2019 3:00,21.28756798
12/3/2019 4:00,21.28150316
12/3/2019 5:00,21.07766453
12/3/2019 6:00,20.90226962
12/3/2019 7:00,20.84052598
12/3/2019 8:00,21.01237645
12/3/2019 9:00,21.08430315
12/3/2019 10:00,21.08485067
12/3/2019 11:00,21.03310435
12/3/2019 12:00,21.01125126
12/3/2019 13:00,21.1283711
12/3/2019 14:00,20.85076607
12/3/2019 15:00,20.62508252
12/3/2019 16:00,20.72259714
12/3/2019 17:00,20.94254833
12/3/2019 18:00,20.60564837
12/3/2019 19:00,20.50295249
12/3/2019 20:00,20.56633102
12/3/2019 21:00,20.67920629
12/3/2019 22:00,20.83912459
12/3/2019 23:00,20.98757743
13/3/2019 0:00,21.14868459
13/3/2019 1:00,21.23501696
13/3/2019 2:00,21.2560898
13/3/2019 3:00,21.24815005
13/3/2019 4:00,21.2539144
13/3/2019 5:00,21.14417118
13/3/2019 6:00,20.84220314
13/3/2019 7:00,20.85244903
13/3/2019 8:00,21.0950142
13/3/2019 9:00,21.04753395
13/3/2019 10:00,21.11996638
13/3/2019 11:00,21.01940673
13/3/2019 12:00,21.0290065
13/3/2019 13:00,21.07773513
13/3/2019 14:00,20.82625616
13/3/2019 15:00,20.72945004
13/3/2019 16:00,20.65248421
13/3/2019 17:00,20.92632172
13/3/2019 18:00,20.59516915
13/3/2019 19:00,20.48095607
13/3/2019 20:00,20.62805944
13/3/2019 21:00,20.65279476
13/3/2019 22:00,20.8845575
13/3/2019 23:00,20.99772544
14/3/2019 0:00,21.14993274
14/3/2019 1:00,21.17849694
14/3/2019 2:00,21.27911972
14/3/2019 3:00,21.30438822
14/3/2019 4:00,21.25092617
14/3/2019 5:00,21.12355501
14/3/2019 6:00,20.85396074
14/3/2019 7:00,20.91102321
14/3/2019 8:00,21.0563846
14/3/2019 9:00,21.10922932
14/3/2019 10:00,21.0718458
14/3/2019 11:00,20.95614419
14/3/2019 12:00,21.04287751
14/3/2019 13:00,21.08879902
14/3/2019 14:00,20.85094498
14/3/2019 15:00,20.65731758
14/3/2019 16:00,20.71705177
14/3/2019 17:00,20.9073503
14/3/2019 18:00,20.58414694
14/3/2019 19:00,20.48672713
14/3/2019 20:00,20.57407489
14/3/2019 21:00,20.65655652
14/3/2019 22:00,20.9682901
14/3/2019 23:00,21.00210287
15/3/2019 0:00,21.17987286
15/3/2019 1:00,21.27806193
15/3/2019 2:00,21.26024018
15/3/2019 3:00,21.26132816
15/3/2019 4:00,21.25404147
15/3/2019 5:00,21.08490202
15/3/2019 6:00,20.82284303
15/3/2019 7:00,20.79437366
15/3/2019 8:00,20.96330816
15/3/2019 9:00,21.04938145
15/3/2019 10:00,21.09834982
15/3/2019 11:00,21.06929739
15/3/2019 12:00,21.04640494
15/3/2019 13:00,21.10984548
15/3/2019 14:00,20.76614715
15/3/2019 15:00,20.71589545
15/3/2019 16:00,20.66862922
15/3/2019 17:00,20.89521856
15/3/2019 18:00,20.62753835
15/3/2019 19:00,20.4263218
15/3/2019 20:00,20.61306962
15/3/2019 21:00,20.69222579
15/3/2019 22:00,20.892557
15/3/2019 23:00,21.06911345
16/3/2019 0:00,21.32163292
16/3/2019 1:00,21.36434315
16/3/2019 2:00,21.41052048
16/3/2019 3:00,21.43449682
16/3/2019 4:00,21.41299215
16/3/2019 5:00,21.26930044
16/3/2019 6:00,21.12232537
16/3/2019 7:00,21.01743006
16/3/2019 8:00,21.18616341
16/3/2019 9:00,21.27463785
16/3/2019 10:00,21.26727672
16/3/2019 11:00,21.20830664
16/3/2019 12:00,21.19780413
16/3/2019 13:00,21.20743875
16/3/2019 14:00,21.11358812
16/3/2019 15:00,20.9253782
16/3/2019 16:00,20.9062949
16/3/2019 17:00,21.0798813
16/3/2019 18:00,20.85197931
16/3/2019 19:00,20.79361085
16/3/2019 20:00,20.83429527
16/3/2019 21:00,20.94933095
16/3/2019 22:00,21.02143465
16/3/2019 23:00,21.19110834
17/3/2019 0:00,21.2595829
17/3/2019 1:00,21.36488271
17/3/2019 2:00,21.41655306
17/3/2019 3:00,21.45173888
17/3/2019 4:00,21.4217879
17/3/2019 5:00,21.30804591
17/3/2019 6:00,21.06565137
17/3/2019 7:00,21.02664725
17/3/2019 8:00,21.23486309
17/3/2019 9:00,21.21119697
17/3/2019 10:00,21.27241543
17/3/2019 11:00,21.18269675
17/3/2019 12:00,21.16137703
17/3/2019 13:00,21.22008715
17/3/2019 14:00,21.06080376
17/3/2019 15:00,20.96360356
17/3/2019 16:00,20.98281422
17/3/2019 17:00,21.12439811
17/3/2019 18:00,20.86849149
17/3/2019 19:00,20.803497
17/3/2019 20:00,20.82675355
17/3/2019 21:00,20.91709134
17/3/2019 22:00,21.06380727
17/3/2019 23:00,21.21002219
18/3/2019 0:00,21.15576045
18/3/2019 1:00,21.2164727
18/3/2019 2:00,21.30136491
18/3/2019 3:00,21.26039513
18/3/2019 4:00,21.25301585
18/3/2019 5:00,21.1136552
18/3/2019 6:00,20.85747033
18/3/2019 7:00,20.83789948
18/3/2019 8:00,20.98735912
18/3/2019 9:00,21.06443385
18/3/2019 10:00,21.1211382
18/3/2019 11:00,21.00248471
18/3/2019 12:00,21.07751297
18/3/2019 13:00,21.07872716
18/3/2019 14:00,20.85336485
18/3/2019 15:00,20.71612874
18/3/2019 16:00,20.67865148
18/3/2019 17:00,20.98492112
18/3/2019 18:00,20.65506223
18/3/2019 19:00,20.50732677
18/3/2019 20:00,20.57550376
18/3/2019 21:00,20.74612473
18/3/2019 22:00,20.81457758
18/3/2019 23:00,21.05391908
19/3/2019 0:00,21.1322508
19/3/2019 1:00,21.21687322
19/3/2019 2:00,21.28997212
19/3/2019 3:00,21.2512708
19/3/2019 4:00,21.28188762
19/3/2019 5:00,21.0859411
19/3/2019 6:00,20.84628108
19/3/2019 7:00,20.87338951
19/3/2019 8:00,20.97211764
19/3/2019 9:00,21.08205162
19/3/2019 10:00,21.09336569
19/3/2019 11:00,21.0067422
19/3/2019 12:00,21.04419677
19/3/2019 13:00,21.0572945
19/3/2019 14:00,20.82209262
19/3/2019 15:00,20.78698175
19/3/2019 16:00,20.61669965
19/3/2019 17:00,20.9789654
19/3/2019 18:00,20.58147168
19/3/2019 19:00,20.45510562
19/3/2019 20:00,20.63550721
19/3/2019 21:00,20.71894765
19/3/2019 22:00,20.90661687
19/3/2019 23:00,21.03208707
20/3/2019 0:00,21.16973621
20/3/2019 1:00,21.20729671
20/3/2019 2:00,21.23967536
20/3/2019 3:00,21.26077684
20/3/2019 4:00,21.26524587
20/3/2019 5:00,21.12066728
20/3/2019 6:00,20.94867923
20/3/2019 7:00,20.88043362
20/3/2019 8:00,20.98868672
20/3/2019 9:00,21.02286542
20/3/2019 10:00,21.14237352
20/3/2019 11:00,21.03705686
20/3/2019 12:00,21.04151567
20/3/2019 13:00,21.07627655
20/3/2019 14:00,20.88861887
20/3/2019 15:00,20.69384085
20/3/2019 16:00,20.70067612
20/3/2019 17:00,20.91985703
20/3/2019 18:00,20.60414026
20/3/2019 19:00,20.51168395
20/3/2019 20:00,20.60413617
20/3/2019 21:00,20.70565925
20/3/2019 22:00,20.8672035
20/3/2019 23:00,21.03728922
21/3/2019 0:00,21.16829327
21/3/2019 1:00,21.18501934
21/3/2019 2:00,21.25896162
21/3/2019 3:00,21.3030448
21/3/2019 4:00,21.23200281
21/3/2019 5:00,21.12449657
21/3/2019 6:00,20.83969636
21/3/2019 7:00,20.8349435
21/3/2019 8:00,21.02621349
21/3/2019 9:00,21.06159314
21/3/2019 10:00,21.15345181
21/3/2019 11:00,21.05581937
21/3/2019 12:00,21.08109785
21/3/2019 13:00,21.0808061
21/3/2019 14:00,20.78733126
21/3/2019 15:00,20.61280666
21/3/2019 16:00,20.64945314
21/3/2019 17:00,20.8999882
21/3/2019 18:00,20.71308779
21/3/2019 19:00,20.53933858
21/3/2019 20:00,20.62098523
21/3/2019 21:00,20.72820673
21/3/2019 22:00,20.87029822
21/3/2019 23:00,21.04071221
22/3/2019 0:00,21.21862489
22/3/2019 1:00,21.20815964
22/3/2019 2:00,21.30091222
22/3/2019 3:00,21.28969419
22/3/2019 4:00,21.19555253
22/3/2019 5:00,21.14247891
22/3/2019 6:00,20.98083903
22/3/2019 7:00,20.86003856
22/3/2019 8:00,20.98412841
22/3/2019 9:00,21.01155753
22/3/2019 10:00,21.14193781
22/3/2019 11:00,20.9990843
22/3/2019 12:00,21.05584259
22/3/2019 13:00,21.08717995
22/3/2019 14:00,20.7487279
22/3/2019 15:00,20.77649583
22/3/2019 16:00,20.66480366
22/3/2019 17:00,20.89985925
22/3/2019 18:00,20.57898766
22/3/2019 19:00,20.50706767
22/3/2019 20:00,20.5683788
22/3/2019 21:00,20.71810246
22/3/2019 22:00,20.85332821
22/3/2019 23:00,21.03638978
23/3/2019 0:00,21.29121425
23/3/2019 1:00,21.37193705
23/3/2019 2:00,21.39307571
23/3/2019 3:00,21.42055846
23/3/2019 4:00,21.35672571
23/3/2019 5:00,21.26848069
23/3/2019 6:00,21.1308877
23/3/2019 7:00,21.00160382
23/3/2019 8:00,21.21497323
23/3/2019 9:00,21.25264567
23/3/2019 10:00,21.27370112
23/3/2019 11:00,21.14529034
23/3/2019 12:00,21.2660291
23/3/2019 13:00,21.15700494
23/3/2019 14:00,21.01416379
23/3/2019 15:00,20.91933729
23/3/2019 16:00,20.90033274
23/3/2019 17:00,21.091105
23/3/2019 18:00,20.83998496
23/3/2019 19:00,20.73474772
23/3/2019 20:00,20.79913664
23/3/2019 21:00,20.91662066
23/3/2019 22:00,21.06291227
23/3/2019 23:00,21.19597329
24/3/2019 0:00,21.31135916
24/3/2019 1:00,21.33757548
24/3/2019 2:00,21.38838932
24/3/2019 3:00,21.48163751
24/3/2019 4:00,21.3671896
24/3/2019 5:00,21.26211662
24/3/2019 6:00,21.07480946
24/3/2019 7:00,21.055966
24/3/2019 8:00,21.15638872
24/3/2019 9:00,21.20877553
24/3/2019 10:00,21.27967712
24/3/2019 11:00,21.17481035
24/3/2019 12:00,21.23452153
24/3/2019 13:00,21.28211507
24/3/2019 14:00,21.07316753
24/3/2019 15:00,20.89909497
24/3/2019 16:00,20.8660622
24/3/2019 17:00,21.08696073
24/3/2019 18:00,20.83203432
24/3/2019 19:00,20.74019393
24/3/2019 20:00,20.84723448
24/3/2019 21:00,20.9039561
24/3/2019 22:00,21.03042224
24/3/2019 23:00,21.17042747
25/3/2019 0:00,21.12580122
25/3/2019 1:00,21.20923601
25/3/2019 2:00,21.26434776
25/3/2019 3:00,21.26892313
25/3/2019 4:00,21.25111363
25/3/2019 5:00,21.14132769
25/3/2019 6:00,20.89084182
25/3/2019 7:00,20.87812776
25/3/2019 8:00,21.04459106
25/3/2019 9:00,21.08000922
25/3/2019 10:00,21.12799031
25/3/2019 11:00,21.0267534
25/3/2019 12:00,21.10388155
25/3/2019 13:00,21.07731024
25/3/2019 14:00,20.85494702
25/3/2019 15:00,20.74705084
25/3/2019 16:00,20.64705982
25/3/2019 17:00,20.88295509
25/3/2019 18:00,20.70413708
25/3/2019 19:00,20.55040705
25/3/2019 20:00,20.62009188
25/3/2019 21:00,20.74226081
25/3/2019 22:00,20.8315526
25/3/2019 23:00,21.03137933
26/3/2019 0:00,21.16846087
26/3/2019 1:00,21.28274539
26/3/2019 2:00,21.25704553
26/3/2019 3:00,21.32657652
26/3/2019 4:00,21.24883132
26/3/2019 5:00,21.10570252
26/3/2019 6:00,20.83252175
26/3/2019 7:00,20.89916692
26/3/2019 8:00,21.12263899
26/3/2019 9:00,21.06784512
26/3/2019 10:00,21.04456155
26/3/2019 11:00,20.97187321
26/3/2019 12:00,21.03118132
26/3/2019 13:00,21.0978592
26/3/2019 14:00,20.81841468
26/3/2019 15:00,20.74556924
26/3/2019 16:00,20.64621868
26/3/2019 17:00,20.89407693
26/3/2019 18:00,20.58018103
26/3/2019 19:00,20.37225932
26/3/2019 20:00,20.56432113
26/3/2019 21:00,20.72327518
26/3/2019 22:00,20.86476744
26/3/2019 23:00,21.08413115
27/3/2019 0:00,21.18106278
27/3/2019 1:00,21.23957391
27/3/2019 2:00,21.28683766
27/3/2019 3:00,21.29186452
27/3/2019 4:00,21.272107
27/3/2019 5:00,21.07971925
27/3/2019 6:00,20.884531
27/3/2019 7:00,20.84065387
27/3/2019 8:00,21.01713282
27/3/2019 9:00,21.05095122
27/3/2019 10:00,21.05688177
27/3/2019 11:00,21.02541604
27/3/2019 12:00,21.04040364
27/3/2019 13:00,21.07242015
27/3/2019 14:00,20.88492377
27/3/2019 15:00,20.72466465
27/3/2019 16:00,20.68217025
27/3/2019 17:00,20.87843636
27/3/2019 18:00,20.61735106
27/3/2019 19:00,20.50224592
27/3/2019 20:00,20.54225069
27/3/2019 21:00,20.70688454
27/3/2019 22:00,20.84861568
27/3/2019 23:00,21.02833917
28/3/2019 0:00,21.15292343
28/3/2019 1:00,21.24427713
28/3/2019 2:00,21.33589323
28/3/2019 3:00,21.29902144
28/3/2019 4:00,21.2128042
28/3/2019 5:00,21.08572351
28/3/2019 6:00,20.8476281
28/3/2019 7:00,20.79584521
28/3/2019 8:00,21.01178999
28/3/2019 9:00,21.06257795
28/3/2019 10:00,21.11776139
28/3/2019 11:00,21.02297725
28/3/2019 12:00,21.01656047
28/3/2019 13:00,21.04423187
28/3/2019 14:00,20.86015819
28/3/2019 15:00,20.72994978
28/3/2019 16:00,20.67560927
28/3/2019 17:00,20.89445421
28/3/2019 18:00,20.69656027
28/3/2019 19:00,20.62731425
28/3/2019 20:00,20.60961163
28/3/2019 21:00,20.75461909
28/3/2019 22:00,20.88347937
28/3/2019 23:00,21.02983438
29/3/2019 0:00,21.17399089
29/3/2019 1:00,21.18899821
29/3/2019 2:00,21.26498282
29/3/2019 3:00,21.28816469
29/3/2019 4:00,21.2339785
29/3/2019 5:00,21.1492121
29/3/2019 6:00,20.84491387
29/3/2019 7:00,20.85105039
29/3/2019 8:00,20.9977376
29/3/2019 9:00,21.10866607
29/3/2019 10:00,21.15014978
29/3/2019 11:00,20.9852578
29/3/2019 12:00,21.02467854
29/3/2019 13:00,21.11253709
29/3/2019 14:00,20.88963107
29/3/2019 15:00,20.66068881
29/3/2019 16:00,20.73032722
29/3/2019 17:00,20.8561713
29/3/2019 18:00,20.67138987
29/3/2019 19:00,20.47979302
29/3/2019 20:00,20.59896506
29/3/2019 21:00,20.67416476
29/3/2019 22:00,20.88487331
29/3/2019 23:00,21.03033811
30/3/2019 0:00,21.30554366
30/3/2019 1:00,21.38636943
30/3/2019 2:00,21.38519997
30/3/2019 3:00,21.43073164
30/3/2019 4:00,21.38685366
30/3/2019 5:00,21.29283505
30/3/2019 6:00,21.1561503
30/3/2019 7:00,21.05056272
30/3/2019 8:00,21.1205339
30/3/2019 9:00,21.21409298
30/3/2019 10:00,21.25988716
30/3/2019 11:00,21.1939647
30/3/2019 12:00,21.20508587
30/3/2019 13:00,21.22863789
30/3/2019 14:00,21.08963129
30/3/2019 15:00,20.88696507
30/3/2019 16:00,20.87217703
30/3/2019 17:00,21.07885457
30/3/2019 18:00,20.84320519
30/3/2019 19:00,20.76113326
30/3/2019 20:00,20.79441683
30/3/2019 21:00,20.89803726
30/3/2019 22:00,21.06800822
30/3/2019 23:00,21.20787096
31/3/2019 0:00,21.30404055
31/3/2019 1:00,21.32806915
31/3/2019 2:00,21.42801619
31/3/2019 3:00,21.45076978
31/3/2019 4:00,21.37811206
31/3/2019 5:00,21.2658364
31/3/2019 6:00,21.06873385
31/3/2019 7:00,21.03575676
31/3/2019 8:00,21.19689459
31/3/2019 9:00,21.19585883
31/3/2019 10:00,21.30344292
31/3/2019 11:00,21.21228646
31/3/2019 12:00,21.2113898
31/3/2019 13:00,21.29037408
31/3/2019 14:00,21.05934542
31/3/2019 15:00,20.87050979
31/3/2019 16:00,20.90319907
31/3/2019 17:00,21.09721647
31/3/2019 18:00,20.90929417
31/3/2019 19:00,20.78790806
31/3/2019 20:00,20.83654913
31/3/2019 21:00,20.93167359
31/3/2019 22:00,21.01472486
31/3/2019 23:00,21.17597754
1/4/2019 0:00,21.19325975
1/4/2019 1:00,21.22178001
1/4/2019 2:00,21.26057399
1/4/2019 3:00,21.26717186
1/4/2019 4:00,21.20862677
1/4/2019 5:00,21.1454159
1/4/2019 6:00,20.91582977
1/4/2019 7:00,20.90056062
1/4/2019 8:00,21.03166411
1/4/2019 9:00,21.06183998
1/4/2019 10:00,21.07298219
1/4/2019 11:00,21.01996996
1/4/2019 12:00,21.05184798
1/4/2019 13:00,21.08051198
1/4/2019 14:00,20.88939242
1/4/2019 15:00,20.61898158
1/4/2019 16:00,20.75131161
1/4/2019 17:00,20.91249559
1/4/2019 18:00,20.53523346
1/4/2019 19:00,20.51166492
1/4/2019 20:00,20.59231286
1/4/2019 21:00,20.71659402
1/4/2019 22:00,20.87077326
1/4/2019 23:00,20.97871851
2/4/2019 0:00,21.22541432
2/4/2019 1:00,21.18679453
2/4/2019 2:00,21.30991429
2/4/2019 3:00,21.30232538
2/4/2019 4:00,21.26174023
2/4/2019 5:00,21.09612432
2/4/2019 6:00,20.94570927
2/4/2019 7:00,20.83075894
2/4/2019 8:00,20.9524309
2/4/2019 9:00,21.11971046
2/4/2019 10:00,21.09722504
2/4/2019 11:00,21.03907695
2/4/2019 12:00,21.02546222
2/4/2019 13:00,21.08349895
2/4/2019 14:00,20.87984439
2/4/2019 15:00,20.68784518
2/4/2019 16:00,20.59358024
2/4/2019 17:00,20.92450583
2/4/2019 18:00,20.59605718
2/4/2019 19:00,20.57706008
2/4/2019 20:00,20.62906517
2/4/2019 21:00,20.67994826
2/4/2019 22:00,20.80607127
2/4/2019 23:00,21.01293323
3/4/2019 0:00,21.16988343
3/4/2019 1:00,21.22849049
3/4/2019 2:00,21.30546673
3/4/2019 3:00,21.28056702
3/4/2019 4:00,21.22710172
3/4/2019 5:00,21.12813045
3/4/2019 6:00,20.90266278
3/4/2019 7:00,20.83666075
3/4/2019 8:00,21.0350592
3/4/2019 9:00,21.07641307
3/4/2019 10:00,21.03570536
3/4/2019 11:00,21.02406789
3/4/2019 12:00,21.05154672
3/4/2019 13:00,21.10465681
3/4/2019 14:00,20.82453241
3/4/2019 15:00,20.71762147
3/4/2019 16:00,20.7048039
3/4/2019 17:00,20.86789544
3/4/2019 18:00,20.56340342
3/4/2019 19:00,20.54224416
3/4/2019 20:00,20.67259177
3/4/2019 21:00,20.65627011
3/4/2019 22:00,20.89031686
3/4/2019 23:00,20.99831168
4/4/2019 0:00,21.21835635
4/4/2019 1:00,21.20422682
4/4/2019 2:00,21.30446103
4/4/2019 3:00,21.27741095
4/4/2019 4:00,21.25003674
4/4/2019 5:00,21.14353934
4/4/2019 6:00,20.90030029
4/4/2019 7:00,20.82072234
4/4/2019 8:00,21.01652129
4/4/2019 9:00,21.05487045
4/4/2019 10:00,21.03862942
4/4/2019 11:00,21.0686478
4/4/2019 12:00,20.98402506
4/4/2019 13:00,21.07969786
4/4/2019 14:00,20.88949042
4/4/2019 15:00,20.76865437
4/4/2019 16:00,20.68482124
4/4/2019 17:00,20.88359648
4/4/2019 18:00,20.63555284
4/4/2019 19:00,20.43564111
4/4/2019 20:00,20.65274234
4/4/2019 21:00,20.7013543
4/4/2019 22:00,20.91229093
4/4/2019 23:00,21.01266385
5/4/2019 0:00,21.13467667
5/4/2019 1:00,21.23988518
5/4/2019 2:00,21.34012247
5/4/2019 3:00,21.29070079
5/4/2019 4:00,21.23887953
5/4/2019 5:00,21.1017967
5/4/2019 6:00,20.8373761
5/4/2019 7:00,20.88706761
5/4/2019 8:00,20.99153947
5/4/2019 9:00,21.02942441
5/4/2019 10:00,21.1522534
5/4/2019 11:00,20.99810285
5/4/2019 12:00,21.05128635
5/4/2019 13:00,21.08070014
5/4/2019 14:00,20.83334358
5/4/2019 15:00,20.72360934
5/4/2019 16:00,20.700857
5/4/2019 17:00,20.9142087
5/4/2019 18:00,20.68004184
5/4/2019 19:00,20.56664418
5/4/2019 20:00,20.55051134
5/4/2019 21:00,20.75145499
5/4/2019 22:00,20.8378966
5/4/2019 23:00,21.00933891
6/4/2019 0:00,21.34905114
6/4/2019 1:00,21.37896501
6/4/2019 2:00,21.37537853
6/4/2019 3:00,21.44056119
6/4/2019 4:00,21.3920912
6/4/2019 5:00,21.25520119
6/4/2019 6:00,21.04951752
6/4/2019 7:00,21.05419148
6/4/2019 8:00,21.20852996
6/4/2019 9:00,21.19796948
6/4/2019 10:00,21.21316453
6/4/2019 11:00,21.15827713
6/4/2019 12:00,21.20436288
6/4/2019 13:00,21.26567026
6/4/2019 14:00,21.07814833
6/4/2019 15:00,20.90909546
6/4/2019 16:00,20.88383928
6/4/2019 17:00,21.05767097
6/4/2019 18:00,20.83494442
6/4/2019 19:00,20.82515746
6/4/2019 20:00,20.77914741
6/4/2019 21:00,20.95678274
6/4/2019 22:00,21.06898135
6/4/2019 23:00,21.18465362
7/4/2019 0:00,21.25724462
7/4/2019 1:00,21.29227629
7/4/2019 2:00,21.38810421
7/4/2019 3:00,21.42379516
7/4/2019 4:00,21.36989013
7/4/2019 5:00,21.24418431
7/4/2019 6:00,21.08475557
7/4/2019 7:00,20.98496031
7/4/2019 8:00,21.18347639
7/4/2019 9:00,21.22224237
7/4/2019 10:00,21.24211156
7/4/2019 11:00,21.17498684
7/4/2019 12:00,21.18362047
7/4/2019 13:00,21.26170491
7/4/2019 14:00,21.07112482
7/4/2019 15:00,20.97216366
7/4/2019 16:00,20.88730882
7/4/2019 17:00,21.08020814
7/4/2019 18:00,20.84264561
7/4/2019 19:00,20.6912335
7/4/2019 20:00,20.82170496
7/4/2019 21:00,20.89518871
7/4/2019 22:00,21.09197208
7/4/2019 23:00,21.20261816
8/4/2019 0:00,21.14029685
8/4/2019 1:00,21.2054092
8/4/2019 2:00,21.28093009
8/4/2019 3:00,21.29745671
8/4/2019 4:00,21.29042475
8/4/2019 5:00,21.12520976
8/4/2019 6:00,20.85094424
8/4/2019 7:00,20.8265985
8/4/2019 8:00,21.00467156
8/4/2019 9:00,21.0735517
8/4/2019 10:00,21.10284763
8/4/2019 11:00,21.03892706
8/4/2019 12:00,21.01619804
8/4/2019 13:00,21.0708561
8/4/2019 14:00,20.83533846
8/4/2019 15:00,20.73365193
8/4/2019 16:00,20.7736232
8/4/2019 17:00,20.87694172
8/4/2019 18:00,20.65187219
8/4/2019 19:00,20.5554369
8/4/2019 20:00,20.54983218
8/4/2019 21:00,20.71811852
8/4/2019 22:00,20.82258718
8/4/2019 23:00,21.00414916
9/4/2019 0:00,21.1406483
9/4/2019 1:00,21.26549098
9/4/2019 2:00,21.2422084
9/4/2019 3:00,21.28914455
9/4/2019 4:00,21.2601584
9/4/2019 5:00,21.10982476
9/4/2019 6:00,20.95266785
9/4/2019 7:00,20.83337008
9/4/2019 8:00,21.05681034
9/4/2019 9:00,21.11902358
9/4/2019 10:00,21.15090219
9/4/2019 11:00,20.97737691
9/4/2019 12:00,21.06073932
9/4/2019 13:00,21.03443072
9/4/2019 14:00,20.8757221
9/4/2019 15:00,20.78529387
9/4/2019 16:00,20.72618481
9/4/2019 17:00,20.87104139
9/4/2019 18:00,20.63681428
9/4/2019 19:00,20.53962104
9/4/2019 20:00,20.57549599
9/4/2019 21:00,20.67864935
9/4/2019 22:00,20.82035091
9/4/2019 23:00,20.9761707
10/4/2019 0:00,21.17125214
10/4/2019 1:00,21.26441081
10/4/2019 2:00,21.28399811
10/4/2019 3:00,21.28916878
10/4/2019 4:00,21.27583174
10/4/2019 5:00,21.1436379
10/4/2019 6:00,20.87192266
10/4/2019 7:00,20.85155807
10/4/2019 8:00,21.02068309
10/4/2019 9:00,21.09976845
10/4/2019 10:00,21.10974619
10/4/2019 11:00,21.04697287
10/4/2019 12:00,21.00770706
10/4/2019 13:00,21.04973942
10/4/2019 14:00,20.92503246
10/4/2019 15:00,20.74631678
10/4/2019 16:00,20.73830815
10/4/2019 17:00,20.93842892
10/4/2019 18:00,20.63344585
10/4/2019 19:00,20.58490673
10/4/2019 20:00,20.62740901
10/4/2019 21:00,20.74508072
10/4/2019 22:00,20.85573012
10/4/2019 23:00,21.02254703
11/4/2019 0:00,21.18185403
11/4/2019 1:00,21.22367187
11/4/2019 2:00,21.28741749
11/4/2019 3:00,21.30245023
11/4/2019 4:00,21.20616643
11/4/2019 5:00,21.07295328
11/4/2019 6:00,20.93452774
11/4/2019 7:00,20.81599573
11/4/2019 8:00,20.99327114
11/4/2019 9:00,21.11171788
11/4/2019 10:00,21.07643226
11/4/2019 11:00,20.96212112
11/4/2019 12:00,21.07661827
11/4/2019 13:00,21.11272475
11/4/2019 14:00,20.81205977
11/4/2019 15:00,20.69505209
11/4/2019 16:00,20.64811199
11/4/2019 17:00,20.90339876
11/4/2019 18:00,20.61138626
11/4/2019 19:00,20.57872633
11/4/2019 20:00,20.53278555
11/4/2019 21:00,20.6490909
11/4/2019 22:00,20.87267356
11/4/2019 23:00,21.02633412
12/4/2019 0:00,21.20553097
12/4/2019 1:00,21.21450841
12/4/2019 2:00,21.25867517
12/4/2019 3:00,21.29722183
12/4/2019 4:00,21.22070052
12/4/2019 5:00,21.12450449
12/4/2019 6:00,20.86334294
12/4/2019 7:00,20.88768653
12/4/2019 8:00,21.01921216
12/4/2019 9:00,21.07739017
12/4/2019 10:00,21.09202047
12/4/2019 11:00,21.02419489
12/4/2019 12:00,21.03800683
12/4/2019 13:00,21.05145279
12/4/2019 14:00,20.86436427
12/4/2019 15:00,20.77269972
12/4/2019 16:00,20.58809569
12/4/2019 17:00,20.86203554
12/4/2019 18:00,20.68954064
12/4/2019 19:00,20.47720055
12/4/2019 20:00,20.60733047
12/4/2019 21:00,20.68918255
12/4/2019 22:00,20.85235361
12/4/2019 23:00,21.03274081
13/4/2019 0:00,21.32586962
13/4/2019 1:00,21.37926107
13/4/2019 2:00,21.42104238
13/4/2019 3:00,21.43742494
13/4/2019 4:00,21.38326709
13/4/2019 5:00,21.28564422
13/4/2019 6:00,21.0527742
13/4/2019 7:00,20.99603706
13/4/2019 8:00,21.20713346
13/4/2019 9:00,21.22941514
13/4/2019 10:00,21.24625236
13/4/2019 11:00,21.17299523
13/4/2019 12:00,21.20417829
13/4/2019 13:00,21.22472097
13/4/2019 14:00,21.03526369
13/4/2019 15:00,20.97482039
13/4/2019 16:00,20.86611317
13/4/2019 17:00,21.0734814
13/4/2019 18:00,20.88994982
13/4/2019 19:00,20.76036121
13/4/2019 20:00,20.7939954
13/4/2019 21:00,20.92766882
13/4/2019 22:00,21.02153347
13/4/2019 23:00,21.1249049
14/4/2019 0:00,21.3259243
14/4/2019 1:00,21.39500579
14/4/2019 2:00,21.39466194
14/4/2019 3:00,21.40476007
14/4/2019 4:00,21.38690401
14/4/2019 5:00,21.22952952
14/4/2019 6:00,21.11755819
14/4/2019 7:00,21.02263102
14/4/2019 8:00,21.20813764
14/4/2019 9:00,21.18921055
14/4/2019 10:00,21.20678128
14/4/2019 11:00,21.20940788
14/4/2019 12:00,21.22308076
14/4/2019 13:00,21.22186591
14/4/2019 14:00,21.06605267
14/4/2019 15:00,20.93436491
14/4/2019 16:00,20.90345481
14/4/2019 17:00,21.16511301
14/4/2019 18:00,20.86124877
14/4/2019 19:00,20.79099365
14/4/2019 20:00,20.84128219
14/4/2019 21:00,20.86646381
14/4/2019 22:00,21.09732042
14/4/2019 23:00,21.16876388
15/4/2019 0:00,21.16888429
15/4/2019 1:00,21.23606131
15/4/2019 2:00,21.2530593
15/4/2019 3:00,21.28717594
15/4/2019 4:00,21.23534206
15/4/2019 5:00,21.08443022
15/4/2019 6:00,20.89790979
15/4/2019 7:00,20.87448707
15/4/2019 8:00,21.05916504
15/4/2019 9:00,21.1021837
15/4/2019 10:00,21.0092658
15/4/2019 11:00,20.97299622
15/4/2019 12:00,21.0854469
15/4/2019 13:00,21.12724529
15/4/2019 14:00,20.83643066
15/4/2019 15:00,20.68755284
15/4/2019 16:00,20.65398424
15/4/2019 17:00,20.92964335
15/4/2019 18:00,20.63584103
15/4/2019 19:00,20.49547068
15/4/2019 20:00,20.57905856
15/4/2019 21:00,20.79848228
15/4/2019 22:00,20.87268942
15/4/2019 23:00,21.05342437
16/4/2019 0:00,21.15556812
16/4/2019 1:00,21.1472207
16/4/2019 2:00,21.26393556
16/4/2019 3:00,21.30349521
16/4/2019 4:00,21.22605802
16/4/2019 5:00,21.09938365
16/4/2019 6:00,20.86911579
16/4/2019 7:00,20.82503854
16/4/2019 8:00,20.9510648
16/4/2019 9:00,21.11129464
16/4/2019 10:00,21.08716562
16/4/2019 11:00,21.04700684
16/4/2019 12:00,21.02012365
16/4/2019 13:00,21.11334329
16/4/2019 14:00,20.87116825
16/4/2019 15:00,20.72384159
16/4/2019 16:00,20.63368542
16/4/2019 17:00,20.88551107
16/4/2019 18:00,20.6876995
16/4/2019 19:00,20.50923828
16/4/2019 20:00,20.6172371
16/4/2019 21:00,20.75628153
16/4/2019 22:00,20.87219371
16/4/2019 23:00,21.03522562
17/4/2019 0:00,21.08936815
17/4/2019 1:00,21.21671663
17/4/2019 2:00,21.30872688
17/4/2019 3:00,21.30976337
17/4/2019 4:00,21.22342434
17/4/2019 5:00,21.04986551
17/4/2019 6:00,20.94557848
17/4/2019 7:00,20.92309382
17/4/2019 8:00,20.95690429
17/4/2019 9:00,21.06143434
17/4/2019 10:00,21.12944589
17/4/2019 11:00,20.99641948
17/4/2019 12:00,21.12723477
17/4/2019 13:00,21.08240986
17/4/2019 14:00,20.83869963
17/4/2019 15:00,20.66386715
17/4/2019 16:00,20.71492274
17/4/2019 17:00,20.91098988
17/4/2019 18:00,20.67254007
17/4/2019 19:00,20.49912865
17/4/2019 20:00,20.62613893
17/4/2019 21:00,20.71882799
17/4/2019 22:00,20.90236479
17/4/2019 23:00,21.00300182
18/4/2019 0:00,21.13551202
18/4/2019 1:00,21.23483693
18/4/2019 2:00,21.27239741
18/4/2019 3:00,21.33179045
18/4/2019 4:00,21.25832224
18/4/2019 5:00,21.11577865
18/4/2019 6:00,20.78484088
18/4/2019 7:00,20.89282871
18/4/2019 8:00,20.97057603
18/4/2019 9:00,21.04153148
18/4/2019 10:00,21.09348472
18/4/2019 11:00,20.95395604
18/4/2019 12:00,21.02575854
18/4/2019 13:00,21.07061276
18/4/2019 14:00,20.85606787
18/4/2019 15:00,20.65486693
18/4/2019 16:00,20.6263587
18/4/2019 17:00,20.94007898
18/4/2019 18:00,20.69088138
18/4/2019 19:00,20.52223625
18/4/2019 20:00,20.62157249
18/4/2019 21:00,20.70362503
18/4/2019 22:00,20.81567823
18/4/2019 23:00,21.04021635
19/4/2019 0:00,21.16196237
19/4/2019 1:00,21.22689655
19/4/2019 2:00,21.25156542
19/4/2019 3:00,21.35165565
19/4/2019 4:00,21.26642013
19/4/2019 5:00,21.10773607
19/4/2019 6:00,20.83939824
19/4/2019 7:00,20.86900568
19/4/2019 8:00,21.08501444
19/4/2019 9:00,21.05401975
19/4/2019 10:00,21.12147492
19/4/2019 11:00,21.05484853
19/4/2019 12:00,21.0589735
19/4/2019 13:00,21.08892732
19/4/2019 14:00,20.87804523
19/4/2019 15:00,20.80744519
19/4/2019 16:00,20.6346758
19/4/2019 17:00,20.87027893
19/4/2019 18:00,20.59954256
19/4/2019 19:00,20.56924876
19/4/2019 20:00,20.59286272
19/4/2019 21:00,20.70110849
19/4/2019 22:00,20.840521
19/4/2019 23:00,21.00242343
20/4/2019 0:00,21.32464818
20/4/2019 1:00,21.36162416
20/4/2019 2:00,21.39133996
20/4/2019 3:00,21.38929234
20/4/2019 4:00,21.36610818
20/4/2019 5:00,21.24673741
20/4/2019 6:00,21.07205598
20/4/2019 7:00,20.99674823
20/4/2019 8:00,21.17662794
20/4/2019 9:00,21.25763053
20/4/2019 10:00,21.22136954
20/4/2019 11:00,21.16647918
20/4/2019 12:00,21.21952273
20/4/2019 13:00,21.25748157
20/4/2019 14:00,21.04154696
20/4/2019 15:00,20.91262994
20/4/2019 16:00,20.89380459
20/4/2019 17:00,21.09406807
20/4/2019 18:00,20.79441725
20/4/2019 19:00,20.71673963
20/4/2019 20:00,20.81381761
20/4/2019 21:00,20.88509119
20/4/2019 22:00,21.09005115
20/4/2019 23:00,21.18048608
21/4/2019 0:00,21.26185664
21/4/2019 1:00,21.36847679
21/4/2019 2:00,21.41956131
21/4/2019 3:00,21.43364953
21/4/2019 4:00,21.40596857
21/4/2019 5:00,21.28742562
21/4/2019 6:00,21.08643292
21/4/2019 7:00,21.08834456
21/4/2019 8:00,21.18516352
21/4/2019 9:00,21.20630957
21/4/2019 10:00,21.27931942
21/4/2019 11:00,21.1384505
21/4/2019 12:00,21.18959623
21/4/2019 13:00,21.21448654
21/4/2019 14:00,21.07307028
21/4/2019 15:00,20.89882177
21/4/2019 16:00,20.94403501
21/4/2019 17:00,21.07649708
21/4/2019 18:00,20.85410956
21/4/2019 19:00,20.73862942
21/4/2019 20:00,20.86864339
21/4/2019 21:00,20.95298454
21/4/2019 22:00,21.03704458
21/4/2019 23:00,21.21841955
22/4/2019 0:00,21.14711769
22/4/2019 1:00,21.26552297
22/4/2019 2:00,21.25157202
22/4/2019 3:00,21.32640874
22/4/2019 4:00,21.23582601
22/4/2019 5:00,21.09498262
22/4/2019 6:00,20.91178581
22/4/2019 7:00,20.82593002
22/4/2019 8:00,21.01269002
22/4/2019 9:00,21.09246635
22/4/2019 10:00,21.13435382
22/4/2019 11:00,21.08303375
22/4/2019 12:00,21.02744517
22/4/2019 13:00,21.1343158
22/4/2019 14:00,20.85081071
22/4/2019 15:00,20.72248474
22/4/2019 16:00,20.64697153
22/4/2019 17:00,20.9303605
22/4/2019 18:00,20.64516039
22/4/2019 19:00,20.47507015
22/4/2019 20:00,20.56707996
22/4/2019 21:00,20.68685511
22/4/2019 22:00,20.84555432
22/4/2019 23:00,21.07632408
23/4/2019 0:00,21.13849808
23/4/2019 1:00,21.21184014
23/4/2019 2:00,21.29947478
23/4/2019 3:00,21.30176206
23/4/2019 4:00,21.25145114
23/4/2019 5:00,21.11837023
23/4/2019 6:00,20.87259473
23/4/2019 7:00,20.79182135
23/4/2019 8:00,20.98233731
23/4/2019 9:00,21.11484333
23/4/2019 10:00,21.08061766
23/4/2019 11:00,20.96720903
23/4/2019 12:00,21.02406709
23/4/2019 13:00,21.04741718
23/4/2019 14:00,20.77380933
23/4/2019 15:00,20.66334312
23/4/2019 16:00,20.66214761
23/4/2019 17:00,20.87746988
23/4/2019 18:00,20.62313165
23/4/2019 19:00,20.51080272
23/4/2019 20:00,20.60005904
23/4/2019 21:00,20.63163197
23/4/2019 22:00,20.89549828
23/4/2019 23:00,20.9733456
24/4/2019 0:00,21.1460417
24/4/2019 1:00,21.2663936
24/4/2019 2:00,21.26393125
24/4/2019 3:00,21.34800322
24/4/2019 4:00,21.23389126
24/4/2019 5:00,21.08698633
24/4/2019 6:00,20.90813804
24/4/2019 7:00,20.84549738
24/4/2019 8:00,20.95509329
24/4/2019 9:00,21.09132806
24/4/2019 10:00,21.13555962
24/4/2019 11:00,20.96381168
24/4/2019 12:00,20.97248421
24/4/2019 13:00,21.08274451
24/4/2019 14:00,20.81298088
24/4/2019 15:00,20.64652899
24/4/2019 16:00,20.70382708
24/4/2019 17:00,20.93390571
24/4/2019 18:00,20.57246058
24/4/2019 19:00,20.42683058
24/4/2019 20:00,20.55611905
24/4/2019 21:00,20.73961499
24/4/2019 22:00,20.78646427
24/4/2019 23:00,21.04268624
25/4/2019 0:00,21.17053043
25/4/2019 1:00,21.21917779
25/4/2019 2:00,21.23339379
25/4/2019 3:00,21.27433011
25/4/2019 4:00,21.23945741
25/4/2019 5:00,21.09998083
25/4/2019 6:00,20.88386651
25/4/2019 7:00,20.82804884
25/4/2019 8:00,21.10761709
25/4/2019 9:00,21.08431923
25/4/2019 10:00,21.09414991
25/4/2019 11:00,21.05461691
25/4/2019 12:00,21.02585382
25/4/2019 13:00,21.09024251
25/4/2019 14:00,20.7846288
25/4/2019 15:00,20.64095804
25/4/2019 16:00,20.69841387
25/4/2019 17:00,20.92318683
25/4/2019 18:00,20.6333777
25/4/2019 19:00,20.53475823
25/4/2019 20:00,20.57381321
25/4/2019 21:00,20.73426223
25/4/2019 22:00,20.9075806
25/4/2019 23:00,21.00395738
26/4/2019 0:00,21.14223507
26/4/2019 1:00,21.25028158
26/4/2019 2:00,21.25035791
26/4/2019 3:00,21.31142954
26/4/2019 4:00,21.24372876
26/4/2019 5:00,21.08898543
26/4/2019 6:00,20.88687107
26/4/2019 7:00,20.83247324
26/4/2019 8:00,21.03955656
26/4/2019 9:00,21.08134438
26/4/2019 10:00,21.10895635
26/4/2019 11:00,21.04121389
26/4/2019 12:00,21.04533875
26/4/2019 13:00,21.13364246
26/4/2019 14:00,20.8741217
26/4/2019 15:00,20.72354352
26/4/2019 16:00,20.68980163
26/4/2019 17:00,20.92877489
26/4/2019 18:00,20.63307967
26/4/2019 19:00,20.48782039
26/4/2019 20:00,20.54111284
26/4/2019 21:00,20.72948108
26/4/2019 22:00,20.91038837
26/4/2019 23:00,21.05980897
27/4/2019 0:00,21.31856373
27/4/2019 1:00,21.37153325
27/4/2019 2:00,21.41788388
27/4/2019 3:00,21.44717284
27/4/2019 4:00,21.39190724
27/4/2019 5:00,21.26246083
27/4/2019 6:00,21.05617864
27/4/2019 7:00,21.06553324
27/4/2019 8:00,21.20366073
27/4/2019 9:00,21.2620944
27/4/2019 10:00,21.26107571
27/4/2019 11:00,21.21192489
27/4/2019 12:00,21.19124045
27/4/2019 13:00,21.29332433
27/4/2019 14:00,21.06469085
27/4/2019 15:00,20.92090158
27/4/2019 16:00,20.89704176
27/4/2019 17:00,21.02112898
27/4/2019 18:00,20.84737389
27/4/2019 19:00,20.80420602
27/4/2019 20:00,20.82531571
27/4/2019 21:00,20.98544879
27/4/2019 22:00,21.05911473
27/4/2019 23:00,21.2151751
28/4/2019 0:00,21.28395767
28/4/2019 1:00,21.37604375
28/4/2019 2:00,21.40376211
28/4/2019 3:00,21.43330223
28/4/2019 4:00,21.34307479
28/4/2019 5:00,21.27545468
28/4/2019 6:00,21.0164264
28/4/2019 7:00,21.01952673
28/4/2019 8:00,21.17810659
28/4/2019 9:00,21.22688367
28/4/2019 10:00,21.24981766
28/4/2019 11:00,21.24313304
28/4/2019 12:00,21.21543033
28/4/2019 13:00,21.22200255
28/4/2019 14:00,21.05443322
28/4/2019 15:00,20.98439273
28/4/2019 16:00,20.90620352
28/4/2019 17:00,21.05233785
28/4/2019 18:00,20.81242348
28/4/2019 19:00,20.76457224
28/4/2019 20:00,20.78319699
28/4/2019 21:00,20.9334758
28/4/2019 22:00,21.11182817
28/4/2019 23:00,21.21774755
29/4/2019 0:00,21.11480367
29/4/2019 1:00,21.23590488
29/4/2019 2:00,21.27963121
29/4/2019 3:00,21.30315355
29/4/2019 4:00,21.2000559
29/4/2019 5:00,21.06414532
29/4/2019 6:00,20.80078109
29/4/2019 7:00,20.85753926
29/4/2019 8:00,21.0126718
29/4/2019 9:00,21.12480996
29/4/2019 10:00,21.05578439
29/4/2019 11:00,21.05589693
29/4/2019 12:00,21.03219913
29/4/2019 13:00,21.1194854
29/4/2019 14:00,20.87843747
29/4/2019 15:00,20.74858261
29/4/2019 16:00,20.70633317
29/4/2019 17:00,20.94049336
29/4/2019 18:00,20.65574504
29/4/2019 19:00,20.46994222
29/4/2019 20:00,20.63617249
29/4/2019 21:00,20.69108005
29/4/2019 22:00,20.81643657
29/4/2019 23:00,21.04209036
30/4/2019 0:00,21.18174222
30/4/2019 1:00,21.23472582
30/4/2019 2:00,21.24303799
30/4/2019 3:00,21.29082169
30/4/2019 4:00,21.26442959
30/4/2019 5:00,21.09934706
30/4/2019 6:00,20.92771156
30/4/2019 7:00,20.82369506
30/4/2019 8:00,21.00861831
30/4/2019 9:00,21.08552175
30/4/2019 10:00,21.12948671
30/4/2019 11:00,21.04649116
30/4/2019 12:00,21.02171701
30/4/2019 13:00,21.04464708
30/4/2019 14:00,20.88078084
30/4/2019 15:00,20.68919218
30/4/2019 16:00,20.77208157
30/4/2019 17:00,20.93956317
30/4/2019 18:00,20.63164303
30/4/2019 19:00,20.5577945
30/4/2019 20:00,20.62811058
30/4/2019 21:00,20.73027488
30/4/2019 22:00,20.8524325
30/4/2019 23:00,21.03116135
1/5/2019 0:00,21.22618394
1/5/2019 1:00,21.28590333
1/5/2019 2:00,21.28896204
1/5/2019 3:00,21.28423664
1/5/2019 4:00,21.32275259
1/5/2019 5:00,21.12959392
1/5/2019 6:00,20.90558702
1/5/2019 7:00,20.79349212
1/5/2019 8:00,21.03450072
1/5/2019 9:00,21.06262086
1/5/2019 10:00,21.09781624
1/5/2019 11:00,21.08863637
1/5/2019 12:00,21.01282095
1/5/2019 13:00,21.07608655
1/5/2019 14:00,20.83353169
1/5/2019 15:00,20.53437332
1/5/2019 16:00,20.77199803
1/5/2019 17:00,20.85599723
1/5/2019 18:00,20.64381989
1/5/2019 19:00,20.49751688
1/5/2019 20:00,20.58537202
1/5/2019 21:00,20.71953952
1/5/2019 22:00,20.88586981
1/5/2019 23:00,21.01381018
2/5/2019 0:00,21.2051237
2/5/2019 1:00,21.2080871
2/5/2019 2:00,21.28406817
2/5/2019 3:00,21.32385612
2/5/2019 4:00,21.26228802
2/5/2019 5:00,21.07552252
2/5/2019 6:00,20.90611146
2/5/2019 7:00,20.83617354
2/5/2019 8:00,21.04719929
2/5/2019 9:00,21.05045951
2/5/2019 10:00,21.080204
2/5/2019 11:00,20.95086053
2/5/2019 12:00,21.04460729
2/5/2019 13:00,21.06132821
2/5/2019 14:00,20.84942399
2/5/2019 15:00,20.65141894
2/5/2019 16:00,20.70811742
2/5/2019 17:00,20.89013553
2/5/2019 18:00,20.63940571
2/5/2019 19:00,20.515243
2/5/2019 20:00,20.57877697
2/5/2019 21:00,20.6896795
2/5/2019 22:00,20.86828451
2/5/2019 23:00,21.01766591
3/5/2019 0:00,21.11435564
3/5/2019 1:00,21.20170236
3/5/2019 2:00,21.25103215
3/5/2019 3:00,21.30703849
3/5/2019 4:00,21.27386807
3/5/2019 5:00,21.08482726
3/5/2019 6:00,20.8522354
3/5/2019 7:00,20.79187054
3/5/2019 8:00,21.04265895
3/5/2019 9:00,21.08236139
3/5/2019 10:00,21.15386451
3/5/2019 11:00,21.02808917
3/5/2019 12:00,21.00428449
3/5/2019 13:00,21.09732946
3/5/2019 14:00,20.82721563
3/5/2019 15:00,20.71795459
3/5/2019 16:00,20.66278084
3/5/2019 17:00,20.96230757
3/5/2019 18:00,20.62655356
3/5/2019 19:00,20.66203865
3/5/2019 20:00,20.59216195
3/5/2019 21:00,20.77263382
3/5/2019 22:00,20.81690236
3/5/2019 23:00,20.99875619
4/5/2019 0:00,21.29503837
4/5/2019 1:00,21.32871068
4/5/2019 2:00,21.42174928
4/5/2019 3:00,21.3831459
4/5/2019 4:00,21.36104131
4/5/2019 5:00,21.27326639
4/5/2019 6:00,21.03891666
4/5/2019 7:00,21.0831466
4/5/2019 8:00,21.21480144
4/5/2019 9:00,21.25272396
4/5/2019 10:00,21.27320337
4/5/2019 11:00,21.21664518
4/5/2019 12:00,21.17139059
4/5/2019 13:00,21.25053024
4/5/2019 14:00,21.03860271
4/5/2019 15:00,20.94714831
4/5/2019 16:00,20.96483235
4/5/2019 17:00,21.09126159
4/5/2019 18:00,20.93457669
4/5/2019 19:00,20.76485156
4/5/2019 20:00,20.87636046
4/5/2019 21:00,20.84627701
4/5/2019 22:00,21.0268046
4/5/2019 23:00,21.1887274
5/5/2019 0:00,21.27535017
5/5/2019 1:00,21.38281461
5/5/2019 2:00,21.38947366
5/5/2019 3:00,21.41574041
5/5/2019 4:00,21.37590534
5/5/2019 5:00,21.23421851
5/5/2019 6:00,21.05154904
5/5/2019 7:00,21.03427045
5/5/2019 8:00,21.23554208
5/5/2019 9:00,21.25924225
5/5/2019 10:00,21.26003127
5/5/2019 11:00,21.17978231
5/5/2019 12:00,21.2341497
5/5/2019 13:00,21.17329307
5/5/2019 14:00,20.9943614
5/5/2019 15:00,20.89816534
5/5/2019 16:00,20.89010487
5/5/2019 17:00,21.10691187
5/5/2019 18:00,20.89764635
5/5/2019 19:00,20.75869476
5/5/2019 20:00,20.81111892
5/5/2019 21:00,20.96576612
5/5/2019 22:00,21.04561368
5/5/2019 23:00,21.19608562
6/5/2019 0:00,21.21653707
6/5/2019 1:00,21.25180071
6/5/2019 2:00,21.28400171
6/5/2019 3:00,21.24845557
6/5/2019 4:00,21.23571362
6/5/2019 5:00,21.15524298
6/5/2019 6:00,20.86731519
6/5/2019 7:00,20.91039222
6/5/2019 8:00,20.98366782
6/5/2019 9:00,21.08860735
6/5/2019 10:00,21.10279356
6/5/2019 11:00,20.9663449
6/5/2019 12:00,21.07965722
6/5/2019 13:00,21.12624603
6/5/2019 14:00,20.87434464
6/5/2019 15:00,20.66090609
6/5/2019 16:00,20.74447918
6/5/2019 17:00,21.02478216
6/5/2019 18:00,20.65150567
6/5/2019 19:00,20.48416963
6/5/2019 20:00,20.52541133
6/5/2019 21:00,20.72125586
6/5/2019 22:00,20.87973115
6/5/2019 23:00,20.98608979
7/5/2019 0:00,21.21542529
7/5/2019 1:00,21.23901092
7/5/2019 2:00,21.26848675
7/5/2019 3:00,21.28444824
7/5/2019 4:00,21.26386503
7/5/2019 5:00,21.11317571
7/5/2019 6:00,20.98042958
7/5/2019 7:00,20.87515015
7/5/2019 8:00,21.00469299
7/5/2019 9:00,21.10527989
7/5/2019 10:00,21.09917614
7/5/2019 11:00,20.99839383
7/5/2019 12:00,21.04867084
7/5/2019 13:00,21.07472694
7/5/2019 14:00,20.88665555
7/5/2019 15:00,20.70947066
7/5/2019 16:00,20.63997409
7/5/2019 17:00,20.90871236
7/5/2019 18:00,20.65700605
7/5/2019 19:00,20.50070101
7/5/2019 20:00,20.54881471
7/5/2019 21:00,20.79105239
7/5/2019 22:00,20.81872882
7/5/2019 23:00,21.0361571
8/5/2019 0:00,21.14822467
8/5/2019 1:00,21.19594234
8/5/2019 2:00,21.30857457
8/5/2019 3:00,21.31337129
8/5/2019 4:00,21.25802864
8/5/2019 5:00,21.13831581
8/5/2019 6:00,20.81891757
8/5/2019 7:00,20.8789055
8/5/2019 8:00,21.03052061
8/5/2019 9:00,21.05556448
8/5/2019 10:00,21.12740613
8/5/2019 11:00,21.01789002
8/5/2019 12:00,21.01934391
8/5/2019 13:00,21.08572012
8/5/2019 14:00,20.84666839
8/5/2019 15:00,20.71889631
8/5/2019 16:00,20.7308314
8/5/2019 17:00,20.89976133
8/5/2019 18:00,20.54773231
8/5/2019 19:00,20.51108006
8/5/2019 20:00,20.57235947
8/5/2019 21:00,20.67020397
8/5/2019 22:00,20.91294593
8/5/2019 23:00,20.96761249
9/5/2019 0:00,21.15477265
9/5/2019 1:00,21.18411525
9/5/2019 2:00,21.29219939
9/5/2019 3:00,21.25019988
9/5/2019 4:00,21.22993552
9/5/2019 5:00,21.09721777
9/5/2019 6:00,20.87568315
9/5/2019 7:00,20.85175635
9/5/2019 8:00,20.96784601
9/5/2019 9:00,21.05728196
9/5/2019 10:00,21.15401604
9/5/2019 11:00,21.04505936
9/5/2019 12:00,21.03871556
9/5/2019 13:00,21.06633342
9/5/2019 14:00,20.84680402
9/5/2019 15:00,20.64177996
9/5/2019 16:00,20.75471588
9/5/2019 17:00,20.90846722
9/5/2019 18:00,20.71412505
9/5/2019 19:00,20.47366321
9/5/2019 20:00,20.58772301
9/5/2019 21:00,20.68228241
9/5/2019 22:00,20.89725809
9/5/2019 23:00,20.98186291
10/5/2019 0:00,21.13012726
10/5/2019 1:00,21.21262601
10/5/2019 2:00,21.27670686
10/5/2019 3:00,21.28118335
10/5/2019 4:00,21.26906172
10/5/2019 5:00,21.08790064
10/5/2019 6:00,20.8224426
10/5/2019 7:00,20.80468266
10/5/2019 8:00,21.04203762
10/5/2019 9:00,21.0586836
10/5/2019 10:00,21.13927251
10/5/2019 11:00,20.98979814
10/5/2019 12:00,21.01678612
10/5/2019 13:00,21.13551147
10/5/2019 14:00,20.89016838
10/5/2019 15:00,20.70602996
10/5/2019 16:00,20.677068
10/5/2019 17:00,20.95756481
10/5/2019 18:00,20.61148304
10/5/2019 19:00,20.49932592
10/5/2019 20:00,20.59251596
10/5/2019 21:00,20.73415252
10/5/2019 22:00,20.82302415
10/5/2019 23:00,20.96920001
11/5/2019 0:00,21.31847399
11/5/2019 1:00,21.37747284
11/5/2019 2:00,21.39060543
11/5/2019 3:00,21.42747033
11/5/2019 4:00,21.38487181
11/5/2019 5:00,21.24801648
11/5/2019 6:00,21.13557912
11/5/2019 7:00,20.99549426
11/5/2019 8:00,21.176335
11/5/2019 9:00,21.23093771
11/5/2019 10:00,21.2429243
11/5/2019 11:00,21.16587059
11/5/2019 12:00,21.23373755
11/5/2019 13:00,21.17889524
11/5/2019 14:00,21.02453889
11/5/2019 15:00,20.8917476
11/5/2019 16:00,20.85035102
11/5/2019 17:00,21.12936397
11/5/2019 18:00,20.84191085
11/5/2019 19:00,20.77323292
11/5/2019 20:00,20.78741381
11/5/2019 21:00,20.99835903
11/5/2019 22:00,21.05971643
11/5/2019 23:00,21.20869372
12/5/2019 0:00,21.29588768
12/5/2019 1:00,21.35275643
12/5/2019 2:00,21.41653618
12/5/2019 3:00,21.43491177
12/5/2019 4:00,21.38423341
12/5/2019 5:00,21.2903135
12/5/2019 6:00,21.04734571
12/5/2019 7:00,21.05154291
12/5/2019 8:00,21.26386411
12/5/2019 9:00,21.23482202
12/5/2019 10:00,21.27488602
12/5/2019 11:00,21.22027577
12/5/2019 12:00,21.2277119
12/5/2019 13:00,21.22660096
12/5/2019 14:00,20.98982135
12/5/2019 15:00,20.90158362
12/5/2019 16:00,20.91220546
12/5/2019 17:00,21.08350978
12/5/2019 18:00,20.87813185
12/5/2019 19:00,20.79119855
12/5/2019 20:00,20.86779295
12/5/2019 21:00,20.9845502
12/5/2019 22:00,21.06917487
12/5/2019 23:00,21.18725255
13/5/2019 0:00,21.16353971
13/5/2019 1:00,21.23975517
13/5/2019 2:00,21.29765567
13/5/2019 3:00,21.28047376
13/5/2019 4:00,21.28513986
13/5/2019 5:00,21.0903506
13/5/2019 6:00,20.9228452
13/5/2019 7:00,20.87153255
13/5/2019 8:00,21.05797918
13/5/2019 9:00,21.07465653
13/5/2019 10:00,21.05403698
13/5/2019 11:00,20.98047129
13/5/2019 12:00,20.9911965
13/5/2019 13:00,21.05474817
13/5/2019 14:00,20.88806787
13/5/2019 15:00,20.7156935
13/5/2019 16:00,20.7043818
13/5/2019 17:00,20.86592432
13/5/2019 18:00,20.68562007
13/5/2019 19:00,20.46689064
13/5/2019 20:00,20.54022458
13/5/2019 21:00,20.61981894
13/5/2019 22:00,20.87966371
13/5/2019 23:00,21.00094472
14/5/2019 0:00,21.0936428
14/5/2019 1:00,21.24522267
14/5/2019 2:00,21.31276026
14/5/2019 3:00,21.34252966
14/5/2019 4:00,21.23158627
14/5/2019 5:00,21.17202536
14/5/2019 6:00,20.8991244
14/5/2019 7:00,20.82596384
14/5/2019 8:00,21.00332157
14/5/2019 9:00,21.04604725
14/5/2019 10:00,21.07921337
14/5/2019 11:00,20.95343361
14/5/2019 12:00,21.0558102
14/5/2019 13:00,21.09207607
14/5/2019 14:00,20.8709533
14/5/2019 15:00,20.65879932
14/5/2019 16:00,20.62389484
14/5/2019 17:00,20.89704417
14/5/2019 18:00,20.57473509
14/5/2019 19:00,20.5712752
14/5/2019 20:00,20.50287445
14/5/2019 21:00,20.63341393
14/5/2019 22:00,20.83520208
14/5/2019 23:00,20.96494021
15/5/2019 0:00,21.20919915
15/5/2019 1:00,21.24269642
15/5/2019 2:00,21.29225764
15/5/2019 3:00,21.27764309
15/5/2019 4:00,21.27810769
15/5/2019 5:00,21.09092146
15/5/2019 6:00,20.8325221
15/5/2019 7:00,20.81553981
15/5/2019 8:00,20.99986568
15/5/2019 9:00,21.0925082
15/5/2019 10:00,21.11458838
15/5/2019 11:00,20.9557216
15/5/2019 12:00,20.99631635
15/5/2019 13:00,21.06812614
15/5/2019 14:00,20.85252364
15/5/2019 15:00,20.78254155
15/5/2019 16:00,20.71180227
15/5/2019 17:00,20.84172201
15/5/2019 18:00,20.68921234
15/5/2019 19:00,20.50245324
15/5/2019 20:00,20.53470748
15/5/2019 21:00,20.75612396
15/5/2019 22:00,20.85660587
15/5/2019 23:00,20.99335758
16/5/2019 0:00,21.16034021
16/5/2019 1:00,21.1504101
16/5/2019 2:00,21.31618129
16/5/2019 3:00,21.26920887
16/5/2019 4:00,21.25497446
16/5/2019 5:00,21.09047713
16/5/2019 6:00,20.86811414
16/5/2019 7:00,20.8724564
16/5/2019 8:00,21.00214971
16/5/2019 9:00,21.12249283
16/5/2019 10:00,21.06538382
16/5/2019 11:00,20.98162445
16/5/2019 12:00,20.99511006
16/5/2019 13:00,21.03025539
16/5/2019 14:00,20.8225815
16/5/2019 15:00,20.68766736
16/5/2019 16:00,20.70455714
16/5/2019 17:00,20.94010203
16/5/2019 18:00,20.57469072
16/5/2019 19:00,20.43943113
16/5/2019 20:00,20.59462075
16/5/2019 21:00,20.69878932
16/5/2019 22:00,20.89883487
16/5/2019 23:00,20.98545511
17/5/2019 0:00,21.14118133
17/5/2019 1:00,21.17569047
17/5/2019 2:00,21.29592644
17/5/2019 3:00,21.30510412
17/5/2019 4:00,21.24430238
17/5/2019 5:00,21.09434029
17/5/2019 6:00,20.89383444
17/5/2019 7:00,20.880969
17/5/2019 8:00,20.9862095
17/5/2019 9:00,21.04532403
17/5/2019 10:00,21.12546645
17/5/2019 11:00,20.96251281
17/5/2019 12:00,20.99429987
17/5/2019 13:00,21.07479597
17/5/2019 14:00,20.84683541
17/5/2019 15:00,20.68233607
17/5/2019 16:00,20.7143692
17/5/2019 17:00,20.91823747
17/5/2019 18:00,20.73061023
17/5/2019 19:00,20.46776234
17/5/2019 20:00,20.65801678
17/5/2019 21:00,20.63429291
17/5/2019 22:00,20.8765793
17/5/2019 23:00,21.03197789
18/5/2019 0:00,21.32202622
18/5/2019 1:00,21.37007486
18/5/2019 2:00,21.37051329
18/5/2019 3:00,21.47216009
18/5/2019 4:00,21.35336516
18/5/2019 5:00,21.25841035
18/5/2019 6:00,21.11434192
18/5/2019 7:00,21.08112621
18/5/2019 8:00,21.14212109
18/5/2019 9:00,21.26094875
18/5/2019 10:00,21.28934898
18/5/2019 11:00,21.15264926
18/5/2019 12:00,21.19612576
18/5/2019 13:00,21.26855965
18/5/2019 14:00,21.04267664
18/5/2019 15:00,20.96795713
18/5/2019 16:00,20.85912276
18/5/2019 17:00,21.07074538
18/5/2019 18:00,20.84060924
18/5/2019 19:00,20.74671291
18/5/2019 20:00,20.75053675
18/5/2019 21:00,20.91994436
18/5/2019 22:00,21.09489867
18/5/2019 23:00,21.17903159
19/5/2019 0:00,21.25500737
19/5/2019 1:00,21.38665611
19/5/2019 2:00,21.40905379
19/5/2019 3:00,21.41118237
19/5/2019 4:00,21.38297213
19/5/2019 5:00,21.2925242
19/5/2019 6:00,21.03934902
19/5/2019 7:00,20.96653311
19/5/2019 8:00,21.18197852
19/5/2019 9:00,21.25676276
19/5/2019 10:00,21.29656542
19/5/2019 11:00,21.17482094
19/5/2019 12:00,21.17165067
19/5/2019 13:00,21.22762136
19/5/2019 14:00,21.04746359
19/5/2019 15:00,20.94792711
19/5/2019 16:00,20.93750368
19/5/2019 17:00,21.07491643
19/5/2019 18:00,20.82528574
19/5/2019 19:00,20.82694669
19/5/2019 20:00,20.75745406
19/5/2019 21:00,20.89869419
19/5/2019 22:00,21.01087477
19/5/2019 23:00,21.22949521
20/5/2019 0:00,21.20069911
20/5/2019 1:00,21.2325134
20/5/2019 2:00,21.26045666
20/5/2019 3:00,21.25074351
20/5/2019 4:00,21.23176161
20/5/2019 5:00,21.1216957
20/5/2019 6:00,20.92384689
20/5/2019 7:00,20.79307485
20/5/2019 8:00,21.04072934
20/5/2019 9:00,21.00378559
20/5/2019 10:00,21.09212759
20/5/2019 11:00,20.94013996
20/5/2019 12:00,20.99788523
20/5/2019 13:00,21.07242258
20/5/2019 14:00,20.8602582
20/5/2019 15:00,20.71287995
20/5/2019 16:00,20.64833999
20/5/2019 17:00,20.912403
20/5/2019 18:00,20.65780386
20/5/2019 19:00,20.52035468
20/5/2019 20:00,20.57941013
20/5/2019 21:00,20.79450955
20/5/2019 22:00,20.84598556
20/5/2019 23:00,21.05772204
21/5/2019 0:00,21.19448471
21/5/2019 1:00,21.27418676
21/5/2019 2:00,21.31938981
21/5/2019 3:00,21.32947073
21/5/2019 4:00,21.26911783
21/5/2019 5:00,21.05404098
21/5/2019 6:00,20.90501297
21/5/2019 7:00,20.8362371
21/5/2019 8:00,20.99610879
21/5/2019 9:00,21.05756613
21/5/2019 10:00,21.09115796
21/5/2019 11:00,21.04189426
21/5/2019 12:00,20.97515868
21/5/2019 13:00,21.0099378
21/5/2019 14:00,20.90526546
21/5/2019 15:00,20.73968506
21/5/2019 16:00,20.67652933
21/5/2019 17:00,20.94873196
21/5/2019 18:00,20.60612755
21/5/2019 19:00,20.54867464
21/5/2019 20:00,20.47881086
21/5/2019 21:00,20.64816228
21/5/2019 22:00,20.85552409
21/5/2019 23:00,20.99036085
22/5/2019 0:00,21.12824123
22/5/2019 1:00,21.24376721
22/5/2019 2:00,21.29433339
22/5/2019 3:00,21.29371786
22/5/2019 4:00,21.227649
22/5/2019 5:00,21.1099579
22/5/2019 6:00,20.94537589
22/5/2019 7:00,20.87828215
22/5/2019 8:00,21.019465
22/5/2019 9:00,21.07360797
22/5/2019 10:00,21.03602248
22/5/2019 11:00,21.0603217
22/5/2019 12:00,21.01978223
22/5/2019 13:00,21.03318165
22/5/2019 14:00,20.7608977
22/5/2019 15:00,20.72260877
22/5/2019 16:00,20.65182261
22/5/2019 17:00,20.89730491
22/5/2019 18:00,20.62161557
22/5/2019 19:00,20.51698954
22/5/2019 20:00,20.56222565
22/5/2019 21:00,20.81220144
22/5/2019 22:00,20.83728407
22/5/2019 23:00,21.0206389
23/5/2019 0:00,21.16722877
23/5/2019 1:00,21.1728123
23/5/2019 2:00,21.29070872
23/5/2019 3:00,21.30572958
23/5/2019 4:00,21.19773964
23/5/2019 5:00,21.13979873
23/5/2019 6:00,20.90576357
23/5/2019 7:00,20.84806169
23/5/2019 8:00,20.97895811
23/5/2019 9:00,21.05068441
23/5/2019 10:00,21.12537941
23/5/2019 11:00,21.01615677
23/5/2019 12:00,21.04447475
23/5/2019 13:00,21.07248885
23/5/2019 14:00,20.82347901
23/5/2019 15:00,20.67971869
23/5/2019 16:00,20.75043592
23/5/2019 17:00,20.87601384
23/5/2019 18:00,20.61874615
23/5/2019 19:00,20.4420547
23/5/2019 20:00,20.56183004
23/5/2019 21:00,20.65211523
23/5/2019 22:00,20.84566009
23/5/2019 23:00,20.97961502
24/5/2019 0:00,21.14538457
24/5/2019 1:00,21.23112823
24/5/2019 2:00,21.21487463
24/5/2019 3:00,21.2734533
24/5/2019 4:00,21.2352593
24/5/2019 5:00,21.15342839
24/5/2019 6:00,20.93503245
24/5/2019 7:00,20.8355727
24/5/2019 8:00,21.01034832
24/5/2019 9:00,21.08708501
24/5/2019 10:00,21.08761607
24/5/2019 11:00,20.94778715
24/5/2019 12:00,21.00233279
24/5/2019 13:00,21.10634133
24/5/2019 14:00,20.84294137
24/5/2019 15:00,20.72966799
24/5/2019 16:00,20.68170828
24/5/2019 17:00,20.92886201
24/5/2019 18:00,20.65206755
24/5/2019 19:00,20.57514574
24/5/2019 20:00,20.58931727
24/5/2019 21:00,20.72555172
24/5/2019 22:00,20.9770018
24/5/2019 23:00,20.95579654
25/5/2019 0:00,21.27967384
25/5/2019 1:00,21.37208977
25/5/2019 2:00,21.40082913
25/5/2019 3:00,21.44456044
25/5/2019 4:00,21.34403598
25/5/2019 5:00,21.21801391
25/5/2019 6:00,21.06967692
25/5/2019 7:00,21.00654208
25/5/2019 8:00,21.17688496
25/5/2019 9:00,21.263894
25/5/2019 10:00,21.26328037
25/5/2019 11:00,21.1763853
25/5/2019 12:00,21.21393153
25/5/2019 13:00,21.24451127
25/5/2019 14:00,21.04906338
25/5/2019 15:00,20.92908989
25/5/2019 16:00,20.8960845
25/5/2019 17:00,21.1356769
25/5/2019 18:00,20.88929217
25/5/2019 19:00,20.81598767
25/5/2019 20:00,20.78213467
25/5/2019 21:00,20.99756557
25/5/2019 22:00,21.01890354
25/5/2019 23:00,21.15256924
26/5/2019 0:00,21.31400368
26/5/2019 1:00,21.42282683
26/5/2019 2:00,21.4090505
26/5/2019 3:00,21.42129281
26/5/2019 4:00,21.40421513
26/5/2019 5:00,21.2804656
26/5/2019 6:00,21.02647093
26/5/2019 7:00,21.02215637
26/5/2019 8:00,21.21489012
26/5/2019 9:00,21.27685049
26/5/2019 10:00,21.26521611
26/5/2019 11:00,21.18923748
26/5/2019 12:00,21.18872628
26/5/2019 13:00,21.25431902
26/5/2019 14:00,21.02791449
26/5/2019 15:00,20.85123701
26/5/2019 16:00,20.86459309
26/5/2019 17:00,21.10296405
26/5/2019 18:00,20.86816058
26/5/2019 19:00,20.77698104
26/5/2019 20:00,20.77396009
26/5/2019 21:00,20.94310524
26/5/2019 22:00,21.05502055
26/5/2019 23:00,21.19026571
27/5/2019 0:00,21.17541267
27/5/2019 1:00,21.26566717
27/5/2019 2:00,21.26507974
27/5/2019 3:00,21.2971922
27/5/2019 4:00,21.23720168
27/5/2019 5:00,21.1306343
27/5/2019 6:00,20.83930593
27/5/2019 7:00,20.8809753
27/5/2019 8:00,20.9559242
27/5/2019 9:00,21.12511728
27/5/2019 10:00,21.08244043
27/5/2019 11:00,20.99365337
27/5/2019 12:00,21.06226349
27/5/2019 13:00,21.06726262
27/5/2019 14:00,20.79968982
27/5/2019 15:00,20.80382174
27/5/2019 16:00,20.64798637
27/5/2019 17:00,21.00928603
27/5/2019 18:00,20.67522709
27/5/2019 19:00,20.42966129
27/5/2019 20:00,20.61111002
27/5/2019 21:00,20.75255874
27/5/2019 22:00,20.87145377
27/5/2019 23:00,20.9552928
28/5/2019 0:00,21.21431361
28/5/2019 1:00,21.25697233
28/5/2019 2:00,21.23485536
28/5/2019 3:00,21.24920681
28/5/2019 4:00,21.25314367
28/5/2019 5:00,21.15228599
28/5/2019 6:00,20.80435917
28/5/2019 7:00,20.77778677
28/5/2019 8:00,20.98254754
28/5/2019 9:00,21.08185127
28/5/2019 10:00,21.08279947
28/5/2019 11:00,21.00030325
28/5/2019 12:00,21.0096995
28/5/2019 13:00,21.01918431
28/5/2019 14:00,20.79987483
28/5/2019 15:00,20.7385596
28/5/2019 16:00,20.59663987
28/5/2019 17:00,20.89885972
28/5/2019 18:00,20.59758081
28/5/2019 19:00,20.43790117
28/5/2019 20:00,20.63649407
28/5/2019 21:00,20.70240225
28/5/2019 22:00,20.88438279
28/5/2019 23:00,21.07740385
29/5/2019 0:00,21.15053657
29/5/2019 1:00,21.16014518
29/5/2019 2:00,21.32057234
29/5/2019 3:00,21.29647508
29/5/2019 4:00,21.23349388
29/5/2019 5:00,21.11044951
29/5/2019 6:00,20.88919461
29/5/2019 7:00,20.8941677
29/5/2019 8:00,21.00166154
29/5/2019 9:00,21.08722698
29/5/2019 10:00,21.16037045
29/5/2019 11:00,20.96396082
29/5/2019 12:00,20.99989597
29/5/2019 13:00,21.07763246
29/5/2019 14:00,20.8409964
29/5/2019 15:00,20.6554752
29/5/2019 16:00,20.66189378
29/5/2019 17:00,20.88286815
29/5/2019 18:00,20.64418468
29/5/2019 19:00,20.44572814
29/5/2019 20:00,20.56776636
29/5/2019 21:00,20.69225033
29/5/2019 22:00,20.91297418
29/5/2019 23:00,21.01523956
30/5/2019 0:00,21.18508064
30/5/2019 1:00,21.24578214
30/5/2019 2:00,21.29431181
30/5/2019 3:00,21.32226547
30/5/2019 4:00,21.19420906
30/5/2019 5:00,21.07323461
30/5/2019 6:00,20.81211748
30/5/2019 7:00,20.89467861
30/5/2019 8:00,21.01306085
30/5/2019 9:00,21.11182049
30/5/2019 10:00,21.11976477
30/5/2019 11:00,21.04026255
30/5/2019 12:00,20.98711998
30/5/2019 13:00,21.0828475
30/5/2019 14:00,20.79201649
30/5/2019 15:00,20.66269008
30/5/2019 16:00,20.5559622
30/5/2019 17:00,20.96702012
30/5/2019 18:00,20.57096877
30/5/2019 19:00,20.45410701
30/5/2019 20:00,20.62987663
30/5/2019 21:00,20.65628696
30/5/2019 22:00,20.85072555
30/5/2019 23:00,21.03250827
31/5/2019 0:00,21.1848459
31/5/2019 1:00,21.2479727
31/5/2019 2:00,21.22061712
31/5/2019 3:00,21.29565206
31/5/2019 4:00,21.22975113
31/5/2019 5:00,21.13853518
31/5/2019 6:00,20.91487866
31/5/2019 7:00,20.80095599
31/5/2019 8:00,21.05834097
31/5/2019 9:00,21.07944719
31/5/2019 10:00,21.09416572
31/5/2019 11:00,21.00387907
31/5/2019 12:00,21.03727192
31/5/2019 13:00,21.06230707
31/5/2019 14:00,20.81470977
31/5/2019 15:00,20.66450658
31/5/2019 16:00,20.71134775
31/5/2019 17:00,20.92551426
31/5/2019 18:00,20.57462732
31/5/2019 19:00,20.46684263
31/5/2019 20:00,20.64899679
31/5/2019 21:00,20.68529394
31/5/2019 22:00,20.94033382
31/5/2019 23:00,21.02329933
1/6/2019 0:00,21.37292342
1/6/2019 1:00,21.4811222
1/6/2019 2:00,21.51054548
1/6/2019 3:00,21.49718334
1/6/2019 4:00,21.50762494
1/6/2019 5:00,21.39319906
1/6/2019 6:00,21.19753276
1/6/2019 7:00,21.2050488
1/6/2019 8:00,21.31604669
1/6/2019 9:00,21.33287698
1/6/2019 10:00,21.36162801
1/6/2019 11:00,21.30220246
1/6/2019 12:00,21.33485045
1/6/2019 13:00,21.35014047
1/6/2019 14:00,21.19347121
1/6/2019 15:00,21.06996615
1/6/2019 16:00,21.07544001
1/6/2019 17:00,21.24097899
1/6/2019 18:00,21.06230715
1/6/2019 19:00,20.94528482
1/6/2019 20:00,21.02311504
1/6/2019 21:00,21.11513582
1/6/2019 22:00,21.19001503
1/6/2019 23:00,21.30857079
2/6/2019 0:00,21.39669709
2/6/2019 1:00,21.47094338
2/6/2019 2:00,21.4873436
2/6/2019 3:00,21.50105972
2/6/2019 4:00,21.46951882
2/6/2019 5:00,21.39749501
2/6/2019 6:00,21.21008441
2/6/2019 7:00,21.17784045
2/6/2019 8:00,21.31353121
2/6/2019 9:00,21.40263309
2/6/2019 10:00,21.37050704
2/6/2019 11:00,21.25590903
2/6/2019 12:00,21.33711517
2/6/2019 13:00,21.37711706
2/6/2019 14:00,21.1824958
2/6/2019 15:00,21.07686499
2/6/2019 16:00,21.02372253
2/6/2019 17:00,21.27119397
2/6/2019 18:00,21.00509158
2/6/2019 19:00,20.92263895
2/6/2019 20:00,21.00005079
2/6/2019 21:00,21.06899813
2/6/2019 22:00,21.16839534
2/6/2019 23:00,21.29252919
3/6/2019 0:00,21.31646563
3/6/2019 1:00,21.32675733
3/6/2019 2:00,21.38606065
3/6/2019 3:00,21.40222808
3/6/2019 4:00,21.36304541
3/6/2019 5:00,21.25128046
3/6/2019 6:00,21.01090014
3/6/2019 7:00,21.01713625
3/6/2019 8:00,21.19175287
3/6/2019 9:00,21.21674142
3/6/2019 10:00,21.22631112
3/6/2019 11:00,21.11990848
3/6/2019 12:00,21.15808429
3/6/2019 13:00,21.23606064
3/6/2019 14:00,20.9268239
3/6/2019 15:00,20.87871412
3/6/2019 16:00,20.81276777
3/6/2019 17:00,21.08065689
3/6/2019 18:00,20.80976624
3/6/2019 19:00,20.69328415
3/6/2019 20:00,20.74034514
3/6/2019 21:00,20.8514153
3/6/2019 22:00,21.00238617
3/6/2019 23:00,21.17915998
4/6/2019 0:00,21.30205462
4/6/2019 1:00,21.33817604
4/6/2019 2:00,21.36393445
4/6/2019 3:00,21.40859438
4/6/2019 4:00,21.34044234
4/6/2019 5:00,21.20877361
4/6/2019 6:00,21.08095798
4/6/2019 7:00,21.0459821
4/6/2019 8:00,21.16815852
4/6/2019 9:00,21.19959559
4/6/2019 10:00,21.24487745
4/6/2019 11:00,21.11411427
4/6/2019 12:00,21.16318346
4/6/2019 13:00,21.21379301
4/6/2019 14:00,21.06830798
4/6/2019 15:00,20.94745723
4/6/2019 16:00,20.85998304
4/6/2019 17:00,21.1490271
4/6/2019 18:00,20.79208559
4/6/2019 19:00,20.73642549
4/6/2019 20:00,20.65640344
4/6/2019 21:00,20.80381645
4/6/2019 22:00,21.03755259
4/6/2019 23:00,21.17313256
5/6/2019 0:00,21.26243922
5/6/2019 1:00,21.30605232
5/6/2019 2:00,21.42087556
5/6/2019 3:00,21.44222128
5/6/2019 4:00,21.37886453
5/6/2019 5:00,21.23185847
5/6/2019 6:00,21.03381729
5/6/2019 7:00,20.97790055
5/6/2019 8:00,21.19327187
5/6/2019 9:00,21.26725123
5/6/2019 10:00,21.20356807
5/6/2019 11:00,21.17816367
5/6/2019 12:00,21.23413505
5/6/2019 13:00,21.20949611
5/6/2019 14:00,20.98712125
5/6/2019 15:00,20.89363795
5/6/2019 16:00,20.87902274
5/6/2019 17:00,21.07848902
5/6/2019 18:00,20.84518344
5/6/2019 19:00,20.78771674
5/6/2019 20:00,20.82002809
5/6/2019 21:00,20.8717724
5/6/2019 22:00,21.02077114
5/6/2019 23:00,21.16520566
6/6/2019 0:00,21.31273688
6/6/2019 1:00,21.35020647
6/6/2019 2:00,21.43278272
6/6/2019 3:00,21.39995296
6/6/2019 4:00,21.33214601
6/6/2019 5:00,21.2862907
6/6/2019 6:00,21.06950339
6/6/2019 7:00,21.00413028
6/6/2019 8:00,21.12374775
6/6/2019 9:00,21.21973912
6/6/2019 10:00,21.25133844
6/6/2019 11:00,21.21714539
6/6/2019 12:00,21.17704584
6/6/2019 13:00,21.16143255
6/6/2019 14:00,21.01149801
6/6/2019 15:00,20.89865851
6/6/2019 16:00,20.85683523
6/6/2019 17:00,21.08006102
6/6/2019 18:00,20.86450649
6/6/2019 19:00,20.69398522
6/6/2019 20:00,20.78131244
6/6/2019 21:00,20.89087225
6/6/2019 22:00,21.06399257
6/6/2019 23:00,21.13235608
7/6/2019 0:00,21.27081193
7/6/2019 1:00,21.35889121
7/6/2019 2:00,21.36240979
7/6/2019 3:00,21.41451121
7/6/2019 4:00,21.3825018
7/6/2019 5:00,21.2674087
7/6/2019 6:00,21.10880975
7/6/2019 7:00,21.00063049
7/6/2019 8:00,21.21585808
7/6/2019 9:00,21.24172291
7/6/2019 10:00,21.28822116
7/6/2019 11:00,21.15946158
7/6/2019 12:00,21.18289915
7/6/2019 13:00,21.22489484
7/6/2019 14:00,21.04751414
7/6/2019 15:00,20.93157354
7/6/2019 16:00,20.8431775
7/6/2019 17:00,21.09263222
7/6/2019 18:00,20.81825702
7/6/2019 19:00,20.76778875
7/6/2019 20:00,20.7831549
7/6/2019 21:00,20.8420677
7/6/2019 22:00,21.01194137
7/6/2019 23:00,21.18196929
8/6/2019 0:00,21.40789198
8/6/2019 1:00,21.4671899
8/6/2019 2:00,21.4948214
8/6/2019 3:00,21.51698022
8/6/2019 4:00,21.48120833
8/6/2019 5:00,21.37436774
8/6/2019 6:00,21.24098551
8/6/2019 7:00,21.21403083
8/6/2019 8:00,21.34206946
8/6/2019 9:00,21.38661744
8/6/2019 10:00,21.39739207
8/6/2019 11:00,21.29706371
8/6/2019 12:00,21.33787155
8/6/2019 13:00,21.33392489
8/6/2019 14:00,21.17665853
8/6/2019 15:00,21.13650946
8/6/2019 16:00,21.03078806
8/6/2019 17:00,21.21101071
8/6/2019 18:00,21.06189984
8/6/2019 19:00,20.92880628
8/6/2019 20:00,21.02468257
8/6/2019 21:00,21.07666315
8/6/2019 22:00,21.23263802
8/6/2019 23:00,21.35723874
9/6/2019 0:00,21.42150939
9/6/2019 1:00,21.46488488
9/6/2019 2:00,21.50239559
9/6/2019 3:00,21.53255545
9/6/2019 4:00,21.48572634
9/6/2019 5:00,21.3730918
9/6/2019 6:00,21.21569409
9/6/2019 7:00,21.18304593
9/6/2019 8:00,21.33012448
9/6/2019 9:00,21.3250424
9/6/2019 10:00,21.40011915
9/6/2019 11:00,21.29814332
9/6/2019 12:00,21.29811573
9/6/2019 13:00,21.3460743
9/6/2019 14:00,21.19305251
9/6/2019 15:00,21.09637993
9/6/2019 16:00,21.02182926
9/6/2019 17:00,21.27281144
9/6/2019 18:00,21.06161151
9/6/2019 19:00,20.95839584
9/6/2019 20:00,20.9523523
9/6/2019 21:00,21.06769124
9/6/2019 22:00,21.22435264
9/6/2019 23:00,21.3212784
10/6/2019 0:00,21.3031292
10/6/2019 1:00,21.36255754
10/6/2019 2:00,21.36291884
10/6/2019 3:00,21.43331266
10/6/2019 4:00,21.32803977
10/6/2019 5:00,21.2253475
10/6/2019 6:00,21.014116
10/6/2019 7:00,21.02938714
10/6/2019 8:00,21.15975633
10/6/2019 9:00,21.23874446
10/6/2019 10:00,21.23784045
10/6/2019 11:00,21.13802259
10/6/2019 12:00,21.14003562
10/6/2019 13:00,21.24937098
10/6/2019 14:00,21.03338219
10/6/2019 15:00,20.90251767
10/6/2019 16:00,20.92168232
10/6/2019 17:00,21.05899617
10/6/2019 18:00,20.86041418
10/6/2019 19:00,20.73803331
10/6/2019 20:00,20.80922243
10/6/2019 21:00,20.92142047
10/6/2019 22:00,21.03173773
10/6/2019 23:00,21.17628801
11/6/2019 0:00,21.29700864
11/6/2019 1:00,21.36299389
11/6/2019 2:00,21.37754514
11/6/2019 3:00,21.36813223
11/6/2019 4:00,21.36152699
11/6/2019 5:00,21.22089297
11/6/2019 6:00,21.09667321
11/6/2019 7:00,21.0131663
11/6/2019 8:00,21.19538561
11/6/2019 9:00,21.24945473
11/6/2019 10:00,21.25193597
11/6/2019 11:00,21.11960115
11/6/2019 12:00,21.14607797
11/6/2019 13:00,21.20436415
11/6/2019 14:00,21.06562685
11/6/2019 15:00,20.8977816
11/6/2019 16:00,20.85233615
11/6/2019 17:00,21.0706025
11/6/2019 18:00,20.90463545
11/6/2019 19:00,20.76800717
11/6/2019 20:00,20.79325534
11/6/2019 21:00,20.87120277
11/6/2019 22:00,21.10455106
11/6/2019 23:00,21.1747436
12/6/2019 0:00,21.28400178
12/6/2019 1:00,21.32606719
12/6/2019 2:00,21.36926565
12/6/2019 3:00,21.39124354
12/6/2019 4:00,21.38290958
12/6/2019 5:00,21.29774501
12/6/2019 6:00,21.06376681
12/6/2019 7:00,20.98374133
12/6/2019 8:00,21.12410136
12/6/2019 9:00,21.19135617
12/6/2019 10:00,21.224658
12/6/2019 11:00,21.14903703
12/6/2019 12:00,21.19512625
12/6/2019 13:00,21.21872348
12/6/2019 14:00,20.95858303
12/6/2019 15:00,20.93130001
12/6/2019 16:00,20.80589529
12/6/2019 17:00,21.08934582
12/6/2019 18:00,20.77880646
12/6/2019 19:00,20.79024533
12/6/2019 20:00,20.76645909
12/6/2019 21:00,20.9194324
12/6/2019 22:00,21.07862133
12/6/2019 23:00,21.16374704
13/6/2019 0:00,21.26208763
13/6/2019 1:00,21.36571554
13/6/2019 2:00,21.41780309
13/6/2019 3:00,21.40577604
13/6/2019 4:00,21.36670204
13/6/2019 5:00,21.23277107
13/6/2019 6:00,21.01979342
13/6/2019 7:00,21.01994477
13/6/2019 8:00,21.11100846
13/6/2019 9:00,21.2060266
13/6/2019 10:00,21.2453651
13/6/2019 11:00,21.20837249
13/6/2019 12:00,21.18925465
13/6/2019 13:00,21.22961533
13/6/2019 14:00,20.98861403
13/6/2019 15:00,20.87906083
13/6/2019 16:00,20.91582604
13/6/2019 17:00,21.07445157
13/6/2019 18:00,20.80530419
13/6/2019 19:00,20.66343438
13/6/2019 20:00,20.75400864
13/6/2019 21:00,20.86267878
13/6/2019 22:00,21.02949885
13/6/2019 23:00,21.15883963
14/6/2019 0:00,21.25601039
14/6/2019 1:00,21.37710831
14/6/2019 2:00,21.39236827
14/6/2019 3:00,21.42042862
14/6/2019 4:00,21.35607793
14/6/2019 5:00,21.21467918
14/6/2019 6:00,21.07090758
14/6/2019 7:00,21.10028116
14/6/2019 8:00,21.17944583
14/6/2019 9:00,21.18728454
14/6/2019 10:00,21.22126202
14/6/2019 11:00,21.14900683
14/6/2019 12:00,21.19041866
14/6/2019 13:00,21.25592806
14/6/2019 14:00,21.00463426
14/6/2019 15:00,20.93009794
14/6/2019 16:00,20.78566388
14/6/2019 17:00,21.06252842
14/6/2019 18:00,20.85545353
14/6/2019 19:00,20.75598349
14/6/2019 20:00,20.79444426
14/6/2019 21:00,20.90061272
14/6/2019 22:00,20.99420869
14/6/2019 23:00,21.16467521
15/6/2019 0:00,21.42892522
15/6/2019 1:00,21.42511962
15/6/2019 2:00,21.49404745
15/6/2019 3:00,21.49709589
15/6/2019 4:00,21.48972068
15/6/2019 5:00,21.37099875
15/6/2019 6:00,21.20590092
15/6/2019 7:00,21.24242643
15/6/2019 8:00,21.26411356
15/6/2019 9:00,21.32269901
15/6/2019 10:00,21.38169132
15/6/2019 11:00,21.33581152
15/6/2019 12:00,21.31360427
15/6/2019 13:00,21.34906492
15/6/2019 14:00,21.1727316
15/6/2019 15:00,21.07521461
15/6/2019 16:00,21.04455648
15/6/2019 17:00,21.19931002
15/6/2019 18:00,21.01098057
15/6/2019 19:00,20.98194763
15/6/2019 20:00,20.94802643
15/6/2019 21:00,21.02752086
15/6/2019 22:00,21.10868496
15/6/2019 23:00,21.34101138
16/6/2019 0:00,21.40819675
16/6/2019 1:00,21.50343561
16/6/2019 2:00,21.48463123
16/6/2019 3:00,21.52102065
16/6/2019 4:00,21.44109878
16/6/2019 5:00,21.39635849
16/6/2019 6:00,21.26047134
16/6/2019 7:00,21.20016551
16/6/2019 8:00,21.35823904
16/6/2019 9:00,21.32898464
16/6/2019 10:00,21.41526948
16/6/2019 11:00,21.30310933
16/6/2019 12:00,21.37058837
16/6/2019 13:00,21.3596701
16/6/2019 14:00,21.13903725
16/6/2019 15:00,21.072128
16/6/2019 16:00,21.09210068
16/6/2019 17:00,21.24045138
16/6/2019 18:00,21.02982785
16/6/2019 19:00,20.92690675
16/6/2019 20:00,21.04225425
16/6/2019 21:00,21.0609195
16/6/2019 22:00,21.27280961
16/6/2019 23:00,21.32903677
17/6/2019 0:00,21.29994767
17/6/2019 1:00,21.33113415
17/6/2019 2:00,21.38412582
17/6/2019 3:00,21.43403952
17/6/2019 4:00,21.38711585
17/6/2019 5:00,21.24203836
17/6/2019 6:00,21.0531175
17/6/2019 7:00,21.03581481
17/6/2019 8:00,21.17587491
17/6/2019 9:00,21.18903608
17/6/2019 10:00,21.24484777
17/6/2019 11:00,21.1548107
17/6/2019 12:00,21.10802936
17/6/2019 13:00,21.25115422
17/6/2019 14:00,21.07892162
17/6/2019 15:00,20.86504602
17/6/2019 16:00,20.89557273
17/6/2019 17:00,21.09007725
17/6/2019 18:00,20.86343244
17/6/2019 19:00,20.74081403
17/6/2019 20:00,20.72461439
17/6/2019 21:00,20.8611112
17/6/2019 22:00,21.00271946
17/6/2019 23:00,21.21091073
18/6/2019 0:00,21.28761651
18/6/2019 1:00,21.34596042
18/6/2019 2:00,21.3846273
18/6/2019 3:00,21.40379787
18/6/2019 4:00,21.36471179
18/6/2019 5:00,21.24730165
18/6/2019 6:00,21.05067171
18/6/2019 7:00,21.01691528
18/6/2019 8:00,21.1623227
18/6/2019 9:00,21.20770194
18/6/2019 10:00,21.23302913
18/6/2019 11:00,21.15875824
18/6/2019 12:00,21.17917649
18/6/2019 13:00,21.21603602
18/6/2019 14:00,21.01378101
18/6/2019 15:00,20.88875456
18/6/2019 16:00,20.86223908
18/6/2019 17:00,21.0759339
18/6/2019 18:00,20.83137389
18/6/2019 19:00,20.72959466
18/6/2019 20:00,20.79061584
18/6/2019 21:00,20.89153971
18/6/2019 22:00,21.03150279
18/6/2019 23:00,21.17006119
19/6/2019 0:00,21.25062317
19/6/2019 1:00,21.33545946
19/6/2019 2:00,21.36329397
19/6/2019 3:00,21.4089021
19/6/2019 4:00,21.34763017
19/6/2019 5:00,21.23990291
19/6/2019 6:00,21.08200837
19/6/2019 7:00,21.00596426
19/6/2019 8:00,21.19035541
19/6/2019 9:00,21.22313007
19/6/2019 10:00,21.22525954
19/6/2019 11:00,21.14483182
19/6/2019 12:00,21.20853256
19/6/2019 13:00,21.1828472
19/6/2019 14:00,20.99350299
19/6/2019 15:00,20.91697712
19/6/2019 16:00,20.92366065
19/6/2019 17:00,21.08137048
19/6/2019 18:00,20.84920816
19/6/2019 19:00,20.72470606
19/6/2019 20:00,20.80556709
19/6/2019 21:00,20.96741106
19/6/2019 22:00,21.04444773
19/6/2019 23:00,21.17888667
20/6/2019 0:00,21.27159716
20/6/2019 1:00,21.36228671
20/6/2019 2:00,21.34737868
20/6/2019 3:00,21.44491151
20/6/2019 4:00,21.33483129
20/6/2019 5:00,21.25324175
20/6/2019 6:00,21.02324589
20/6/2019 7:00,21.0169352
20/6/2019 8:00,21.13333212
20/6/2019 9:00,21.22476434
20/6/2019 10:00,21.26799474
20/6/2019 11:00,21.12097876
20/6/2019 12:00,21.18715366
20/6/2019 13:00,21.21569787
20/6/2019 14:00,20.98167915
20/6/2019 15:00,20.93857574
20/6/2019 16:00,20.84657224
20/6/2019 17:00,21.09758336
20/6/2019 18:00,20.83735593
20/6/2019 19:00,20.7264718
20/6/2019 20:00,20.85228816
20/6/2019 21:00,20.92102334
20/6/2019 22:00,20.98637436
20/6/2019 23:00,21.14443847
21/6/2019 0:00,21.28919907
21/6/2019 1:00,21.34027077
21/6/2019 2:00,21.39114581
21/6/2019 3:00,21.37454565
21/6/2019 4:00,21.36927189
21/6/2019 5:00,21.24115965
21/6/2019 6:00,21.01352556
21/6/2019 7:00,21.04531156
21/6/2019 8:00,21.1222283
21/6/2019 9:00,21.25709656
21/6/2019 10:00,21.19396306
21/6/2019 11:00,21.17474911
21/6/2019 12:00,21.19161354
21/6/2019 13:00,21.27543461
21/6/2019 14:00,21.04160775
21/6/2019 15:00,20.9422468
21/6/2019 16:00,20.8984841
21/6/2019 17:00,21.08593644
21/6/2019 18:00,20.79420458
21/6/2019 19:00,20.72062325
21/6/2019 20:00,20.77793534
21/6/2019 21:00,20.93299437
21/6/2019 22:00,21.0608443
21/6/2019 23:00,21.11800464
22/6/2019 0:00,21.42900109
22/6/2019 1:00,21.42975006
22/6/2019 2:00,21.49950846
22/6/2019 3:00,21.51102596
22/6/2019 4:00,21.45750233
22/6/2019 5:00,21.35070819
22/6/2019 6:00,21.21735051
22/6/2019 7:00,21.19990827
22/6/2019 8:00,21.31634848
22/6/2019 9:00,21.34651974
22/6/2019 10:00,21.35433658
22/6/2019 11:00,21.31185211
22/6/2019 12:00,21.31409967
22/6/2019 13:00,21.32317407
22/6/2019 14:00,21.18468507
22/6/2019 15:00,21.08105864
22/6/2019 16:00,21.11422125
22/6/2019 17:00,21.3095412
22/6/2019 18:00,21.017272
22/6/2019 19:00,20.94744882
22/6/2019 20:00,21.01290511
22/6/2019 21:00,21.07202489
22/6/2019 22:00,21.19895443
22/6/2019 23:00,21.28631092
23/6/2019 0:00,21.41153351
23/6/2019 1:00,21.4771646
23/6/2019 2:00,21.47645848
23/6/2019 3:00,21.51501065
23/6/2019 4:00,21.46794891
23/6/2019 5:00,21.38973846
23/6/2019 6:00,21.23240269
23/6/2019 7:00,21.18650194
23/6/2019 8:00,21.31346432
23/6/2019 9:00,21.34160211
23/6/2019 10:00,21.37842014
23/6/2019 11:00,21.35375336
23/6/2019 12:00,21.33498689
23/6/2019 13:00,21.33727287
23/6/2019 14:00,21.1982284
23/6/2019 15:00,21.09246352
23/6/2019 16:00,21.02705513
23/6/2019 17:00,21.25527594
23/6/2019 18:00,21.08083973
23/6/2019 19:00,20.94982915
23/6/2019 20:00,21.01184968
23/6/2019 21:00,21.11044874
23/6/2019 22:00,21.20217432
23/6/2019 23:00,21.30179321
24/6/2019 0:00,21.28785119
24/6/2019 1:00,21.33877596
24/6/2019 2:00,21.34438462
24/6/2019 3:00,21.4111814
24/6/2019 4:00,21.35837392
24/6/2019 5:00,21.26078223
24/6/2019 6:00,21.0776801
24/6/2019 7:00,21.03382653
24/6/2019 8:00,21.17141352
24/6/2019 9:00,21.19125218
24/6/2019 10:00,21.15994739
24/6/2019 11:00,21.17046965
24/6/2019 12:00,21.18094948
24/6/2019 13:00,21.20805784
24/6/2019 14:00,20.99338393
24/6/2019 15:00,20.87314182
24/6/2019 16:00,20.80820586
24/6/2019 17:00,21.1506437
24/6/2019 18:00,20.9253618
24/6/2019 19:00,20.75100156
24/6/2019 20:00,20.74534174
24/6/2019 21:00,20.95074746
24/6/2019 22:00,21.1314475
24/6/2019 23:00,21.15355193
25/6/2019 0:00,21.28145891
25/6/2019 1:00,21.37144463
25/6/2019 2:00,21.40644815
25/6/2019 3:00,21.42466983
25/6/2019 4:00,21.36219531
25/6/2019 5:00,21.26388045
25/6/2019 6:00,21.03388402
25/6/2019 7:00,21.11166105
25/6/2019 8:00,21.18399095
25/6/2019 9:00,21.23334465
25/6/2019 10:00,21.23272316
25/6/2019 11:00,21.16542507
25/6/2019 12:00,21.14588965
25/6/2019 13:00,21.25720989
25/6/2019 14:00,21.00348342
25/6/2019 15:00,20.85983174
25/6/2019 16:00,20.78473427
25/6/2019 17:00,21.08863508
25/6/2019 18:00,20.81759242
25/6/2019 19:00,20.80731755
25/6/2019 20:00,20.8888225
25/6/2019 21:00,20.85949164
25/6/2019 22:00,21.03168822
25/6/2019 23:00,21.13597611
26/6/2019 0:00,21.32227303
26/6/2019 1:00,21.33379062
26/6/2019 2:00,21.3431531
26/6/2019 3:00,21.39475445
26/6/2019 4:00,21.35841417
26/6/2019 5:00,21.24707503
26/6/2019 6:00,21.10151465
26/6/2019 7:00,20.96832098
26/6/2019 8:00,21.17796425
26/6/2019 9:00,21.19179601
26/6/2019 10:00,21.27264375
26/6/2019 11:00,21.19028948
26/6/2019 12:00,21.13329177
26/6/2019 13:00,21.22217218
26/6/2019 14:00,20.96338052
26/6/2019 15:00,20.89224642
26/6/2019 16:00,20.93464646
26/6/2019 17:00,21.04753315
26/6/2019 18:00,20.85496537
26/6/2019 19:00,20.69937968
26/6/2019 20:00,20.78957722
26/6/2019 21:00,20.94989719
26/6/2019 22:00,21.0260227
26/6/2019 23:00,21.10647442
27/6/2019 0:00,21.27515511
27/6/2019 1:00,21.34730612
27/6/2019 2:00,21.36077794
27/6/2019 3:00,21.39925934
27/6/2019 4:00,21.35994107
27/6/2019 5:00,21.27618446
27/6/2019 6:00,21.04349808
27/6/2019 7:00,20.98319348
27/6/2019 8:00,21.18858784
27/6/2019 9:00,21.17003505
27/6/2019 10:00,21.23431303
27/6/2019 11:00,21.18052197
27/6/2019 12:00,21.14234026
27/6/2019 13:00,21.21542563
27/6/2019 14:00,20.98067363
27/6/2019 15:00,20.89521096
27/6/2019 16:00,20.86239995
27/6/2019 17:00,21.05927608
27/6/2019 18:00,20.81954445
27/6/2019 19:00,20.81555178
27/6/2019 20:00,20.83673349
27/6/2019 21:00,20.85627692
27/6/2019 22:00,21.03590869
27/6/2019 23:00,21.18518174
28/6/2019 0:00,21.32189931
28/6/2019 1:00,21.37120006
28/6/2019 2:00,21.42935401
28/6/2019 3:00,21.40597926
28/6/2019 4:00,21.37832791
28/6/2019 5:00,21.27287923
28/6/2019 6:00,21.05358236
28/6/2019 7:00,21.00638752
28/6/2019 8:00,21.10462226
28/6/2019 9:00,21.25421586
28/6/2019 10:00,21.20466106
28/6/2019 11:00,21.13250279
28/6/2019 12:00,21.20506012
28/6/2019 13:00,21.21486755
28/6/2019 14:00,21.03783039
28/6/2019 15:00,20.89310063
28/6/2019 16:00,20.81420989
28/6/2019 17:00,21.06130021
28/6/2019 18:00,20.81212179
28/6/2019 19:00,20.74817276
28/6/2019 20:00,20.85162502
28/6/2019 21:00,20.8994374
28/6/2019 22:00,20.99120662
28/6/2019 23:00,21.21410559
29/6/2019 0:00,21.43579832
29/6/2019 1:00,21.45995565
29/6/2019 2:00,21.51335025
29/6/2019 3:00,21.52545418
29/6/2019 4:00,21.4861808
29/6/2019 5:00,21.40951302
29/6/2019 6:00,21.2413014
29/6/2019 7:00,21.16890468
29/6/2019 8:00,21.34662339
29/6/2019 9:00,21.39087945
29/6/2019 10:00,21.38807454
29/6/2019 11:00,21.2927524
29/6/2019 12:00,21.3324665
29/6/2019 13:00,21.36846087
29/6/2019 14:00,21.18955147
29/6/2019 15:00,21.14176947
29/6/2019 16:00,21.04756077
29/6/2019 17:00,21.23020339
29/6/2019 18:00,21.04426674
29/6/2019 19:00,20.90757446
29/6/2019 20:00,21.03401574
29/6/2019 21:00,21.04386938
29/6/2019 22:00,21.19293418
29/6/2019 23:00,21.32191572
30/6/2019 0:00,21.41378885
30/6/2019 1:00,21.46456031
30/6/2019 2:00,21.47215301
30/6/2019 3:00,21.53060865
30/6/2019 4:00,21.49267823
30/6/2019 5:00,21.35597119
30/6/2019 6:00,21.23084847
30/6/2019 7:00,21.16248696
30/6/2019 8:00,21.27066205
30/6/2019 9:00,21.35600509
30/6/2019 10:00,21.3453358
30/6/2019 11:00,21.32558785
30/6/2019 12:00,21.29593992
30/6/2019 13:00,21.34476494
30/6/2019 14:00,21.17046095
30/6/2019 15:00,21.10268731
30/6/2019 16:00,21.11352316
30/6/2019 17:00,21.22207948
30/6/2019 18:00,21.0981382
30/6/2019 19:00,20.95549632
30/6/2019 20:00,20.96261454
30/6/2019 21:00,21.07366695
30/6/2019 22:00,21.14257783
30/6/2019 23:00,21.28881038
1/7/2019 0:00,21.30412794
1/7/2019 1:00,21.34532135
1/7/2019 2:00,21.38567694
1/7/2019 3:00,21.43783469
1/7/2019 4:00,21.38610234
1/7/2019 5:00,21.26214613
1/7/2019 6:00,21.11665574
1/7/2019 7:00,21.0122413
1/7/2019 8:00,21.16483389
1/7/2019 9:00,21.24860189
1/7/2019 10:00,21.21498151
1/7/2019 11:00,21.13076813
1/7/2019 12:00,21.16663496
1/7/2019 13:00,21.22289653
1/7/2019 14:00,20.99665591
1/7/2019 15:00,20.86718745
1/7/2019 16:00,20.85474023
1/7/2019 17:00,21.1043537
1/7/2019 18:00,20.82064443
1/7/2019 19:00,20.67785822
1/7/2019 20:00,20.81517383
1/7/2019 21:00,20.81181956
1/7/2019 22:00,21.04902104
1/7/2019 23:00,21.16912503
2/7/2019 0:00,21.30459699
2/7/2019 1:00,21.34073546
2/7/2019 2:00,21.42317797
2/7/2019 3:00,21.4155544
2/7/2019 4:00,21.38955029
2/7/2019 5:00,21.24371658
2/7/2019 6:00,21.01758585
2/7/2019 7:00,20.99251078
2/7/2019 8:00,21.22939637
2/7/2019 9:00,21.14580119
2/7/2019 10:00,21.2190487
2/7/2019 11:00,21.17651411
2/7/2019 12:00,21.16810602
2/7/2019 13:00,21.20512837
2/7/2019 14:00,21.03355492
2/7/2019 15:00,20.87877219
2/7/2019 16:00,20.88534957
2/7/2019 17:00,21.08852382
2/7/2019 18:00,20.85853834
2/7/2019 19:00,20.7913577
2/7/2019 20:00,20.78460675
2/7/2019 21:00,20.86934287
2/7/2019 22:00,21.01432163
2/7/2019 23:00,21.14635608
3/7/2019 0:00,21.27941932
3/7/2019 1:00,21.35841913
3/7/2019 2:00,21.36600851
3/7/2019 3:00,21.43300691
3/7/2019 4:00,21.38519937
3/7/2019 5:00,21.2728161
3/7/2019 6:00,21.01537133
3/7/2019 7:00,20.98550044
3/7/2019 8:00,21.14852633
3/7/2019 9:00,21.17676753
3/7/2019 10:00,21.25226211
3/7/2019 11:00,21.13968642
3/7/2019 12:00,21.17176233
3/7/2019 13:00,21.18105927
3/7/2019 14:00,21.00890239
3/7/2019 15:00,20.8957825
3/7/2019 16:00,20.83523297
3/7/2019 17:00,21.04423798
3/7/2019 18:00,20.85703624
3/7/2019 19:00,20.73223296
3/7/2019 20:00,20.8341542
3/7/2019 21:00,20.98589228
3/7/2019 22:00,21.02481613
3/7/2019 23:00,21.15246081
4/7/2019 0:00,21.28099356
4/7/2019 1:00,21.39149882
4/7/2019 2:00,21.3923995
4/7/2019 3:00,21.45149617
4/7/2019 4:00,21.33349582
4/7/2019 5:00,21.27603722
4/7/2019 6:00,21.00886084
4/7/2019 7:00,20.98221633
4/7/2019 8:00,21.18397572
4/7/2019 9:00,21.2316696
4/7/2019 10:00,21.21122328
4/7/2019 11:00,21.16853213
4/7/2019 12:00,21.15919051
4/7/2019 13:00,21.21514909
4/7/2019 14:00,21.06702706
4/7/2019 15:00,20.97061192
4/7/2019 16:00,20.85217628
4/7/2019 17:00,21.09224009
4/7/2019 18:00,20.85274024
4/7/2019 19:00,20.69950197
4/7/2019 20:00,20.74219496
4/7/2019 21:00,20.90186403
4/7/2019 22:00,21.04285676
4/7/2019 23:00,21.15560622
5/7/2019 0:00,21.32185801
5/7/2019 1:00,21.34073822
5/7/2019 2:00,21.37239261
5/7/2019 3:00,21.38913786
5/7/2019 4:00,21.40872881
5/7/2019 5:00,21.26745239
5/7/2019 6:00,21.07954379
5/7/2019 7:00,21.01354888
5/7/2019 8:00,21.14835221
5/7/2019 9:00,21.16461721
5/7/2019 10:00,21.24318557
5/7/2019 11:00,21.16796446
5/7/2019 12:00,21.14049205
5/7/2019 13:00,21.20698727
5/7/2019 14:00,20.97641174
5/7/2019 15:00,20.88706059
5/7/2019 16:00,20.9160795
5/7/2019 17:00,21.12230704
5/7/2019 18:00,20.8937846
5/7/2019 19:00,20.70096559
5/7/2019 20:00,20.74156858
5/7/2019 21:00,20.82128821
5/7/2019 22:00,21.00335831
5/7/2019 23:00,21.13642999
6/7/2019 0:00,21.42570237
6/7/2019 1:00,21.48522731
6/7/2019 2:00,21.47907882
6/7/2019 3:00,21.50347909
6/7/2019 4:00,21.47599383
6/7/2019 5:00,21.37045758
6/7/2019 6:00,21.20499703
6/7/2019 7:00,21.14947141
6/7/2019 8:00,21.27738744
6/7/2019 9:00,21.33548485
6/7/2019 10:00,21.35102093
6/7/2019 11:00,21.2956328
6/7/2019 12:00,21.33844098
6/7/2019 13:00,21.34167475
6/7/2019 14:00,21.23353628
6/7/2019 15:00,21.05542633
6/7/2019 16:00,21.10389321
6/7/2019 17:00,21.2315416
6/7/2019 18:00,21.05817429
6/7/2019 19:00,20.92398086
6/7/2019 20:00,20.99631544
6/7/2019 21:00,21.13036932
6/7/2019 22:00,21.18547289
6/7/2019 23:00,21.32777555
7/7/2019 0:00,21.39460322
7/7/2019 1:00,21.46241938
7/7/2019 2:00,21.4875797
7/7/2019 3:00,21.52844829
7/7/2019 4:00,21.48935847
7/7/2019 5:00,21.38932022
7/7/2019 6:00,21.19077831
7/7/2019 7:00,21.14046787
7/7/2019 8:00,21.33273019
7/7/2019 9:00,21.32747
7/7/2019 10:00,21.42292065
7/7/2019 11:00,21.34071487
7/7/2019 12:00,21.35214508
7/7/2019 13:00,21.39280673
7/7/2019 14:00,21.2407814
7/7/2019 15:00,21.07832281
7/7/2019 16:00,21.07435008
7/7/2019 17:00,21.23030754
7/7/2019 18:00,21.0072037
7/7/2019 19:00,20.93440412
7/7/2019 20:00,20.97241806
7/7/2019 21:00,21.08197821
7/7/2019 22:00,21.23047236
7/7/2019 23:00,21.28801424
8/7/2019 0:00,21.30249292
8/7/2019 1:00,21.36783339
8/7/2019 2:00,21.38856919
8/7/2019 3:00,21.42344535
8/7/2019 4:00,21.37421093
8/7/2019 5:00,21.23818594
8/7/2019 6:00,21.03921777
8/7/2019 7:00,21.04726451
8/7/2019 8:00,21.1776127
8/7/2019 9:00,21.17859456
8/7/2019 10:00,21.21913288
8/7/2019 11:00,21.09620695
8/7/2019 12:00,21.14531455
8/7/2019 13:00,21.18642205
8/7/2019 14:00,21.06739468
8/7/2019 15:00,20.86688244
8/7/2019 16:00,20.8702784
8/7/2019 17:00,21.09603306
8/7/2019 18:00,20.82497163
8/7/2019 19:00,20.688704
8/7/2019 20:00,20.7699691
8/7/2019 21:00,20.92479082
8/7/2019 22:00,21.00672102
8/7/2019 23:00,21.18846667
9/7/2019 0:00,21.28214072
9/7/2019 1:00,21.35305619
9/7/2019 2:00,21.38947626
9/7/2019 3:00,21.38728303
9/7/2019 4:00,21.38837031
9/7/2019 5:00,21.1956845
9/7/2019 6:00,21.11032963
9/7/2019 7:00,21.03659871
9/7/2019 8:00,21.14956497
9/7/2019 9:00,21.18891376
9/7/2019 10:00,21.23341064
9/7/2019 11:00,21.15920325
9/7/2019 12:00,21.16771814
9/7/2019 13:00,21.22499931
9/7/2019 14:00,20.97269629
9/7/2019 15:00,20.86357742
9/7/2019 16:00,20.83334869
9/7/2019 17:00,21.10825896
9/7/2019 18:00,20.83442774
9/7/2019 19:00,20.74256939
9/7/2019 20:00,20.83198377
9/7/2019 21:00,20.87788492
9/7/2019 22:00,21.04942122
9/7/2019 23:00,21.15111586
10/7/2019 0:00,21.31462931
10/7/2019 1:00,21.30567996
10/7/2019 2:00,21.40447447
10/7/2019 3:00,21.3990733
10/7/2019 4:00,21.34667377
10/7/2019 5:00,21.26240752
10/7/2019 6:00,21.02241294
10/7/2019 7:00,21.05838324
10/7/2019 8:00,21.12031325
10/7/2019 9:00,21.20859478
10/7/2019 10:00,21.25009514
10/7/2019 11:00,21.16902648
10/7/2019 12:00,21.15859798
10/7/2019 13:00,21.23583213
10/7/2019 14:00,21.04537968
10/7/2019 15:00,20.90047642
10/7/2019 16:00,20.90973492
10/7/2019 17:00,21.01725049
10/7/2019 18:00,20.85345938
10/7/2019 19:00,20.69362418
10/7/2019 20:00,20.781984
10/7/2019 21:00,20.92880011
10/7/2019 22:00,21.03170137
10/7/2019 23:00,21.14739549
11/7/2019 0:00,21.29237229
11/7/2019 1:00,21.31801607
11/7/2019 2:00,21.36197275
11/7/2019 3:00,21.38399008
11/7/2019 4:00,21.37517147
11/7/2019 5:00,21.27587303
11/7/2019 6:00,21.07133853
11/7/2019 7:00,21.01224786
11/7/2019 8:00,21.15152164
11/7/2019 9:00,21.27423779
11/7/2019 10:00,21.23713181
11/7/2019 11:00,21.15655954
11/7/2019 12:00,21.19061091
11/7/2019 13:00,21.1840198
11/7/2019 14:00,21.00528726
11/7/2019 15:00,20.84397136
11/7/2019 16:00,20.87619314
11/7/2019 17:00,21.05062927
11/7/2019 18:00,20.76699943
11/7/2019 19:00,20.67281927
11/7/2019 20:00,20.83553834
11/7/2019 21:00,20.9011495
11/7/2019 22:00,21.04300891
11/7/2019 23:00,21.15592107
12/7/2019 0:00,21.27026422
12/7/2019 1:00,21.36557422
12/7/2019 2:00,21.38312399
12/7/2019 3:00,21.44723667
12/7/2019 4:00,21.33184737
12/7/2019 5:00,21.26086587
12/7/2019 6:00,21.0491741
12/7/2019 7:00,21.02904849
12/7/2019 8:00,21.13338307
12/7/2019 9:00,21.29225559
12/7/2019 10:00,21.23735174
12/7/2019 11:00,21.16573457
12/7/2019 12:00,21.19685342
12/7/2019 13:00,21.17413481
12/7/2019 14:00,21.05524251
12/7/2019 15:00,20.87193929
12/7/2019 16:00,20.85974418
12/7/2019 17:00,21.04060327
12/7/2019 18:00,20.85889665
12/7/2019 19:00,20.76122569
12/7/2019 20:00,20.74539257
12/7/2019 21:00,20.87541325
12/7/2019 22:00,21.08293056
12/7/2019 23:00,21.18563111
13/7/2019 0:00,21.40514171
13/7/2019 1:00,21.44591704
13/7/2019 2:00,21.50765128
13/7/2019 3:00,21.56389319
13/7/2019 4:00,21.46801254
13/7/2019 5:00,21.4062802
13/7/2019 6:00,21.26965423
13/7/2019 7:00,21.26837174
13/7/2019 8:00,21.29239666
13/7/2019 9:00,21.34846295
13/7/2019 10:00,21.37682309
13/7/2019 11:00,21.27460248
13/7/2019 12:00,21.31072811
13/7/2019 13:00,21.31998991
13/7/2019 14:00,21.22996173
13/7/2019 15:00,21.08393873
13/7/2019 16:00,21.11225143
13/7/2019 17:00,21.24196254
13/7/2019 18:00,21.0375344
13/7/2019 19:00,20.92132741
13/7/2019 20:00,20.99357119
13/7/2019 21:00,21.05993784
13/7/2019 22:00,21.17754376
13/7/2019 23:00,21.2612804
14/7/2019 0:00,21.42007343
14/7/2019 1:00,21.48098693
14/7/2019 2:00,21.49037073
14/7/2019 3:00,21.52563119
14/7/2019 4:00,21.44959043
14/7/2019 5:00,21.3854112
14/7/2019 6:00,21.22950982
14/7/2019 7:00,21.20106326
14/7/2019 8:00,21.29296704
14/7/2019 9:00,21.35280521
14/7/2019 10:00,21.38378061
14/7/2019 11:00,21.26243515
14/7/2019 12:00,21.34087405
14/7/2019 13:00,21.34894301
14/7/2019 14:00,21.16189477
14/7/2019 15:00,21.12932037
14/7/2019 16:00,21.04013644
14/7/2019 17:00,21.26270869
14/7/2019 18:00,21.00122289
14/7/2019 19:00,20.97880754
14/7/2019 20:00,20.97120757
14/7/2019 21:00,21.04457289
14/7/2019 22:00,21.17311096
14/7/2019 23:00,21.30763308
15/7/2019 0:00,21.2934593
15/7/2019 1:00,21.35944049
15/7/2019 2:00,21.3519916
15/7/2019 3:00,21.41885647
15/7/2019 4:00,21.38829924
15/7/2019 5:00,21.22966725
15/7/2019 6:00,21.07691518
15/7/2019 7:00,21.05016339
15/7/2019 8:00,21.2071726
15/7/2019 9:00,21.22477386
15/7/2019 10:00,21.23710141
15/7/2019 11:00,21.15169202
15/7/2019 12:00,21.15088711
15/7/2019 13:00,21.20131275
15/7/2019 14:00,21.02385785
15/7/2019 15:00,20.90315319
15/7/2019 16:00,20.8495707
15/7/2019 17:00,21.03849083
15/7/2019 18:00,20.82685471
15/7/2019 19:00,20.74984768
15/7/2019 20:00,20.8314606
15/7/2019 21:00,20.94620138
15/7/2019 22:00,21.00926606
15/7/2019 23:00,21.15335529
16/7/2019 0:00,21.27302115
16/7/2019 1:00,21.34897039
16/7/2019 2:00,21.35341533
16/7/2019 3:00,21.41422167
16/7/2019 4:00,21.34294843
16/7/2019 5:00,21.24832777
16/7/2019 6:00,21.07054697
16/7/2019 7:00,20.99675622
16/7/2019 8:00,21.15092924
16/7/2019 9:00,21.1988323
16/7/2019 10:00,21.22973427
16/7/2019 11:00,21.15669274
16/7/2019 12:00,21.10596559
16/7/2019 13:00,21.18078347
16/7/2019 14:00,20.99195299
16/7/2019 15:00,20.8894103
16/7/2019 16:00,20.82672658
16/7/2019 17:00,21.06085375
16/7/2019 18:00,20.83034163
16/7/2019 19:00,20.74270313
16/7/2019 20:00,20.79394892
16/7/2019 21:00,21.01118152
16/7/2019 22:00,21.02447777
16/7/2019 23:00,21.18416441
17/7/2019 0:00,21.24731737
17/7/2019 1:00,21.34550781
17/7/2019 2:00,21.41094778
17/7/2019 3:00,21.40487223
17/7/2019 4:00,21.38850501
17/7/2019 5:00,21.23475716
17/7/2019 6:00,21.0415501
17/7/2019 7:00,20.9869368
17/7/2019 8:00,21.19055042
17/7/2019 9:00,21.21266573
17/7/2019 10:00,21.27515212
17/7/2019 11:00,21.14191724
17/7/2019 12:00,21.16749903
17/7/2019 13:00,21.20544782
17/7/2019 14:00,21.01993183
17/7/2019 15:00,20.8800943
17/7/2019 16:00,20.8058765
17/7/2019 17:00,21.08810264
17/7/2019 18:00,20.8261556
17/7/2019 19:00,20.77644182
17/7/2019 20:00,20.82634085
17/7/2019 21:00,20.88783263
17/7/2019 22:00,20.99464003
17/7/2019 23:00,21.17746229
18/7/2019 0:00,21.29357587
18/7/2019 1:00,21.35547717
18/7/2019 2:00,21.39647173
18/7/2019 3:00,21.39744273
18/7/2019 4:00,21.39875287
18/7/2019 5:00,21.21333263
18/7/2019 6:00,21.0726513
18/7/2019 7:00,20.99477671
18/7/2019 8:00,21.20504244
18/7/2019 9:00,21.19452495
18/7/2019 10:00,21.21838048
18/7/2019 11:00,21.14968199
18/7/2019 12:00,21.20944531
18/7/2019 13:00,21.21044556
18/7/2019 14:00,21.05755082
18/7/2019 15:00,20.901547
18/7/2019 16:00,20.82461349
18/7/2019 17:00,21.05116333
18/7/2019 18:00,20.83082274
18/7/2019 19:00,20.77164721
18/7/2019 20:00,20.76399611
18/7/2019 21:00,20.89080525
18/7/2019 22:00,21.10867049
18/7/2019 23:00,21.14743522
19/7/2019 0:00,21.28822876
19/7/2019 1:00,21.31779712
19/7/2019 2:00,21.40887553
19/7/2019 3:00,21.47205017
19/7/2019 4:00,21.35835718
19/7/2019 5:00,21.23957706
19/7/2019 6:00,21.10609397
19/7/2019 7:00,21.05037815
19/7/2019 8:00,21.08147948
19/7/2019 9:00,21.2177529
19/7/2019 10:00,21.21379799
19/7/2019 11:00,21.17704414
19/7/2019 12:00,21.23441436
19/7/2019 13:00,21.21438064
19/7/2019 14:00,21.01799918
19/7/2019 15:00,20.89932563
19/7/2019 16:00,20.86397781
19/7/2019 17:00,21.06590605
19/7/2019 18:00,20.83662702
19/7/2019 19:00,20.78409997
19/7/2019 20:00,20.77057332
19/7/2019 21:00,20.96522139
19/7/2019 22:00,21.09971417
19/7/2019 23:00,21.14869231
20/7/2019 0:00,21.40257289
20/7/2019 1:00,21.46357714
20/7/2019 2:00,21.52101148
20/7/2019 3:00,21.52391895
20/7/2019 4:00,21.48309601
20/7/2019 5:00,21.41463505
20/7/2019 6:00,21.23377283
20/7/2019 7:00,21.16619316
20/7/2019 8:00,21.27199958
20/7/2019 9:00,21.35588803
20/7/2019 10:00,21.34935772
20/7/2019 11:00,21.35074236
20/7/2019 12:00,21.30252243
20/7/2019 13:00,21.36819493
20/7/2019 14:00,21.17057677
20/7/2019 15:00,21.08307005
20/7/2019 16:00,21.01002101
20/7/2019 17:00,21.25672793
20/7/2019 18:00,21.00754835
20/7/2019 19:00,20.95412807
20/7/2019 20:00,21.00060844
20/7/2019 21:00,21.08561112
20/7/2019 22:00,21.22093107
20/7/2019 23:00,21.31408337
21/7/2019 0:00,21.41469898
21/7/2019 1:00,21.45768811
21/7/2019 2:00,21.49338988
21/7/2019 3:00,21.49656578
21/7/2019 4:00,21.46032415
21/7/2019 5:00,21.40250348
21/7/2019 6:00,21.18949187
21/7/2019 7:00,21.21909846
21/7/2019 8:00,21.29315578
21/7/2019 9:00,21.33286965
21/7/2019 10:00,21.41493253
21/7/2019 11:00,21.30817557
21/7/2019 12:00,21.33911703
21/7/2019 13:00,21.37720813
21/7/2019 14:00,21.15280192
21/7/2019 15:00,21.10393758
21/7/2019 16:00,21.0839947
21/7/2019 17:00,21.23244743
21/7/2019 18:00,21.00582278
21/7/2019 19:00,20.94914256
21/7/2019 20:00,20.95482041
21/7/2019 21:00,21.06287981
21/7/2019 22:00,21.25814338
21/7/2019 23:00,21.32659941
22/7/2019 0:00,21.30180465
22/7/2019 1:00,21.33474
22/7/2019 2:00,21.44266544
22/7/2019 3:00,21.34878096
22/7/2019 4:00,21.35261802
22/7/2019 5:00,21.2433579
22/7/2019 6:00,21.01135599
22/7/2019 7:00,20.93679605
22/7/2019 8:00,21.13961699
22/7/2019 9:00,21.18530302
22/7/2019 10:00,21.23256745
22/7/2019 11:00,21.16411117
22/7/2019 12:00,21.19144105
22/7/2019 13:00,21.23673109
22/7/2019 14:00,21.03766314
22/7/2019 15:00,20.94221317
22/7/2019 16:00,20.86751106
22/7/2019 17:00,21.13039722
22/7/2019 18:00,20.82352248
22/7/2019 19:00,20.7311641
22/7/2019 20:00,20.78456146
22/7/2019 21:00,20.91131218
22/7/2019 22:00,20.92852075
22/7/2019 23:00,21.13071632
23/7/2019 0:00,21.31902508
23/7/2019 1:00,21.34051082
23/7/2019 2:00,21.39809333
23/7/2019 3:00,21.42563191
23/7/2019 4:00,21.39518318
23/7/2019 5:00,21.23584909
23/7/2019 6:00,21.0730382
23/7/2019 7:00,20.98458385
23/7/2019 8:00,21.13509548
23/7/2019 9:00,21.17203919
23/7/2019 10:00,21.25864137
23/7/2019 11:00,21.14714237
23/7/2019 12:00,21.16401439
23/7/2019 13:00,21.23407195
23/7/2019 14:00,21.04974892
23/7/2019 15:00,20.83838156
23/7/2019 16:00,20.86270997
23/7/2019 17:00,21.05874571
23/7/2019 18:00,20.8638801
23/7/2019 19:00,20.78217497
23/7/2019 20:00,20.814056
23/7/2019 21:00,20.89623871
23/7/2019 22:00,21.06694861
23/7/2019 23:00,21.17034557
24/7/2019 0:00,21.33021199
24/7/2019 1:00,21.37214146
24/7/2019 2:00,21.3697525
24/7/2019 3:00,21.39078605
24/7/2019 4:00,21.37362962
24/7/2019 5:00,21.27423212
24/7/2019 6:00,21.08374691
24/7/2019 7:00,21.02775852
24/7/2019 8:00,21.14107718
24/7/2019 9:00,21.17931826
24/7/2019 10:00,21.24344431
24/7/2019 11:00,21.1870141
24/7/2019 12:00,21.16492945
24/7/2019 13:00,21.23414437
24/7/2019 14:00,21.02906041
24/7/2019 15:00,20.83498605
24/7/2019 16:00,20.82775474
24/7/2019 17:00,21.06884505
24/7/2019 18:00,20.8811609
24/7/2019 19:00,20.72045928
24/7/2019 20:00,20.74677322
24/7/2019 21:00,20.90576723
24/7/2019 22:00,20.98637298
24/7/2019 23:00,21.13266781
25/7/2019 0:00,21.24551653
25/7/2019 1:00,21.33881665
25/7/2019 2:00,21.3716051
25/7/2019 3:00,21.37330213
25/7/2019 4:00,21.3545234
25/7/2019 5:00,21.2605711
25/7/2019 6:00,21.0653575
25/7/2019 7:00,21.00984501
25/7/2019 8:00,21.20186995
25/7/2019 9:00,21.21179317
25/7/2019 10:00,21.20037222
25/7/2019 11:00,21.21962913
25/7/2019 12:00,21.12927319
25/7/2019 13:00,21.17982536
25/7/2019 14:00,21.02906123
25/7/2019 15:00,20.86860953
25/7/2019 16:00,20.86290561
25/7/2019 17:00,21.03661179
25/7/2019 18:00,20.79177336
25/7/2019 19:00,20.78995517
25/7/2019 20:00,20.76640305
25/7/2019 21:00,20.89932983
25/7/2019 22:00,21.02874016
25/7/2019 23:00,21.19107962
26/7/2019 0:00,21.2433773
26/7/2019 1:00,21.32160393
26/7/2019 2:00,21.40100988
26/7/2019 3:00,21.43251456
26/7/2019 4:00,21.37348848
26/7/2019 5:00,21.2357885
26/7/2019 6:00,21.04229603
26/7/2019 7:00,20.97240415
26/7/2019 8:00,21.13579866
26/7/2019 9:00,21.17577766
26/7/2019 10:00,21.21774555
26/7/2019 11:00,21.19283855
26/7/2019 12:00,21.17676673
26/7/2019 13:00,21.17851
26/7/2019 14:00,21.01043506
26/7/2019 15:00,20.86584288
26/7/2019 16:00,20.87214898
26/7/2019 17:00,21.10674225
26/7/2019 18:00,20.83538108
26/7/2019 19:00,20.71623744
26/7/2019 20:00,20.81760251
26/7/2019 21:00,20.90046917
26/7/2019 22:00,21.06279797
26/7/2019 23:00,21.13769226
27/7/2019 0:00,21.41963017
27/7/2019 1:00,21.43377074
27/7/2019 2:00,21.46637947
27/7/2019 3:00,21.51253946
27/7/2019 4:00,21.49739095
27/7/2019 5:00,21.42552769
27/7/2019 6:00,21.2539383
27/7/2019 7:00,21.22404236
27/7/2019 8:00,21.27197655
27/7/2019 9:00,21.34033688
27/7/2019 10:00,21.35384528
27/7/2019 11:00,21.35592011
27/7/2019 12:00,21.34672369
27/7/2019 13:00,21.32736325
27/7/2019 14:00,21.1713027
27/7/2019 15:00,21.07828469
27/7/2019 16:00,21.03357415
27/7/2019 17:00,21.188091
27/7/2019 18:00,21.03587092
27/7/2019 19:00,20.94150796
27/7/2019 20:00,20.98849367
27/7/2019 21:00,21.00352392
27/7/2019 22:00,21.25594409
27/7/2019 23:00,21.29713006
28/7/2019 0:00,21.4158086
28/7/2019 1:00,21.45126575
28/7/2019 2:00,21.50724333
28/7/2019 3:00,21.51195683
28/7/2019 4:00,21.46439852
28/7/2019 5:00,21.30951022
28/7/2019 6:00,21.19116073
28/7/2019 7:00,21.20931411
28/7/2019 8:00,21.31736122
28/7/2019 9:00,21.35505091
28/7/2019 10:00,21.40715491
28/7/2019 11:00,21.31141781
28/7/2019 12:00,21.30199669
28/7/2019 13:00,21.3825221
28/7/2019 14:00,21.15610185
28/7/2019 15:00,21.06733429
28/7/2019 16:00,21.0858085
28/7/2019 17:00,21.24068257
28/7/2019 18:00,20.97594433
28/7/2019 19:00,20.91745155
28/7/2019 20:00,20.99484104
28/7/2019 21:00,21.08732139
28/7/2019 22:00,21.19511638
28/7/2019 23:00,21.32616966
29/7/2019 0:00,21.34069215
29/7/2019 1:00,21.29809497
29/7/2019 2:00,21.38118503
29/7/2019 3:00,21.39521911
29/7/2019 4:00,21.36602995
29/7/2019 5:00,21.26675843
29/7/2019 6:00,21.05588782
29/7/2019 7:00,21.06737593
29/7/2019 8:00,21.08977441
29/7/2019 9:00,21.24020374
29/7/2019 10:00,21.2628143
29/7/2019 11:00,21.17150698
29/7/2019 12:00,21.13831999
29/7/2019 13:00,21.20582469
29/7/2019 14:00,21.04658543
29/7/2019 15:00,20.83105527
29/7/2019 16:00,20.82689271
29/7/2019 17:00,21.05448415
29/7/2019 18:00,20.80181046
29/7/2019 19:00,20.62579299
29/7/2019 20:00,20.70032188
29/7/2019 21:00,20.91753913
29/7/2019 22:00,20.97724448
29/7/2019 23:00,21.15898834
30/7/2019 0:00,21.27500061
30/7/2019 1:00,21.3854977
30/7/2019 2:00,21.38840233
30/7/2019 3:00,21.4212946
30/7/2019 4:00,21.3458486
30/7/2019 5:00,21.21890356
30/7/2019 6:00,21.11763459
30/7/2019 7:00,21.01346716
30/7/2019 8:00,21.12214607
30/7/2019 9:00,21.20329187
30/7/2019 10:00,21.19945709
30/7/2019 11:00,21.13176952
30/7/2019 12:00,21.15172425
30/7/2019 13:00,21.2076115
30/7/2019 14:00,21.04224489
30/7/2019 15:00,20.92095438
30/7/2019 16:00,20.82678961
30/7/2019 17:00,21.07069439
30/7/2019 18:00,20.83591453
30/7/2019 19:00,20.74789579
30/7/2019 20:00,20.80318296
30/7/2019 21:00,20.85181265
30/7/2019 22:00,21.04267833
30/7/2019 23:00,21.20874579
31/7/2019 0:00,21.26881463
31/7/2019 1:00,21.35075317
31/7/2019 2:00,21.38393158
31/7/2019 3:00,21.36912648
31/7/2019 4:00,21.36517982
31/7/2019 5:00,21.23964013
31/7/2019 6:00,21.08836747
31/7/2019 7:00,21.02012617
31/7/2019 8:00,21.13678544
31/7/2019 9:00,21.2423033
31/7/2019 10:00,21.21731849
31/7/2019 11:00,21.14401423
31/7/2019 12:00,21.16609248
31/7/2019 13:00,21.17597136
31/7/2019 14:00,20.99401486
31/7/2019 15:00,20.82553904
31/7/2019 16:00,20.89731438
31/7/2019 17:00,21.06967152
31/7/2019 18:00,20.82731493
31/7/2019 19:00,20.77571524
31/7/2019 20:00,20.75116737
31/7/2019 21:00,20.80317758
31/7/2019 22:00,21.03206991
31/7/2019 23:00,21.15546516
1/8/2019 0:00,21.28548091
1/8/2019 1:00,21.36264624
1/8/2019 2:00,21.42491322
1/8/2019 3:00,21.41899156
1/8/2019 4:00,21.39636162
1/8/2019 5:00,21.20209252
1/8/2019 6:00,21.05369116
1/8/2019 7:00,21.02635751
1/8/2019 8:00,21.13336634
1/8/2019 9:00,21.23745189
1/8/2019 10:00,21.2514071
1/8/2019 11:00,21.15120205
1/8/2019 12:00,21.14163037
1/8/2019 13:00,21.19444524
1/8/2019 14:00,21.00169235
1/8/2019 15:00,20.88458644
1/8/2019 16:00,20.84700721
1/8/2019 17:00,21.0688617
1/8/2019 18:00,20.87178086
1/8/2019 19:00,20.72760385
1/8/2019 20:00,20.83478047
1/8/2019 21:00,20.88846678
1/8/2019 22:00,21.0475227
1/8/2019 23:00,21.09651277
2/8/2019 0:00,21.28862444
2/8/2019 1:00,21.37877642
2/8/2019 2:00,21.38760026
2/8/2019 3:00,21.39260633
2/8/2019 4:00,21.32656554
2/8/2019 5:00,21.26290523
2/8/2019 6:00,21.10199636
2/8/2019 7:00,20.98798839
2/8/2019 8:00,21.20191748
2/8/2019 9:00,21.2202918
2/8/2019 10:00,21.2390407
2/8/2019 11:00,21.15658638
2/8/2019 12:00,21.15318113
2/8/2019 13:00,21.22975923
2/8/2019 14:00,21.02233537
2/8/2019 15:00,20.89218468
2/8/2019 16:00,20.86108835
2/8/2019 17:00,21.07528962
2/8/2019 18:00,20.81395703
2/8/2019 19:00,20.69309485
2/8/2019 20:00,20.77443199
2/8/2019 21:00,20.87434095
2/8/2019 22:00,21.08416941
2/8/2019 23:00,21.1686102
3/8/2019 0:00,21.40315878
3/8/2019 1:00,21.44806519
3/8/2019 2:00,21.50789614
3/8/2019 3:00,21.52303214
3/8/2019 4:00,21.48906646
3/8/2019 5:00,21.36713181
3/8/2019 6:00,21.18488723
3/8/2019 7:00,21.1980623
3/8/2019 8:00,21.2885957
3/8/2019 9:00,21.34827262
3/8/2019 10:00,21.37622508
3/8/2019 11:00,21.31420589
3/8/2019 12:00,21.30813422
3/8/2019 13:00,21.34981413
3/8/2019 14:00,21.12527359
3/8/2019 15:00,21.11513191
3/8/2019 16:00,21.04407591
3/8/2019 17:00,21.24949752
3/8/2019 18:00,21.05771527
3/8/2019 19:00,20.94441139
3/8/2019 20:00,20.99040165
3/8/2019 21:00,20.98670132
3/8/2019 22:00,21.20241982
3/8/2019 23:00,21.34117348
4/8/2019 0:00,21.40755538
4/8/2019 1:00,21.503289
4/8/2019 2:00,21.49668634
4/8/2019 3:00,21.51077645
4/8/2019 4:00,21.4628006
4/8/2019 5:00,21.35737111
4/8/2019 6:00,21.22666923
4/8/2019 7:00,21.18625596
4/8/2019 8:00,21.32447619
4/8/2019 9:00,21.37029324
4/8/2019 10:00,21.35523085
4/8/2019 11:00,21.32982608
4/8/2019 12:00,21.32369996
4/8/2019 13:00,21.36801433
4/8/2019 14:00,21.1598977
4/8/2019 15:00,21.01316273
4/8/2019 16:00,21.09353044
4/8/2019 17:00,21.28146744
4/8/2019 18:00,21.0326565
4/8/2019 19:00,20.94345019
4/8/2019 20:00,20.98759346
4/8/2019 21:00,21.09394823
4/8/2019 22:00,21.20288165
4/8/2019 23:00,21.3048083
5/8/2019 0:00,21.26130394
5/8/2019 1:00,21.39162678
5/8/2019 2:00,21.39280012
5/8/2019 3:00,21.39919167
5/8/2019 4:00,21.3855927
5/8/2019 5:00,21.20137324
5/8/2019 6:00,21.07045483
5/8/2019 7:00,21.01366358
5/8/2019 8:00,21.14173142
5/8/2019 9:00,21.22104286
5/8/2019 10:00,21.27897412
5/8/2019 11:00,21.1651275
5/8/2019 12:00,21.14157738
5/8/2019 13:00,21.21830822
5/8/2019 14:00,21.03884432
5/8/2019 15:00,20.8515132
5/8/2019 16:00,20.87472755
5/8/2019 17:00,21.09138301
5/8/2019 18:00,20.82470031
5/8/2019 19:00,20.69625986
5/8/2019 20:00,20.69216989
5/8/2019 21:00,20.86015771
5/8/2019 22:00,20.99277064
5/8/2019 23:00,21.18466911
6/8/2019 0:00,21.31351159
6/8/2019 1:00,21.34450195
6/8/2019 2:00,21.38225233
6/8/2019 3:00,21.42700887
6/8/2019 4:00,21.36870164
6/8/2019 5:00,21.23672116
6/8/2019 6:00,21.0386463
6/8/2019 7:00,21.00075995
6/8/2019 8:00,21.15467248
6/8/2019 9:00,21.22280536
6/8/2019 10:00,21.24213438
6/8/2019 11:00,21.18449148
6/8/2019 12:00,21.11447188
6/8/2019 13:00,21.20241319
6/8/2019 14:00,21.01005157
6/8/2019 15:00,20.9153467
6/8/2019 16:00,20.74052545
6/8/2019 17:00,21.10653815
6/8/2019 18:00,20.84748743
6/8/2019 19:00,20.71161913
6/8/2019 20:00,20.76586864
6/8/2019 21:00,20.8551934
6/8/2019 22:00,20.97109271
6/8/2019 23:00,21.15543229
7/8/2019 0:00,21.31427223
7/8/2019 1:00,21.35197095
7/8/2019 2:00,21.37780436
7/8/2019 3:00,21.35917511
7/8/2019 4:00,21.39649442
7/8/2019 5:00,21.21541312
7/8/2019 6:00,21.04441934
7/8/2019 7:00,20.98839137
7/8/2019 8:00,21.16529754
7/8/2019 9:00,21.23148301
7/8/2019 10:00,21.21224493
7/8/2019 11:00,21.13882456
7/8/2019 12:00,21.14992515
7/8/2019 13:00,21.21698152
7/8/2019 14:00,21.03946668
7/8/2019 15:00,20.95413909
7/8/2019 16:00,20.83496164
7/8/2019 17:00,21.06373535
7/8/2019 18:00,20.86952545
7/8/2019 19:00,20.75284326
7/8/2019 20:00,20.80983173
7/8/2019 21:00,20.9476275
7/8/2019 22:00,21.05874515
7/8/2019 23:00,21.20277495
8/8/2019 0:00,21.29803423
8/8/2019 1:00,21.36323309
8/8/2019 2:00,21.42063193
8/8/2019 3:00,21.3601613
8/8/2019 4:00,21.33616875
8/8/2019 5:00,21.26791956
8/8/2019 6:00,21.04148749
8/8/2019 7:00,21.00344675
8/8/2019 8:00,21.12839507
8/8/2019 9:00,21.23344165
8/8/2019 10:00,21.20530781
8/8/2019 11:00,21.17626307
8/8/2019 12:00,21.21860197
8/8/2019 13:00,21.19612372
8/8/2019 14:00,20.97479283
8/8/2019 15:00,20.79382345
8/8/2019 16:00,20.91117062
8/8/2019 17:00,21.05182296
8/8/2019 18:00,20.84672851
8/8/2019 19:00,20.69571392
8/8/2019 20:00,20.85106844
8/8/2019 21:00,20.93931264
8/8/2019 22:00,21.05735354
8/8/2019 23:00,21.16778
9/8/2019 0:00,21.30380449
9/8/2019 1:00,21.33053153
9/8/2019 2:00,21.36185335
9/8/2019 3:00,21.39087688
9/8/2019 4:00,21.32781135
9/8/2019 5:00,21.23628356
9/8/2019 6:00,21.0895988
9/8/2019 7:00,20.96682941
9/8/2019 8:00,21.17456356
9/8/2019 9:00,21.17658966
9/8/2019 10:00,21.18450283
9/8/2019 11:00,21.14008265
9/8/2019 12:00,21.21838843
9/8/2019 13:00,21.23912401
9/8/2019 14:00,20.97003605
9/8/2019 15:00,20.89824284
9/8/2019 16:00,20.86144894
9/8/2019 17:00,21.05117657
9/8/2019 18:00,20.8028429
9/8/2019 19:00,20.7175453
9/8/2019 20:00,20.79920959
9/8/2019 21:00,20.90338334
9/8/2019 22:00,21.00286397
9/8/2019 23:00,21.15406121
10/8/2019 0:00,21.41883989
10/8/2019 1:00,21.44109239
10/8/2019 2:00,21.49737888
10/8/2019 3:00,21.5265271
10/8/2019 4:00,21.49261022
10/8/2019 5:00,21.40090337
10/8/2019 6:00,21.22062671
10/8/2019 7:00,21.14886966
10/8/2019 8:00,21.32651241
10/8/2019 9:00,21.34161492
10/8/2019 10:00,21.38263727
10/8/2019 11:00,21.31081258
10/8/2019 12:00,21.35782994
10/8/2019 13:00,21.35461761
10/8/2019 14:00,21.18400268
10/8/2019 15:00,21.05467029
10/8/2019 16:00,21.04293703
10/8/2019 17:00,21.26359272
10/8/2019 18:00,20.99217523
10/8/2019 19:00,20.93640675
10/8/2019 20:00,20.98829346
10/8/2019 21:00,21.08006003
10/8/2019 22:00,21.21175825
10/8/2019 23:00,21.30844773
11/8/2019 0:00,21.40324223
11/8/2019 1:00,21.496845
11/8/2019 2:00,21.5050294
11/8/2019 3:00,21.51569727
11/8/2019 4:00,21.47313943
11/8/2019 5:00,21.3524639
11/8/2019 6:00,21.23405561
11/8/2019 7:00,21.19548768
11/8/2019 8:00,21.31421336
11/8/2019 9:00,21.35783309
11/8/2019 10:00,21.36812406
11/8/2019 11:00,21.27707559
11/8/2019 12:00,21.33982735
11/8/2019 13:00,21.33591911
11/8/2019 14:00,21.22741117
11/8/2019 15:00,21.09176071
11/8/2019 16:00,21.0627125
11/8/2019 17:00,21.18663456
11/8/2019 18:00,21.03766776
11/8/2019 19:00,21.02344453
11/8/2019 20:00,21.06398476
11/8/2019 21:00,21.07868641
11/8/2019 22:00,21.18005893
11/8/2019 23:00,21.30461511
12/8/2019 0:00,21.28338205
12/8/2019 1:00,21.31873941
12/8/2019 2:00,21.39657876
12/8/2019 3:00,21.38450787
12/8/2019 4:00,21.40181246
12/8/2019 5:00,21.27124954
12/8/2019 6:00,21.10904588
12/8/2019 7:00,21.02438276
12/8/2019 8:00,21.1622256
12/8/2019 9:00,21.20597565
12/8/2019 10:00,21.2332167
12/8/2019 11:00,21.18910896
12/8/2019 12:00,21.18592562
12/8/2019 13:00,21.25712612
12/8/2019 14:00,20.96376545
12/8/2019 15:00,20.89505295
12/8/2019 16:00,20.87771708
12/8/2019 17:00,21.02316123
12/8/2019 18:00,20.87992182
12/8/2019 19:00,20.77814105
12/8/2019 20:00,20.83570584
12/8/2019 21:00,20.89411145
12/8/2019 22:00,21.01710108
12/8/2019 23:00,21.14867799
13/8/2019 0:00,21.22247916
13/8/2019 1:00,21.39848974
13/8/2019 2:00,21.37113169
13/8/2019 3:00,21.41579304
13/8/2019 4:00,21.3780545
13/8/2019 5:00,21.26370735
13/8/2019 6:00,21.07986054
13/8/2019 7:00,20.95885577
13/8/2019 8:00,21.1374677
13/8/2019 9:00,21.20795138
13/8/2019 10:00,21.19610495
13/8/2019 11:00,21.20268966
13/8/2019 12:00,21.216917
13/8/2019 13:00,21.2766097
13/8/2019 14:00,21.04042525
13/8/2019 15:00,20.88631226
13/8/2019 16:00,20.86056632
13/8/2019 17:00,21.07059879
13/8/2019 18:00,20.88666309
13/8/2019 19:00,20.69485672
13/8/2019 20:00,20.78074085
13/8/2019 21:00,20.86373403
13/8/2019 22:00,21.09448302
13/8/2019 23:00,21.16106035
14/8/2019 0:00,21.31759376
14/8/2019 1:00,21.35525359
14/8/2019 2:00,21.3727812
14/8/2019 3:00,21.40183558
14/8/2019 4:00,21.38408257
14/8/2019 5:00,21.2471355
14/8/2019 6:00,21.1001826
14/8/2019 7:00,20.97698173
14/8/2019 8:00,21.16844266
14/8/2019 9:00,21.17868719
14/8/2019 10:00,21.25000387
14/8/2019 11:00,21.17707751
14/8/2019 12:00,21.20453725
14/8/2019 13:00,21.19637866
14/8/2019 14:00,21.04779328
14/8/2019 15:00,20.87381764
14/8/2019 16:00,20.88359642
14/8/2019 17:00,21.14143876
14/8/2019 18:00,20.85360505
14/8/2019 19:00,20.78044541
14/8/2019 20:00,20.78921912
14/8/2019 21:00,20.93657934
14/8/2019 22:00,21.00058894
14/8/2019 23:00,21.17269181
15/8/2019 0:00,21.29210291
15/8/2019 1:00,21.3306056
15/8/2019 2:00,21.36325136
15/8/2019 3:00,21.40423078
15/8/2019 4:00,21.38225619
15/8/2019 5:00,21.29420753
15/8/2019 6:00,21.07252485
15/8/2019 7:00,21.03714504
15/8/2019 8:00,21.15851117
15/8/2019 9:00,21.21714948
15/8/2019 10:00,21.21443777
15/8/2019 11:00,21.17825138
15/8/2019 12:00,21.18333903
15/8/2019 13:00,21.18774468
15/8/2019 14:00,21.01150059
15/8/2019 15:00,20.8994826
15/8/2019 16:00,20.89129713
15/8/2019 17:00,21.09819993
15/8/2019 18:00,20.86468832
15/8/2019 19:00,20.75294821
15/8/2019 20:00,20.7594524
15/8/2019 21:00,20.89994566
15/8/2019 22:00,21.07644431
15/8/2019 23:00,21.11889058
16/8/2019 0:00,21.27952992
16/8/2019 1:00,21.37883953
16/8/2019 2:00,21.39441464
16/8/2019 3:00,21.40140918
16/8/2019 4:00,21.32585264
16/8/2019 5:00,21.27662022
16/8/2019 6:00,21.01772414
16/8/2019 7:00,20.96706883
16/8/2019 8:00,21.17992009
16/8/2019 9:00,21.21663526
16/8/2019 10:00,21.26184245
16/8/2019 11:00,21.16391531
16/8/2019 12:00,21.17819467
16/8/2019 13:00,21.19497851
16/8/2019 14:00,20.97407266
16/8/2019 15:00,20.91355424
16/8/2019 16:00,20.93562588
16/8/2019 17:00,21.07356078
16/8/2019 18:00,20.81867579
16/8/2019 19:00,20.71881562
16/8/2019 20:00,20.80406724
16/8/2019 21:00,20.88681149
16/8/2019 22:00,20.98087422
16/8/2019 23:00,21.15902979
17/8/2019 0:00,21.42130846
17/8/2019 1:00,21.47230435
17/8/2019 2:00,21.49814124
17/8/2019 3:00,21.48130645
17/8/2019 4:00,21.48157214
17/8/2019 5:00,21.37953903
17/8/2019 6:00,21.2261106
17/8/2019 7:00,21.15175978
17/8/2019 8:00,21.25556931
17/8/2019 9:00,21.33038352
17/8/2019 10:00,21.35998426
17/8/2019 11:00,21.298468
17/8/2019 12:00,21.37544331
17/8/2019 13:00,21.33174905
17/8/2019 14:00,21.17927491
17/8/2019 15:00,21.06689438
17/8/2019 16:00,21.08218779
17/8/2019 17:00,21.24589577
17/8/2019 18:00,21.04256799
17/8/2019 19:00,20.90700499
17/8/2019 20:00,21.00821427
17/8/2019 21:00,21.01341026
17/8/2019 22:00,21.18518797
17/8/2019 23:00,21.34470123
18/8/2019 0:00,21.416101
18/8/2019 1:00,21.47528852
18/8/2019 2:00,21.53589881
18/8/2019 3:00,21.48198486
18/8/2019 4:00,21.46455732
18/8/2019 5:00,21.36720337
18/8/2019 6:00,21.20870735
18/8/2019 7:00,21.22523022
18/8/2019 8:00,21.32093058
18/8/2019 9:00,21.32768545
18/8/2019 10:00,21.39257387
18/8/2019 11:00,21.37024686
18/8/2019 12:00,21.3308588
18/8/2019 13:00,21.36108291
18/8/2019 14:00,21.18795621
18/8/2019 15:00,21.06334497
18/8/2019 16:00,21.04206319
18/8/2019 17:00,21.23129892
18/8/2019 18:00,20.98902536
18/8/2019 19:00,20.99887377
18/8/2019 20:00,20.97771384
18/8/2019 21:00,21.05983817
18/8/2019 22:00,21.23194128
18/8/2019 23:00,21.35020758
19/8/2019 0:00,21.30645052
19/8/2019 1:00,21.36143
19/8/2019 2:00,21.36792208
19/8/2019 3:00,21.41702844
19/8/2019 4:00,21.38419188
19/8/2019 5:00,21.26349205
19/8/2019 6:00,21.01317871
19/8/2019 7:00,21.01480786
19/8/2019 8:00,21.16394474
19/8/2019 9:00,21.20439621
19/8/2019 10:00,21.18896705
19/8/2019 11:00,21.16946936
19/8/2019 12:00,21.12787414
19/8/2019 13:00,21.19958182
19/8/2019 14:00,21.01219261
19/8/2019 15:00,20.78813926
19/8/2019 16:00,20.90041972
19/8/2019 17:00,21.08507254
19/8/2019 18:00,20.87947054
19/8/2019 19:00,20.68838991
19/8/2019 20:00,20.72086265
19/8/2019 21:00,20.82811948
19/8/2019 22:00,20.99062668
19/8/2019 23:00,21.17576859
20/8/2019 0:00,21.29684157
20/8/2019 1:00,21.38500541
20/8/2019 2:00,21.33943951
20/8/2019 3:00,21.39369237
20/8/2019 4:00,21.37590617
20/8/2019 5:00,21.21208154
20/8/2019 6:00,21.08150788
20/8/2019 7:00,20.9990619
20/8/2019 8:00,21.16121986
20/8/2019 9:00,21.18248374
20/8/2019 10:00,21.22633106
20/8/2019 11:00,21.19335118
20/8/2019 12:00,21.16847821
20/8/2019 13:00,21.17846446
20/8/2019 14:00,21.00832698
20/8/2019 15:00,20.85321258
20/8/2019 16:00,20.89925395
20/8/2019 17:00,21.07368979
20/8/2019 18:00,20.85528143
20/8/2019 19:00,20.697289
20/8/2019 20:00,20.78931846
20/8/2019 21:00,20.86536582
20/8/2019 22:00,20.99518245
20/8/2019 23:00,21.15006826
21/8/2019 0:00,21.28071419
21/8/2019 1:00,21.36929601
21/8/2019 2:00,21.38468904
21/8/2019 3:00,21.41527566
21/8/2019 4:00,21.37254187
21/8/2019 5:00,21.25721811
21/8/2019 6:00,21.08213436
21/8/2019 7:00,21.08273231
21/8/2019 8:00,21.18124572
21/8/2019 9:00,21.20048004
21/8/2019 10:00,21.26558654
21/8/2019 11:00,21.15316971
21/8/2019 12:00,21.11898955
21/8/2019 13:00,21.18450613
21/8/2019 14:00,20.95705555
21/8/2019 15:00,20.87477936
21/8/2019 16:00,20.81723832
21/8/2019 17:00,21.09821335
21/8/2019 18:00,20.85619541
21/8/2019 19:00,20.84745369
21/8/2019 20:00,20.7416699
21/8/2019 21:00,20.83305132
21/8/2019 22:00,21.04993851
21/8/2019 23:00,21.17739504
22/8/2019 0:00,21.30665035
22/8/2019 1:00,21.33700438
22/8/2019 2:00,21.35967712
22/8/2019 3:00,21.44128471
22/8/2019 4:00,21.35538805
22/8/2019 5:00,21.25462772
22/8/2019 6:00,21.04642379
22/8/2019 7:00,21.00207081
22/8/2019 8:00,21.17035555
22/8/2019 9:00,21.21553939
22/8/2019 10:00,21.24086568
22/8/2019 11:00,21.1314182
22/8/2019 12:00,21.1689695
22/8/2019 13:00,21.21288642
22/8/2019 14:00,21.06547133
22/8/2019 15:00,20.91179946
22/8/2019 16:00,20.83503299
22/8/2019 17:00,21.07756862
22/8/2019 18:00,20.80430381
22/8/2019 19:00,20.65308206
22/8/2019 20:00,20.74776697
22/8/2019 21:00,20.88800907
22/8/2019 22:00,21.04853336
22/8/2019 23:00,21.24362805
23/8/2019 0:00,21.29187025
23/8/2019 1:00,21.35358614
23/8/2019 2:00,21.37597446
23/8/2019 3:00,21.40711255
23/8/2019 4:00,21.37200314
23/8/2019 5:00,21.29435084
23/8/2019 6:00,21.08078735
23/8/2019 7:00,21.00087877
23/8/2019 8:00,21.11340902
23/8/2019 9:00,21.21297528
23/8/2019 10:00,21.22463154
23/8/2019 11:00,21.13023379
23/8/2019 12:00,21.2034034
23/8/2019 13:00,21.20860102
23/8/2019 14:00,21.04767189
23/8/2019 15:00,20.86693647
23/8/2019 16:00,20.86661488
23/8/2019 17:00,21.0706021
23/8/2019 18:00,20.86213777
23/8/2019 19:00,20.69901849
23/8/2019 20:00,20.70448207
23/8/2019 21:00,20.92968368
23/8/2019 22:00,21.04282878
23/8/2019 23:00,21.16336922
24/8/2019 0:00,21.39662183
24/8/2019 1:00,21.47347362
24/8/2019 2:00,21.54778735
24/8/2019 3:00,21.48635787
24/8/2019 4:00,21.46345551
24/8/2019 5:00,21.41790493
24/8/2019 6:00,21.23009426
24/8/2019 7:00,21.14256558
24/8/2019 8:00,21.27591712
24/8/2019 9:00,21.3292422
24/8/2019 10:00,21.37604644
24/8/2019 11:00,21.30628036
24/8/2019 12:00,21.32780392
24/8/2019 13:00,21.32594717
24/8/2019 14:00,21.20990696
24/8/2019 15:00,21.10498168
24/8/2019 16:00,21.02232973
24/8/2019 17:00,21.23355156
24/8/2019 18:00,20.98230536
24/8/2019 19:00,20.96829498
24/8/2019 20:00,20.99703528
24/8/2019 21:00,21.10905838
24/8/2019 22:00,21.19705627
24/8/2019 23:00,21.34961815
25/8/2019 0:00,21.42373823
25/8/2019 1:00,21.49073438
25/8/2019 2:00,21.48199913
25/8/2019 3:00,21.49804586
25/8/2019 4:00,21.51121335
25/8/2019 5:00,21.34932294
25/8/2019 6:00,21.14374244
25/8/2019 7:00,21.17952006
25/8/2019 8:00,21.31631528
25/8/2019 9:00,21.27212119
25/8/2019 10:00,21.39405442
25/8/2019 11:00,21.30203479
25/8/2019 12:00,21.31671696
25/8/2019 13:00,21.32392134
25/8/2019 14:00,21.18003518
25/8/2019 15:00,21.10190837
25/8/2019 16:00,21.09423966
25/8/2019 17:00,21.24698054
25/8/2019 18:00,21.06253965
25/8/2019 19:00,20.94228762
25/8/2019 20:00,21.01460879
25/8/2019 21:00,21.12717898
25/8/2019 22:00,21.16205873
25/8/2019 23:00,21.3258276
26/8/2019 0:00,21.31961984
26/8/2019 1:00,21.34989669
26/8/2019 2:00,21.38311218
26/8/2019 3:00,21.44136407
26/8/2019 4:00,21.35715999
26/8/2019 5:00,21.2750091
26/8/2019 6:00,20.99373448
26/8/2019 7:00,21.00000014
26/8/2019 8:00,21.17789833
26/8/2019 9:00,21.23401932
26/8/2019 10:00,21.24139852
26/8/2019 11:00,21.14683926
26/8/2019 12:00,21.18646444
26/8/2019 13:00,21.22823431
26/8/2019 14:00,21.02056377
26/8/2019 15:00,20.91818761
26/8/2019 16:00,20.8770996
26/8/2019 17:00,21.14084932
26/8/2019 18:00,20.79149496
26/8/2019 19:00,20.71668063
26/8/2019 20:00,20.82244431
26/8/2019 21:00,20.81940802
26/8/2019 22:00,21.0286006
26/8/2019 23:00,21.1999595
27/8/2019 0:00,21.26595322
27/8/2019 1:00,21.33664394
27/8/2019 2:00,21.37588103
27/8/2019 3:00,21.41296546
27/8/2019 4:00,21.35445274
27/8/2019 5:00,21.25423292
27/8/2019 6:00,21.03142615
27/8/2019 7:00,21.08011402
27/8/2019 8:00,21.17505755
27/8/2019 9:00,21.16222408
27/8/2019 10:00,21.2551323
27/8/2019 11:00,21.17685627
27/8/2019 12:00,21.1915773
27/8/2019 13:00,21.25001718
27/8/2019 14:00,21.09356011
27/8/2019 15:00,20.90310183
27/8/2019 16:00,20.86059124
27/8/2019 17:00,21.0779464
27/8/2019 18:00,20.83618981
27/8/2019 19:00,20.72773513
27/8/2019 20:00,20.74841829
27/8/2019 21:00,20.89875482
27/8/2019 22:00,21.05063475
27/8/2019 23:00,21.17817956
28/8/2019 0:00,21.27297099
28/8/2019 1:00,21.31288259
28/8/2019 2:00,21.39853911
28/8/2019 3:00,21.40166668
28/8/2019 4:00,21.35700716
28/8/2019 5:00,21.27356631
28/8/2019 6:00,21.04894265
28/8/2019 7:00,21.06396728
28/8/2019 8:00,21.20947092
28/8/2019 9:00,21.18996778
28/8/2019 10:00,21.23391142
28/8/2019 11:00,21.14111436
28/8/2019 12:00,21.17019487
28/8/2019 13:00,21.24043398
28/8/2019 14:00,21.02190723
28/8/2019 15:00,20.94579997
28/8/2019 16:00,20.81647117
28/8/2019 17:00,21.12117471
28/8/2019 18:00,20.83835766
28/8/2019 19:00,20.77455316
28/8/2019 20:00,20.76709797
28/8/2019 21:00,20.90409375
28/8/2019 22:00,21.04878908
28/8/2019 23:00,21.14539316
29/8/2019 0:00,21.2868729
29/8/2019 1:00,21.33386691
29/8/2019 2:00,21.40635493
29/8/2019 3:00,21.43402349
29/8/2019 4:00,21.36227106
29/8/2019 5:00,21.25574412
29/8/2019 6:00,21.0291149
29/8/2019 7:00,21.01741935
29/8/2019 8:00,21.15249218
29/8/2019 9:00,21.24836079
29/8/2019 10:00,21.17821073
29/8/2019 11:00,21.16081697
29/8/2019 12:00,21.15555817
29/8/2019 13:00,21.2356897
29/8/2019 14:00,20.99999486
29/8/2019 15:00,20.93599334
29/8/2019 16:00,20.84268811
29/8/2019 17:00,21.08470465
29/8/2019 18:00,20.82922563
29/8/2019 19:00,20.69941063
29/8/2019 20:00,20.84130324
29/8/2019 21:00,20.91745502
29/8/2019 22:00,21.01624337
29/8/2019 23:00,21.10931804
30/8/2019 0:00,21.29110485
30/8/2019 1:00,21.33212234
30/8/2019 2:00,21.38699746
30/8/2019 3:00,21.36189739
30/8/2019 4:00,21.40442762
30/8/2019 5:00,21.24479527
30/8/2019 6:00,21.10287095
30/8/2019 7:00,21.09666209
30/8/2019 8:00,21.14466901
30/8/2019 9:00,21.1938854
30/8/2019 10:00,21.23160697
30/8/2019 11:00,21.15304231
30/8/2019 12:00,21.0809067
30/8/2019 13:00,21.21557293
30/8/2019 14:00,20.98974735
30/8/2019 15:00,20.90860846
30/8/2019 16:00,20.8462667
30/8/2019 17:00,21.08032293
30/8/2019 18:00,20.84675709
30/8/2019 19:00,20.65080701
30/8/2019 20:00,20.74204027
30/8/2019 21:00,20.8863568
30/8/2019 22:00,21.10813638
30/8/2019 23:00,21.18048559
31/8/2019 0:00,21.35572634
31/8/2019 1:00,21.46699273
31/8/2019 2:00,21.47434347
31/8/2019 3:00,21.48485197
31/8/2019 4:00,21.47385357
31/8/2019 5:00,21.39785502
31/8/2019 6:00,21.27978808
31/8/2019 7:00,21.16098993
31/8/2019 8:00,21.3205282
31/8/2019 9:00,21.33145213
31/8/2019 10:00,21.38352464
31/8/2019 11:00,21.29697741
31/8/2019 12:00,21.3080737
31/8/2019 13:00,21.33653364
31/8/2019 14:00,21.20911594
31/8/2019 15:00,21.0354058
31/8/2019 16:00,21.07229319
31/8/2019 17:00,21.27724714
31/8/2019 18:00,21.03212612
31/8/2019 19:00,20.94277433
31/8/2019 20:00,20.98959914
31/8/2019 21:00,21.0364031
31/8/2019 22:00,21.2038843
31/8/2019 23:00,21.31664695
1/9/2019 0:00,21.43681998
1/9/2019 1:00,21.4462568
1/9/2019 2:00,21.49152509
1/9/2019 3:00,21.51869422
1/9/2019 4:00,21.5145511
1/9/2019 5:00,21.34685286
1/9/2019 6:00,21.24660473
1/9/2019 7:00,21.19949539
1/9/2019 8:00,21.29608858
1/9/2019 9:00,21.37205558
1/9/2019 10:00,21.39931563
1/9/2019 11:00,21.35475968
1/9/2019 12:00,21.30026579
1/9/2019 13:00,21.36459844
1/9/2019 14:00,21.10071117
1/9/2019 15:00,21.11406358
1/9/2019 16:00,21.08861725
1/9/2019 17:00,21.25027966
1/9/2019 18:00,21.02034703
1/9/2019 19:00,20.9610215
1/9/2019 20:00,20.9739889
1/9/2019 21:00,21.1108402
1/9/2019 22:00,21.23590921
1/9/2019 23:00,21.35736246
2/9/2019 0:00,21.34368243
2/9/2019 1:00,21.35807652
2/9/2019 2:00,21.39129504
2/9/2019 3:00,21.41739207
2/9/2019 4:00,21.33637713
2/9/2019 5:00,21.21473737
2/9/2019 6:00,21.06059849
2/9/2019 7:00,21.07437914
2/9/2019 8:00,21.17561303
2/9/2019 9:00,21.22307007
2/9/2019 10:00,21.24906651
2/9/2019 11:00,21.17744399
2/9/2019 12:00,21.19628409
2/9/2019 13:00,21.22485935
2/9/2019 14:00,21.03508497
2/9/2019 15:00,20.8811084
2/9/2019 16:00,20.84808353
2/9/2019 17:00,21.10285903
2/9/2019 18:00,20.77959718
2/9/2019 19:00,20.77187361
2/9/2019 20:00,20.85711064
2/9/2019 21:00,20.877103
2/9/2019 22:00,21.05873602
2/9/2019 23:00,21.16077706
3/9/2019 0:00,21.34821334
3/9/2019 1:00,21.3133416
3/9/2019 2:00,21.36972184
3/9/2019 3:00,21.43607921
3/9/2019 4:00,21.39833322
3/9/2019 5:00,21.20293848
3/9/2019 6:00,21.07379668
3/9/2019 7:00,21.04188054
3/9/2019 8:00,21.22444708
3/9/2019 9:00,21.21228533
3/9/2019 10:00,21.23354635
3/9/2019 11:00,21.13460348
3/9/2019 12:00,21.22016117
3/9/2019 13:00,21.2607569
3/9/2019 14:00,21.0058821
3/9/2019 15:00,20.85677499
3/9/2019 16:00,20.92788849
3/9/2019 17:00,21.04076033
3/9/2019 18:00,20.82889245
3/9/2019 19:00,20.6823521
3/9/2019 20:00,20.79350834
3/9/2019 21:00,20.98680391
3/9/2019 22:00,21.0365698
3/9/2019 23:00,21.13940337
4/9/2019 0:00,21.31017929
4/9/2019 1:00,21.35503478
4/9/2019 2:00,21.38852966
4/9/2019 3:00,21.46610848
4/9/2019 4:00,21.32661157
4/9/2019 5:00,21.27115509
4/9/2019 6:00,21.0330024
4/9/2019 7:00,21.01876026
4/9/2019 8:00,21.12726374
4/9/2019 9:00,21.20138126
4/9/2019 10:00,21.24459842
4/9/2019 11:00,21.19052062
4/9/2019 12:00,21.16138999
4/9/2019 13:00,21.27462398
4/9/2019 14:00,20.99891014
4/9/2019 15:00,20.93776584
4/9/2019 16:00,20.81764769
4/9/2019 17:00,21.07094725
4/9/2019 18:00,20.80467242
4/9/2019 19:00,20.72605223
4/9/2019 20:00,20.86262831
4/9/2019 21:00,20.92411993
4/9/2019 22:00,21.00906166
4/9/2019 23:00,21.16524623
5/9/2019 0:00,21.25774534
5/9/2019 1:00,21.33652157
5/9/2019 2:00,21.40603139
5/9/2019 3:00,21.42093407
5/9/2019 4:00,21.36236875
5/9/2019 5:00,21.30845598
5/9/2019 6:00,20.99474812
5/9/2019 7:00,21.0015916
5/9/2019 8:00,21.12699297
5/9/2019 9:00,21.25325206
5/9/2019 10:00,21.20032549
5/9/2019 11:00,21.09472293
5/9/2019 12:00,21.22038437
5/9/2019 13:00,21.19825216
5/9/2019 14:00,21.01754677
5/9/2019 15:00,20.94846381
5/9/2019 16:00,20.84098407
5/9/2019 17:00,21.04596669
5/9/2019 18:00,20.85435017
5/9/2019 19:00,20.67913984
5/9/2019 20:00,20.85911837
5/9/2019 21:00,20.94807184
5/9/2019 22:00,21.0269467
5/9/2019 23:00,21.16932787
6/9/2019 0:00,21.30570949
6/9/2019 1:00,21.32700484
6/9/2019 2:00,21.37285817
6/9/2019 3:00,21.38530103
6/9/2019 4:00,21.3675146
6/9/2019 5:00,21.23133232
6/9/2019 6:00,21.06425543
6/9/2019 7:00,20.94496633
6/9/2019 8:00,21.18354876
6/9/2019 9:00,21.14461226
6/9/2019 10:00,21.22587363
6/9/2019 11:00,21.19217845
6/9/2019 12:00,21.13330968
6/9/2019 13:00,21.21495634
6/9/2019 14:00,20.99449541
6/9/2019 15:00,20.85443324
6/9/2019 16:00,20.86025787
6/9/2019 17:00,21.09900137
6/9/2019 18:00,20.79165837
6/9/2019 19:00,20.72956202
6/9/2019 20:00,20.76233404
6/9/2019 21:00,20.97292375
6/9/2019 22:00,21.01658865
6/9/2019 23:00,21.18849547
7/9/2019 0:00,21.37813973
7/9/2019 1:00,21.4501544
7/9/2019 2:00,21.49048707
7/9/2019 3:00,21.50223182
7/9/2019 4:00,21.4971992
7/9/2019 5:00,21.34285504
7/9/2019 6:00,21.1577607
7/9/2019 7:00,21.17186507
7/9/2019 8:00,21.26656762
7/9/2019 9:00,21.36040539
7/9/2019 10:00,21.38535645
7/9/2019 11:00,21.30440666
7/9/2019 12:00,21.31582795
7/9/2019 13:00,21.36903102
7/9/2019 14:00,21.17812288
7/9/2019 15:00,21.07974553
7/9/2019 16:00,21.09735879
7/9/2019 17:00,21.22302006
7/9/2019 18:00,20.99957208
7/9/2019 19:00,20.93781255
7/9/2019 20:00,20.95529549
7/9/2019 21:00,21.11841258
7/9/2019 22:00,21.18414812
7/9/2019 23:00,21.34214584
8/9/2019 0:00,21.43705145
8/9/2019 1:00,21.47487988
8/9/2019 2:00,21.51255561
8/9/2019 3:00,21.52101694
8/9/2019 4:00,21.48216389
8/9/2019 5:00,21.36041851
8/9/2019 6:00,21.22164275
8/9/2019 7:00,21.22881809
8/9/2019 8:00,21.27873592
8/9/2019 9:00,21.36682582
8/9/2019 10:00,21.36916197
8/9/2019 11:00,21.29451767
8/9/2019 12:00,21.31913858
8/9/2019 13:00,21.33102806
8/9/2019 14:00,21.17616395
8/9/2019 15:00,21.11191939
8/9/2019 16:00,20.98858127
8/9/2019 17:00,21.23101587
8/9/2019 18:00,21.03340717
8/9/2019 19:00,20.9090979
8/9/2019 20:00,20.98652983
8/9/2019 21:00,21.0670721
8/9/2019 22:00,21.12727514
8/9/2019 23:00,21.32042391
9/9/2019 0:00,21.29564269
9/9/2019 1:00,21.34323251
9/9/2019 2:00,21.3608629
9/9/2019 3:00,21.43620937
9/9/2019 4:00,21.40938235
9/9/2019 5:00,21.26284339
9/9/2019 6:00,21.1031475
9/9/2019 7:00,21.03045819
9/9/2019 8:00,21.14814917
9/9/2019 9:00,21.23302028
9/9/2019 10:00,21.26934929
9/9/2019 11:00,21.15072671
9/9/2019 12:00,21.14746002
9/9/2019 13:00,21.25790256
9/9/2019 14:00,20.98337006
9/9/2019 15:00,20.85694567
9/9/2019 16:00,20.82422793
9/9/2019 17:00,21.03475549
9/9/2019 18:00,20.74228354
9/9/2019 19:00,20.74497019
9/9/2019 20:00,20.78610125
9/9/2019 21:00,20.90731191
9/9/2019 22:00,21.03143686
9/9/2019 23:00,21.12571088
10/9/2019 0:00,21.32155756
10/9/2019 1:00,21.36609188
10/9/2019 2:00,21.35407614
10/9/2019 3:00,21.38180856
10/9/2019 4:00,21.37297567
10/9/2019 5:00,21.22465317
10/9/2019 6:00,21.03840804
10/9/2019 7:00,20.96182095
10/9/2019 8:00,21.15483412
10/9/2019 9:00,21.1720073
10/9/2019 10:00,21.15176121
10/9/2019 11:00,21.1335364
10/9/2019 12:00,21.16870033
10/9/2019 13:00,21.18657391
10/9/2019 14:00,21.0192098
10/9/2019 15:00,20.78904005
10/9/2019 16:00,20.84857934
10/9/2019 17:00,21.08022229
10/9/2019 18:00,20.86368878
10/9/2019 19:00,20.68211743
10/9/2019 20:00,20.75484767
10/9/2019 21:00,20.91037452
10/9/2019 22:00,21.01226578
10/9/2019 23:00,21.21356966
11/9/2019 0:00,21.28294227
11/9/2019 1:00,21.33536297
11/9/2019 2:00,21.34674196
11/9/2019 3:00,21.42039097
11/9/2019 4:00,21.39378127
11/9/2019 5:00,21.27099783
11/9/2019 6:00,21.09341784
11/9/2019 7:00,20.96722354
11/9/2019 8:00,21.11214677
11/9/2019 9:00,21.19229297
11/9/2019 10:00,21.18963556
11/9/2019 11:00,21.1426395
11/9/2019 12:00,21.17178592
11/9/2019 13:00,21.22060294
11/9/2019 14:00,21.02326671
11/9/2019 15:00,20.94516964
11/9/2019 16:00,20.84775878
11/9/2019 17:00,21.07302165
11/9/2019 18:00,20.80062625
11/9/2019 19:00,20.72555379
11/9/2019 20:00,20.79731703
11/9/2019 21:00,20.92451556
11/9/2019 22:00,21.02909636
11/9/2019 23:00,21.1487196
12/9/2019 0:00,21.31647369
12/9/2019 1:00,21.34391361
12/9/2019 2:00,21.37946234
12/9/2019 3:00,21.41925601
12/9/2019 4:00,21.37808727
12/9/2019 5:00,21.24119228
12/9/2019 6:00,21.08676858
12/9/2019 7:00,21.00343759
12/9/2019 8:00,21.18759368
12/9/2019 9:00,21.17748651
12/9/2019 10:00,21.16829533
12/9/2019 11:00,21.18336637
12/9/2019 12:00,21.16390481
12/9/2019 13:00,21.23892848
12/9/2019 14:00,20.98388402
12/9/2019 15:00,20.94331651
12/9/2019 16:00,20.84886024
12/9/2019 17:00,21.10468319
12/9/2019 18:00,20.8386447
12/9/2019 19:00,20.77406878
12/9/2019 20:00,20.75669916
12/9/2019 21:00,20.92322199
12/9/2019 22:00,21.01308348
12/9/2019 23:00,21.17999744
13/9/2019 0:00,21.29050846
13/9/2019 1:00,21.34250288
13/9/2019 2:00,21.40149796
13/9/2019 3:00,21.39926583
13/9/2019 4:00,21.32983023
13/9/2019 5:00,21.2678951
13/9/2019 6:00,21.0110961
13/9/2019 7:00,20.96446796
13/9/2019 8:00,21.18607604
13/9/2019 9:00,21.25011258
13/9/2019 10:00,21.2252376
13/9/2019 11:00,21.1739661
13/9/2019 12:00,21.12256505
13/9/2019 13:00,21.21444858
13/9/2019 14:00,21.04388938
13/9/2019 15:00,20.93536958
13/9/2019 16:00,20.82003806
13/9/2019 17:00,21.09233468
13/9/2019 18:00,20.82864163
13/9/2019 19:00,20.68824518
13/9/2019 20:00,20.81055167
13/9/2019 21:00,20.89328007
13/9/2019 22:00,21.03205531
13/9/2019 23:00,21.1503082
14/9/2019 0:00,21.4007898
14/9/2019 1:00,21.46678483
14/9/2019 2:00,21.49377953
14/9/2019 3:00,21.51781836
14/9/2019 4:00,21.50637685
14/9/2019 5:00,21.37335265
14/9/2019 6:00,21.16050647
14/9/2019 7:00,21.20689862
14/9/2019 8:00,21.32226475
14/9/2019 9:00,21.36170807
14/9/2019 10:00,21.34490788
14/9/2019 11:00,21.29068988
14/9/2019 12:00,21.32425563
14/9/2019 13:00,21.37323495
14/9/2019 14:00,21.18133295
14/9/2019 15:00,21.13003756
14/9/2019 16:00,21.05303595
14/9/2019 17:00,21.21129327
14/9/2019 18:00,21.07026255
14/9/2019 19:00,20.99936211
14/9/2019 20:00,20.94051246
14/9/2019 21:00,21.09920076
14/9/2019 22:00,21.16540579
14/9/2019 23:00,21.31748204
15/9/2019 0:00,21.41681173
15/9/2019 1:00,21.4537985
15/9/2019 2:00,21.51147236
15/9/2019 3:00,21.50866078
15/9/2019 4:00,21.4853733
15/9/2019 5:00,21.40850911
15/9/2019 6:00,21.20350529
15/9/2019 7:00,21.19336172
15/9/2019 8:00,21.31525583
15/9/2019 9:00,21.38154379
15/9/2019 10:00,21.33810969
15/9/2019 11:00,21.29074608
15/9/2019 12:00,21.30684805
15/9/2019 13:00,21.37014299
15/9/2019 14:00,21.24703596
15/9/2019 15:00,21.03085194
15/9/2019 16:00,21.06969551
15/9/2019 17:00,21.25943119
15/9/2019 18:00,21.01453456
15/9/2019 19:00,20.90172587
15/9/2019 20:00,20.99594004
15/9/2019 21:00,21.03906709
15/9/2019 22:00,21.1668923
15/9/2019 23:00,21.33986892
16/9/2019 0:00,21.30462991
16/9/2019 1:00,21.32353811
16/9/2019 2:00,21.4446024
16/9/2019 3:00,21.40701673
16/9/2019 4:00,21.39724444
16/9/2019 5:00,21.25991802
16/9/2019 6:00,21.05967805
16/9/2019 7:00,21.03236608
16/9/2019 8:00,21.18538276
16/9/2019 9:00,21.24695706
16/9/2019 10:00,21.17786738
16/9/2019 11:00,21.11030331
16/9/2019 12:00,21.22007369
16/9/2019 13:00,21.18078962
16/9/2019 14:00,21.04192159
16/9/2019 15:00,20.89956238
16/9/2019 16:00,20.8779003
16/9/2019 17:00,21.10191406
16/9/2019 18:00,20.79108993
16/9/2019 19:00,20.72415523
16/9/2019 20:00,20.81023461
16/9/2019 21:00,20.94089203
16/9/2019 22:00,21.06127163
16/9/2019 23:00,21.21739389
17/9/2019 0:00,21.28730767
17/9/2019 1:00,21.37393056
17/9/2019 2:00,21.39051054
17/9/2019 3:00,21.37425384
17/9/2019 4:00,21.33738323
17/9/2019 5:00,21.24815652
17/9/2019 6:00,21.05258336
17/9/2019 7:00,20.9543827
17/9/2019 8:00,21.15373119
17/9/2019 9:00,21.22554315
17/9/2019 10:00,21.27947597
17/9/2019 11:00,21.15437716
17/9/2019 12:00,21.16252623
17/9/2019 13:00,21.2424525
17/9/2019 14:00,21.01785011
17/9/2019 15:00,20.91778619
17/9/2019 16:00,20.88106683
17/9/2019 17:00,21.15978703
17/9/2019 18:00,20.83923462
17/9/2019 19:00,20.68765744
17/9/2019 20:00,20.81660388
17/9/2019 21:00,20.8895491
17/9/2019 22:00,21.0566903
17/9/2019 23:00,21.15964534
18/9/2019 0:00,21.29308608
18/9/2019 1:00,21.36791854
18/9/2019 2:00,21.35506727
18/9/2019 3:00,21.38377399
18/9/2019 4:00,21.37847502
18/9/2019 5:00,21.2341108
18/9/2019 6:00,21.03196136
18/9/2019 7:00,20.99486209
18/9/2019 8:00,21.21061781
18/9/2019 9:00,21.17685862
18/9/2019 10:00,21.2436254
18/9/2019 11:00,21.16617219
18/9/2019 12:00,21.10197275
18/9/2019 13:00,21.21074601
18/9/2019 14:00,21.03545084
18/9/2019 15:00,20.98190832
18/9/2019 16:00,20.81355049
18/9/2019 17:00,21.11974521
18/9/2019 18:00,20.8703637
18/9/2019 19:00,20.74390248
18/9/2019 20:00,20.7321491
18/9/2019 21:00,20.86220819
18/9/2019 22:00,21.03676549
18/9/2019 23:00,21.16115281
19/9/2019 0:00,21.30277745
19/9/2019 1:00,21.3426925
19/9/2019 2:00,21.38300214
19/9/2019 3:00,21.38291459
19/9/2019 4:00,21.34267689
19/9/2019 5:00,21.23421183
19/9/2019 6:00,21.06150191
19/9/2019 7:00,20.98775768
19/9/2019 8:00,21.15749537
19/9/2019 9:00,21.22805415
19/9/2019 10:00,21.2340182
19/9/2019 11:00,21.14928229
19/9/2019 12:00,21.14575641
19/9/2019 13:00,21.21675513
19/9/2019 14:00,21.05478715
19/9/2019 15:00,20.88926674
19/9/2019 16:00,20.8610849
19/9/2019 17:00,21.0702136
19/9/2019 18:00,20.79364887
19/9/2019 19:00,20.68551042
19/9/2019 20:00,20.81507438
19/9/2019 21:00,20.91486941
19/9/2019 22:00,21.06614952
19/9/2019 23:00,21.14986006
20/9/2019 0:00,21.25096202
20/9/2019 1:00,21.35333054
20/9/2019 2:00,21.38997607
20/9/2019 3:00,21.37216664
20/9/2019 4:00,21.35319829
20/9/2019 5:00,21.23574256
20/9/2019 6:00,21.08870169
20/9/2019 7:00,20.99514998
20/9/2019 8:00,21.19389849
20/9/2019 9:00,21.24668772
20/9/2019 10:00,21.24874049
20/9/2019 11:00,21.18229762
20/9/2019 12:00,21.19209876
20/9/2019 13:00,21.2638589
20/9/2019 14:00,20.99240336
20/9/2019 15:00,20.85497636
20/9/2019 16:00,20.94457095
20/9/2019 17:00,21.04512987
20/9/2019 18:00,20.86268736
20/9/2019 19:00,20.69252595
20/9/2019 20:00,20.79343528
20/9/2019 21:00,20.89044923
20/9/2019 22:00,21.03767421
20/9/2019 23:00,21.13500262
21/9/2019 0:00,21.43971713
21/9/2019 1:00,21.4504553
21/9/2019 2:00,21.47437878
21/9/2019 3:00,21.49805039
21/9/2019 4:00,21.4333763
21/9/2019 5:00,21.39088663
21/9/2019 6:00,21.18636232
21/9/2019 7:00,21.1883882
21/9/2019 8:00,21.28023484
21/9/2019 9:00,21.35301105
21/9/2019 10:00,21.38342164
21/9/2019 11:00,21.27991221
21/9/2019 12:00,21.34227671
21/9/2019 13:00,21.39527474
21/9/2019 14:00,21.21079724
21/9/2019 15:00,21.06762055
21/9/2019 16:00,21.01716594
21/9/2019 17:00,21.23268084
21/9/2019 18:00,20.9843274
21/9/2019 19:00,20.99307686
21/9/2019 20:00,21.01043891
21/9/2019 21:00,21.08893813
21/9/2019 22:00,21.20047116
21/9/2019 23:00,21.31169737
22/9/2019 0:00,21.39865622
22/9/2019 1:00,21.47121296
22/9/2019 2:00,21.49237116
22/9/2019 3:00,21.51188705
22/9/2019 4:00,21.49580907
22/9/2019 5:00,21.3816319
22/9/2019 6:00,21.21674984
22/9/2019 7:00,21.19135484
22/9/2019 8:00,21.31145379
22/9/2019 9:00,21.35027608
22/9/2019 10:00,21.3838229
22/9/2019 11:00,21.27851585
22/9/2019 12:00,21.35595414
22/9/2019 13:00,21.374335
22/9/2019 14:00,21.10749736
22/9/2019 15:00,21.11339433
22/9/2019 16:00,21.10036556
22/9/2019 17:00,21.21280255
22/9/2019 18:00,21.09777525
22/9/2019 19:00,20.9525286
22/9/2019 20:00,20.9208705
22/9/2019 21:00,21.12879132
22/9/2019 22:00,21.25266935
22/9/2019 23:00,21.35011818
23/9/2019 0:00,21.2648999
23/9/2019 1:00,21.31961814
23/9/2019 2:00,21.39598093
23/9/2019 3:00,21.38907356
23/9/2019 4:00,21.33302684
23/9/2019 5:00,21.1998803
23/9/2019 6:00,21.0576965
23/9/2019 7:00,21.09600687
23/9/2019 8:00,21.19082463
23/9/2019 9:00,21.22718165
23/9/2019 10:00,21.2464179
23/9/2019 11:00,21.16971984
23/9/2019 12:00,21.151905
23/9/2019 13:00,21.18684689
23/9/2019 14:00,21.0326928
23/9/2019 15:00,20.85877139
23/9/2019 16:00,20.85681251
23/9/2019 17:00,21.07654054
23/9/2019 18:00,20.79418185
23/9/2019 19:00,20.72647296
23/9/2019 20:00,20.70559678
23/9/2019 21:00,20.94594489
23/9/2019 22:00,21.04867264
23/9/2019 23:00,21.1737154
24/9/2019 0:00,21.27650885
24/9/2019 1:00,21.31626113
24/9/2019 2:00,21.38516793
24/9/2019 3:00,21.43439771
24/9/2019 4:00,21.34551908
24/9/2019 5:00,21.22729112
24/9/2019 6:00,21.11321358
24/9/2019 7:00,21.01877704
24/9/2019 8:00,21.21594969
24/9/2019 9:00,21.23467297
24/9/2019 10:00,21.26510956
24/9/2019 11:00,21.14195001
24/9/2019 12:00,21.18297223
24/9/2019 13:00,21.25985714
24/9/2019 14:00,20.99679066
24/9/2019 15:00,20.95672836
24/9/2019 16:00,20.85908795
24/9/2019 17:00,21.10467881
24/9/2019 18:00,20.8449702
24/9/2019 19:00,20.70779354
24/9/2019 20:00,20.7691185
24/9/2019 21:00,20.84078655
24/9/2019 22:00,21.03424558
24/9/2019 23:00,21.16120603
25/9/2019 0:00,21.2986719
25/9/2019 1:00,21.34170166
25/9/2019 2:00,21.37488528
25/9/2019 3:00,21.40591528
25/9/2019 4:00,21.40571062
25/9/2019 5:00,21.23851943
25/9/2019 6:00,21.03764109
25/9/2019 7:00,21.04096721
25/9/2019 8:00,21.20492672
25/9/2019 9:00,21.17358727
25/9/2019 10:00,21.22584874
25/9/2019 11:00,21.17154709
25/9/2019 12:00,21.218315
25/9/2019 13:00,21.24628941
25/9/2019 14:00,20.98108163
25/9/2019 15:00,20.89258974
25/9/2019 16:00,20.89141437
25/9/2019 17:00,21.05994051
25/9/2019 18:00,20.86284138
25/9/2019 19:00,20.66461415
25/9/2019 20:00,20.73477985
25/9/2019 21:00,20.90920958
25/9/2019 22:00,21.0524526
25/9/2019 23:00,21.24548358
26/9/2019 0:00,21.32499908
26/9/2019 1:00,21.37726454
26/9/2019 2:00,21.3816313
26/9/2019 3:00,21.41082306
26/9/2019 4:00,21.39530273
26/9/2019 5:00,21.25474664
26/9/2019 6:00,21.03301549
26/9/2019 7:00,20.99765593
26/9/2019 8:00,21.21804666
26/9/2019 9:00,21.2107062
26/9/2019 10:00,21.26896113
26/9/2019 11:00,21.12833346
26/9/2019 12:00,21.15248857
26/9/2019 13:00,21.23831303
26/9/2019 14:00,21.04107085
26/9/2019 15:00,20.90803408
26/9/2019 16:00,20.95231656
26/9/2019 17:00,21.06527087
26/9/2019 18:00,20.84127022
26/9/2019 19:00,20.68762253
26/9/2019 20:00,20.83579574
26/9/2019 21:00,20.91498213
26/9/2019 22:00,21.08165418
26/9/2019 23:00,21.19904133
27/9/2019 0:00,21.31744796
27/9/2019 1:00,21.32263728
27/9/2019 2:00,21.40009116
27/9/2019 3:00,21.40112288
27/9/2019 4:00,21.3733768
27/9/2019 5:00,21.28088411
27/9/2019 6:00,21.05513623
27/9/2019 7:00,20.99519732
27/9/2019 8:00,21.19766732
27/9/2019 9:00,21.18659867
27/9/2019 10:00,21.25645802
27/9/2019 11:00,21.17322984
27/9/2019 12:00,21.16476958
27/9/2019 13:00,21.23698459
27/9/2019 14:00,21.01838815
27/9/2019 15:00,20.90447813
27/9/2019 16:00,20.85862125
27/9/2019 17:00,21.15012893
27/9/2019 18:00,20.90319574
27/9/2019 19:00,20.70296023
27/9/2019 20:00,20.74782583
27/9/2019 21:00,20.92600109
27/9/2019 22:00,21.03963848
27/9/2019 23:00,21.16154513
28/9/2019 0:00,21.39860709
28/9/2019 1:00,21.50236583
28/9/2019 2:00,21.51151045
28/9/2019 3:00,21.51710672
28/9/2019 4:00,21.46455737
28/9/2019 5:00,21.32327478
28/9/2019 6:00,21.21907513
28/9/2019 7:00,21.22491216
28/9/2019 8:00,21.30111436
28/9/2019 9:00,21.32168575
28/9/2019 10:00,21.37164836
28/9/2019 11:00,21.33459831
28/9/2019 12:00,21.30605761
28/9/2019 13:00,21.34591941
28/9/2019 14:00,21.22403851
28/9/2019 15:00,21.07333047
28/9/2019 16:00,21.03035496
28/9/2019 17:00,21.20419903
28/9/2019 18:00,21.0307026
28/9/2019 19:00,20.95696876
28/9/2019 20:00,20.95271173
28/9/2019 21:00,21.11818296
28/9/2019 22:00,21.18497161
28/9/2019 23:00,21.34698811
29/9/2019 0:00,21.39067703
29/9/2019 1:00,21.46753247
29/9/2019 2:00,21.47124914
29/9/2019 3:00,21.50213908
29/9/2019 4:00,21.50150522
29/9/2019 5:00,21.34729504
29/9/2019 6:00,21.16994147
29/9/2019 7:00,21.16122143
29/9/2019 8:00,21.33142275
29/9/2019 9:00,21.36027668
29/9/2019 10:00,21.37071277
29/9/2019 11:00,21.32952425
29/9/2019 12:00,21.28808902
29/9/2019 13:00,21.35848658
29/9/2019 14:00,21.27318285
29/9/2019 15:00,21.0793397
29/9/2019 16:00,21.07402063
29/9/2019 17:00,21.23731757
29/9/2019 18:00,21.0408029
29/9/2019 19:00,20.91478697
29/9/2019 20:00,20.95643653
29/9/2019 21:00,21.07076782
29/9/2019 22:00,21.20676398
29/9/2019 23:00,21.31474516
30/9/2019 0:00,21.2871213
30/9/2019 1:00,21.36472229
30/9/2019 2:00,21.37179282
30/9/2019 3:00,21.39388499
30/9/2019 4:00,21.32959957
30/9/2019 5:00,21.21401205
30/9/2019 6:00,21.07210226
30/9/2019 7:00,20.98923641
30/9/2019 8:00,21.19506459
30/9/2019 9:00,21.19482778
30/9/2019 10:00,21.25293024
30/9/2019 11:00,21.19450145
30/9/2019 12:00,21.17623616
30/9/2019 13:00,21.29716842
30/9/2019 14:00,21.08313667
30/9/2019 15:00,20.90333012
30/9/2019 16:00,20.86139075
30/9/2019 17:00,21.08600814
30/9/2019 18:00,20.89325973
30/9/2019 19:00,20.76488612
30/9/2019 20:00,20.77449075
30/9/2019 21:00,20.86947637
30/9/2019 22:00,21.0320438
30/9/2019 23:00,21.13660387
1/10/2019 0:00,21.27757224
1/10/2019 1:00,21.36343774
1/10/2019 2:00,21.39084148
1/10/2019 3:00,21.43398156
1/10/2019 4:00,21.36717326
1/10/2019 5:00,21.21781481
1/10/2019 6:00,21.02710041
1/10/2019 7:00,20.96516126
1/10/2019 8:00,21.17110471
1/10/2019 9:00,21.17446679
1/10/2019 10:00,21.24295026
1/10/2019 11:00,21.12043387
1/10/2019 12:00,21.18558696
1/10/2019 13:00,21.20383435
1/10/2019 14:00,20.97539423
1/10/2019 15:00,20.9085391
1/10/2019 16:00,20.86211447
1/10/2019 17:00,21.03505254
1/10/2019 18:00,20.83569485
1/10/2019 19:00,20.7865482
1/10/2019 20:00,20.70206629
1/10/2019 21:00,20.90933033
1/10/2019 22:00,21.02620748
1/10/2019 23:00,21.13662782
2/10/2019 0:00,21.30298208
2/10/2019 1:00,21.36952154
2/10/2019 2:00,21.3790036
2/10/2019 3:00,21.4423652
2/10/2019 4:00,21.37126416
2/10/2019 5:00,21.24080997
2/10/2019 6:00,21.05847125
2/10/2019 7:00,21.06652975
2/10/2019 8:00,21.11333435
2/10/2019 9:00,21.2038925
2/10/2019 10:00,21.1914086
2/10/2019 11:00,21.16335541
2/10/2019 12:00,21.20179389
2/10/2019 13:00,21.20747122
2/10/2019 14:00,21.02528475
2/10/2019 15:00,20.94098216
2/10/2019 16:00,20.81001647
2/10/2019 17:00,21.09709588
2/10/2019 18:00,20.90361585
2/10/2019 19:00,20.67210488
2/10/2019 20:00,20.81137608
2/10/2019 21:00,20.91455465
2/10/2019 22:00,21.09025358
2/10/2019 23:00,21.11967998
3/10/2019 0:00,21.32015784
3/10/2019 1:00,21.34459279
3/10/2019 2:00,21.36438956
3/10/2019 3:00,21.39471109
3/10/2019 4:00,21.3660697
3/10/2019 5:00,21.29229886
3/10/2019 6:00,21.07616715
3/10/2019 7:00,21.00992662
3/10/2019 8:00,21.18836554
3/10/2019 9:00,21.20855028
3/10/2019 10:00,21.2200834
3/10/2019 11:00,21.13579548
3/10/2019 12:00,21.22046738
3/10/2019 13:00,21.16094951
3/10/2019 14:00,20.99712273
3/10/2019 15:00,20.89784841
3/10/2019 16:00,20.82555674
3/10/2019 17:00,20.99949799
3/10/2019 18:00,20.88766957
3/10/2019 19:00,20.73932303
3/10/2019 20:00,20.88826909
3/10/2019 21:00,20.88423738
3/10/2019 22:00,21.0193121
3/10/2019 23:00,21.1711924
4/10/2019 0:00,21.30414397
4/10/2019 1:00,21.39382944
4/10/2019 2:00,21.37634768
4/10/2019 3:00,21.37241164
4/10/2019 4:00,21.37815918
4/10/2019 5:00,21.23564118
4/10/2019 6:00,21.10099377
4/10/2019 7:00,20.99906956
4/10/2019 8:00,21.17427326
4/10/2019 9:00,21.23171775
4/10/2019 10:00,21.25587834
4/10/2019 11:00,21.17288414
4/10/2019 12:00,21.17002471
4/10/2019 13:00,21.25479289
4/10/2019 14:00,21.033395
4/10/2019 15:00,20.8947514
4/10/2019 16:00,20.90740991
4/10/2019 17:00,21.01691808
4/10/2019 18:00,20.86439746
4/10/2019 19:00,20.75848668
4/10/2019 20:00,20.83086254
4/10/2019 21:00,20.82322562
4/10/2019 22:00,21.01305206
4/10/2019 23:00,21.19708971
5/10/2019 0:00,21.38980619
5/10/2019 1:00,21.45848774
5/10/2019 2:00,21.49016199
5/10/2019 3:00,21.51732272
5/10/2019 4:00,21.49242709
5/10/2019 5:00,21.37156431
5/10/2019 6:00,21.22781303
5/10/2019 7:00,21.13036081
5/10/2019 8:00,21.33689073
5/10/2019 9:00,21.30842491
5/10/2019 10:00,21.37057526
5/10/2019 11:00,21.29874155
5/10/2019 12:00,21.30453713
5/10/2019 13:00,21.37290331
5/10/2019 14:00,21.16709539
5/10/2019 15:00,21.17332086
5/10/2019 16:00,21.08598664
5/10/2019 17:00,21.26073564
5/10/2019 18:00,21.07033948
5/10/2019 19:00,20.95179381
5/10/2019 20:00,20.98182073
5/10/2019 21:00,21.05741484
5/10/2019 22:00,21.19051345
5/10/2019 23:00,21.32990582
6/10/2019 0:00,21.40551147
6/10/2019 1:00,21.45999474
6/10/2019 2:00,21.47747067
6/10/2019 3:00,21.49694867
6/10/2019 4:00,21.47747078
6/10/2019 5:00,21.39908922
6/10/2019 6:00,21.23078419
6/10/2019 7:00,21.20094982
6/10/2019 8:00,21.31901906
6/10/2019 9:00,21.34555244
6/10/2019 10:00,21.35546224
6/10/2019 11:00,21.31147267
6/10/2019 12:00,21.32742585
6/10/2019 13:00,21.35699943
6/10/2019 14:00,21.20863682
6/10/2019 15:00,21.11653931
6/10/2019 16:00,21.11650741
6/10/2019 17:00,21.25238413
6/10/2019 18:00,21.01264827
6/10/2019 19:00,20.96942913
6/10/2019 20:00,21.00335177
6/10/2019 21:00,21.06493381
6/10/2019 22:00,21.18266931
6/10/2019 23:00,21.33994535
7/10/2019 0:00,21.26240182
7/10/2019 1:00,21.31955781
7/10/2019 2:00,21.40964037
7/10/2019 3:00,21.42153152
7/10/2019 4:00,21.33757048
7/10/2019 5:00,21.25119071
7/10/2019 6:00,21.1222899
7/10/2019 7:00,21.0647333
7/10/2019 8:00,21.17380197
7/10/2019 9:00,21.24833379
7/10/2019 10:00,21.25169473
7/10/2019 11:00,21.16472224
7/10/2019 12:00,21.14283065
7/10/2019 13:00,21.23068122
7/10/2019 14:00,20.98779227
7/10/2019 15:00,20.84420041
7/10/2019 16:00,20.81285622
7/10/2019 17:00,21.06686178
7/10/2019 18:00,20.90849782
7/10/2019 19:00,20.70967311
7/10/2019 20:00,20.74736232
7/10/2019 21:00,20.8946114
7/10/2019 22:00,20.97320332
7/10/2019 23:00,21.14520124
8/10/2019 0:00,21.27325107
8/10/2019 1:00,21.32051821
8/10/2019 2:00,21.37723818
8/10/2019 3:00,21.45738584
8/10/2019 4:00,21.37606953
8/10/2019 5:00,21.2155567
8/10/2019 6:00,21.07609725
8/10/2019 7:00,21.02502457
8/10/2019 8:00,21.19915671
8/10/2019 9:00,21.1656044
8/10/2019 10:00,21.19408279
8/10/2019 11:00,21.19193432
8/10/2019 12:00,21.18210095
8/10/2019 13:00,21.24350688
8/10/2019 14:00,21.00666202
8/10/2019 15:00,20.88355568
8/10/2019 16:00,20.84133606
8/10/2019 17:00,21.06772262
8/10/2019 18:00,20.71282148
8/10/2019 19:00,20.77393519
8/10/2019 20:00,20.8609158
8/10/2019 21:00,20.90642807
8/10/2019 22:00,21.08369646
8/10/2019 23:00,21.21310622
9/10/2019 0:00,21.31289238
9/10/2019 1:00,21.36752019
9/10/2019 2:00,21.40576405
9/10/2019 3:00,21.3926309
9/10/2019 4:00,21.37622989
9/10/2019 5:00,21.25205551
9/10/2019 6:00,21.02022934
9/10/2019 7:00,21.04164597
9/10/2019 8:00,21.17237828
9/10/2019 9:00,21.20225873
9/10/2019 10:00,21.29063016
9/10/2019 11:00,21.23444466
9/10/2019 12:00,21.17449461
9/10/2019 13:00,21.20927172
9/10/2019 14:00,20.95495006
9/10/2019 15:00,20.89446039
9/10/2019 16:00,20.8364415
9/10/2019 17:00,21.08217864
9/10/2019 18:00,20.81852848
9/10/2019 19:00,20.65739154
9/10/2019 20:00,20.87785374
9/10/2019 21:00,20.8758573
9/10/2019 22:00,20.96010415
9/10/2019 23:00,21.16191178
10/10/2019 0:00,21.24585004
10/10/2019 1:00,21.36067442
10/10/2019 2:00,21.38533742
10/10/2019 3:00,21.40307573
10/10/2019 4:00,21.4150996
10/10/2019 5:00,21.27820766
10/10/2019 6:00,21.08557206
10/10/2019 7:00,20.98583428
10/10/2019 8:00,21.13424224
10/10/2019 9:00,21.1966571
10/10/2019 10:00,21.20764688
10/10/2019 11:00,21.15934621
10/10/2019 12:00,21.14241785
10/10/2019 13:00,21.21826528
10/10/2019 14:00,21.01720047
10/10/2019 15:00,20.90276578
10/10/2019 16:00,20.83558803
10/10/2019 17:00,21.08680612
10/10/2019 18:00,20.79138676
10/10/2019 19:00,20.7784236
10/10/2019 20:00,20.83581656
10/10/2019 21:00,20.8654663
10/10/2019 22:00,21.03445532
10/10/2019 23:00,21.18316636
11/10/2019 0:00,21.26511
11/10/2019 1:00,21.36016137
11/10/2019 2:00,21.38906281
11/10/2019 3:00,21.37362508
11/10/2019 4:00,21.32962922
11/10/2019 5:00,21.20559184
11/10/2019 6:00,21.0588706
11/10/2019 7:00,20.96991626
11/10/2019 8:00,21.1846788
11/10/2019 9:00,21.22707848
11/10/2019 10:00,21.29130749
11/10/2019 11:00,21.10340919
11/10/2019 12:00,21.1996516
11/10/2019 13:00,21.21569267
11/10/2019 14:00,21.04416149
11/10/2019 15:00,20.86137413
11/10/2019 16:00,20.8745446
11/10/2019 17:00,21.11420377
11/10/2019 18:00,20.81276091
11/10/2019 19:00,20.79140325
11/10/2019 20:00,20.8250728
11/10/2019 21:00,20.97115864
11/10/2019 22:00,21.07891019
11/10/2019 23:00,21.16490313
12/10/2019 0:00,21.45510419
12/10/2019 1:00,21.49161762
12/10/2019 2:00,21.49501286
12/10/2019 3:00,21.52093728
12/10/2019 4:00,21.439779
12/10/2019 5:00,21.33814496
12/10/2019 6:00,21.23670383
12/10/2019 7:00,21.16604467
12/10/2019 8:00,21.28747475
12/10/2019 9:00,21.36342527
12/10/2019 10:00,21.40579454
12/10/2019 11:00,21.31086933
12/10/2019 12:00,21.33307595
12/10/2019 13:00,21.37138272
12/10/2019 14:00,21.18231396
12/10/2019 15:00,21.11443426
12/10/2019 16:00,21.10203657
12/10/2019 17:00,21.23354052
12/10/2019 18:00,21.01556664
12/10/2019 19:00,20.98652958
12/10/2019 20:00,20.96306752
12/10/2019 21:00,21.13593384
12/10/2019 22:00,21.21344705
12/10/2019 23:00,21.32000831
13/10/2019 0:00,21.42689725
13/10/2019 1:00,21.47358225
13/10/2019 2:00,21.45996923
13/10/2019 3:00,21.52651298
13/10/2019 4:00,21.43113288
13/10/2019 5:00,21.36934742
13/10/2019 6:00,21.21024952
13/10/2019 7:00,21.17178427
13/10/2019 8:00,21.24950937
13/10/2019 9:00,21.3759973
13/10/2019 10:00,21.39854877
13/10/2019 11:00,21.32526673
13/10/2019 12:00,21.3188982
13/10/2019 13:00,21.39169749
13/10/2019 14:00,21.17708352
13/10/2019 15:00,21.01602315
13/10/2019 16:00,21.04424558
13/10/2019 17:00,21.23801053
13/10/2019 18:00,21.04913858
13/10/2019 19:00,20.91147034
13/10/2019 20:00,21.02362607
13/10/2019 21:00,21.02095384
13/10/2019 22:00,21.14299919
13/10/2019 23:00,21.30750098
14/10/2019 0:00,21.28790745
14/10/2019 1:00,21.32182431
14/10/2019 2:00,21.36034607
14/10/2019 3:00,21.42114764
14/10/2019 4:00,21.3766931
14/10/2019 5:00,21.28228128
14/10/2019 6:00,21.03617896
14/10/2019 7:00,20.98980386
14/10/2019 8:00,21.19839615
14/10/2019 9:00,21.21839219
14/10/2019 10:00,21.26790177
14/10/2019 11:00,21.18529151
14/10/2019 12:00,21.16399854
14/10/2019 13:00,21.23913862
14/10/2019 14:00,21.03113762
14/10/2019 15:00,20.95834551
14/10/2019 16:00,20.85890248
14/10/2019 17:00,21.0763018
14/10/2019 18:00,20.85944031
14/10/2019 19:00,20.73775801
14/10/2019 20:00,20.78318655
14/10/2019 21:00,20.92238587
14/10/2019 22:00,21.08064851
14/10/2019 23:00,21.11780604
15/10/2019 0:00,21.30360743
15/10/2019 1:00,21.34822417
15/10/2019 2:00,21.36220971
15/10/2019 3:00,21.32756859
15/10/2019 4:00,21.39301196
15/10/2019 5:00,21.23538226
15/10/2019 6:00,21.07281922
15/10/2019 7:00,21.03405666
15/10/2019 8:00,21.18615608
15/10/2019 9:00,21.24324943
15/10/2019 10:00,21.23804955
15/10/2019 11:00,21.20704813
15/10/2019 12:00,21.15750976
15/10/2019 13:00,21.2220463
15/10/2019 14:00,21.0117345
15/10/2019 15:00,20.91696698
15/10/2019 16:00,20.88232537
15/10/2019 17:00,21.06690599
15/10/2019 18:00,20.8767517
15/10/2019 19:00,20.74505211
15/10/2019 20:00,20.82598548
15/10/2019 21:00,20.9252481
15/10/2019 22:00,21.10168803
15/10/2019 23:00,21.13131854
16/10/2019 0:00,21.30495161
16/10/2019 1:00,21.31871324
16/10/2019 2:00,21.36092336
16/10/2019 3:00,21.43146968
16/10/2019 4:00,21.38946599
16/10/2019 5:00,21.17931682
16/10/2019 6:00,20.99202239
16/10/2019 7:00,21.01779307
16/10/2019 8:00,21.15930097
16/10/2019 9:00,21.23287268
16/10/2019 10:00,21.22760543
16/10/2019 11:00,21.18624994
16/10/2019 12:00,21.24468716
16/10/2019 13:00,21.26074882
16/10/2019 14:00,21.0253728
16/10/2019 15:00,20.94354602
16/10/2019 16:00,20.87206387
16/10/2019 17:00,21.10990279
16/10/2019 18:00,20.86156589
16/10/2019 19:00,20.69269097
16/10/2019 20:00,20.78041711
16/10/2019 21:00,20.89190594
16/10/2019 22:00,21.00216004
16/10/2019 23:00,21.15617108
17/10/2019 0:00,21.25101919
17/10/2019 1:00,21.3567157
17/10/2019 2:00,21.39414418
17/10/2019 3:00,21.43179446
17/10/2019 4:00,21.37447368
17/10/2019 5:00,21.22172483
17/10/2019 6:00,21.00687666
17/10/2019 7:00,20.98356608
17/10/2019 8:00,21.21819909
17/10/2019 9:00,21.18480673
17/10/2019 10:00,21.2895938
17/10/2019 11:00,21.13823791
17/10/2019 12:00,21.19602312
17/10/2019 13:00,21.20420393
17/10/2019 14:00,21.07145586
17/10/2019 15:00,20.85641813
17/10/2019 16:00,20.92713482
17/10/2019 17:00,21.09801757
17/10/2019 18:00,20.87015109
17/10/2019 19:00,20.8051869
17/10/2019 20:00,20.78672118
17/10/2019 21:00,20.82293591
17/10/2019 22:00,20.94228492
17/10/2019 23:00,21.1672544
18/10/2019 0:00,21.25937359
18/10/2019 1:00,21.34052892
18/10/2019 2:00,21.3735681
18/10/2019 3:00,21.41116568
18/10/2019 4:00,21.36027029
18/10/2019 5:00,21.2330585
18/10/2019 6:00,21.06858807
18/10/2019 7:00,21.01780128
18/10/2019 8:00,21.16674015
18/10/2019 9:00,21.18942733
18/10/2019 10:00,21.26791604
18/10/2019 11:00,21.16586783
18/10/2019 12:00,21.12931631
18/10/2019 13:00,21.19066525
18/10/2019 14:00,20.97950819
18/10/2019 15:00,20.89968883
18/10/2019 16:00,20.85605108
18/10/2019 17:00,21.04262065
18/10/2019 18:00,20.7680162
18/10/2019 19:00,20.81366498
18/10/2019 20:00,20.84470616
18/10/2019 21:00,20.84183323
18/10/2019 22:00,21.04073368
18/10/2019 23:00,21.18945132
19/10/2019 0:00,21.44002661
19/10/2019 1:00,21.47338438
19/10/2019 2:00,21.52114052
19/10/2019 3:00,21.47303307
19/10/2019 4:00,21.47848604
19/10/2019 5:00,21.38038975
19/10/2019 6:00,21.19656073
19/10/2019 7:00,21.15784219
19/10/2019 8:00,21.28865024
19/10/2019 9:00,21.32839248
19/10/2019 10:00,21.38923764
19/10/2019 11:00,21.31989839
19/10/2019 12:00,21.31124609
19/10/2019 13:00,21.37484449
19/10/2019 14:00,21.1967115
19/10/2019 15:00,21.07802526
19/10/2019 16:00,21.03775438
19/10/2019 17:00,21.28359638
19/10/2019 18:00,21.0045571
19/10/2019 19:00,20.95247256
19/10/2019 20:00,20.9706996
19/10/2019 21:00,21.05505
19/10/2019 22:00,21.15214828
19/10/2019 23:00,21.28081543
20/10/2019 0:00,21.38468216
20/10/2019 1:00,21.43395026
20/10/2019 2:00,21.48952425
20/10/2019 3:00,21.51048293
20/10/2019 4:00,21.46129804
20/10/2019 5:00,21.3627644
20/10/2019 6:00,21.22130946
20/10/2019 7:00,21.17402452
20/10/2019 8:00,21.31479682
20/10/2019 9:00,21.37436891
20/10/2019 10:00,21.3457788
20/10/2019 11:00,21.31170673
20/10/2019 12:00,21.28054677
20/10/2019 13:00,21.40093177
20/10/2019 14:00,21.21271771
20/10/2019 15:00,21.09098273
20/10/2019 16:00,21.02893095
20/10/2019 17:00,21.22596892
20/10/2019 18:00,21.01809357
20/10/2019 19:00,20.98474801
20/10/2019 20:00,21.03502946
20/10/2019 21:00,21.06951291
20/10/2019 22:00,21.23542077
20/10/2019 23:00,21.32665793
21/10/2019 0:00,21.27495455
21/10/2019 1:00,21.36892491
21/10/2019 2:00,21.3490077
21/10/2019 3:00,21.37740873
21/10/2019 4:00,21.40043677
21/10/2019 5:00,21.27197461
21/10/2019 6:00,21.12444503
21/10/2019 7:00,21.04415436
21/10/2019 8:00,21.14531639
21/10/2019 9:00,21.22667778
21/10/2019 10:00,21.22709051
21/10/2019 11:00,21.21038755
21/10/2019 12:00,21.16248006
21/10/2019 13:00,21.23938179
21/10/2019 14:00,21.02631336
21/10/2019 15:00,20.90542654
21/10/2019 16:00,20.92043787
21/10/2019 17:00,21.11477797
21/10/2019 18:00,20.79173221
21/10/2019 19:00,20.71234771
21/10/2019 20:00,20.74729418
21/10/2019 21:00,20.87923162
21/10/2019 22:00,21.02673343
21/10/2019 23:00,21.21982999
22/10/2019 0:00,21.29444588
22/10/2019 1:00,21.34660113
22/10/2019 2:00,21.3412795
22/10/2019 3:00,21.38899282
22/10/2019 4:00,21.32969954
22/10/2019 5:00,21.23146603
22/10/2019 6:00,21.07294215
22/10/2019 7:00,21.01243276
22/10/2019 8:00,21.15928076
22/10/2019 9:00,21.24132318
22/10/2019 10:00,21.25006239
22/10/2019 11:00,21.17121798
22/10/2019 12:00,21.1391931
22/10/2019 13:00,21.28191289
22/10/2019 14:00,20.98535747
22/10/2019 15:00,20.93759537
22/10/2019 16:00,20.92465264
22/10/2019 17:00,21.03933037
22/10/2019 18:00,20.80116438
22/10/2019 19:00,20.67529856
22/10/2019 20:00,20.75759303
22/10/2019 21:00,20.81327102
22/10/2019 22:00,21.01285777
22/10/2019 23:00,21.17458055
23/10/2019 0:00,21.27894943
23/10/2019 1:00,21.3168354
23/10/2019 2:00,21.40188637
23/10/2019 3:00,21.41783214
23/10/2019 4:00,21.37174319
23/10/2019 5:00,21.30293165
23/10/2019 6:00,21.04507971
23/10/2019 7:00,21.08020689
23/10/2019 8:00,21.16581436
23/10/2019 9:00,21.19040798
23/10/2019 10:00,21.25222909
23/10/2019 11:00,21.11470778
23/10/2019 12:00,21.22776867
23/10/2019 13:00,21.19010227
23/10/2019 14:00,21.00294564
23/10/2019 15:00,20.96667627
23/10/2019 16:00,20.76225946
23/10/2019 17:00,21.07725095
23/10/2019 18:00,20.86535213
23/10/2019 19:00,20.79025704
23/10/2019 20:00,20.79967687
23/10/2019 21:00,20.89636696
23/10/2019 22:00,21.02807928
23/10/2019 23:00,21.17866083
24/10/2019 0:00,21.27160818
24/10/2019 1:00,21.35502695
24/10/2019 2:00,21.42743608
24/10/2019 3:00,21.4070147
24/10/2019 4:00,21.41849853
24/10/2019 5:00,21.23792841
24/10/2019 6:00,21.08172193
24/10/2019 7:00,21.01022109
24/10/2019 8:00,21.12727848
24/10/2019 9:00,21.24061759
24/10/2019 10:00,21.20943885
24/10/2019 11:00,21.17736439
24/10/2019 12:00,21.1340465
24/10/2019 13:00,21.23355903
24/10/2019 14:00,21.0541663
24/10/2019 15:00,20.87486082
24/10/2019 16:00,20.88819775
24/10/2019 17:00,21.10415592
24/10/2019 18:00,20.84943936
24/10/2019 19:00,20.73152158
24/10/2019 20:00,20.73521903
24/10/2019 21:00,20.96464516
24/10/2019 22:00,21.03073306
24/10/2019 23:00,21.15199808
25/10/2019 0:00,21.28272799
25/10/2019 1:00,21.3152785
25/10/2019 2:00,21.38627461
25/10/2019 3:00,21.40777249
25/10/2019 4:00,21.35122118
25/10/2019 5:00,21.24467095
25/10/2019 6:00,21.06242222
25/10/2019 7:00,20.99851934
25/10/2019 8:00,21.18494385
25/10/2019 9:00,21.23151373
25/10/2019 10:00,21.25292395
25/10/2019 11:00,21.12363096
25/10/2019 12:00,21.27743882
25/10/2019 13:00,21.21036676
25/10/2019 14:00,21.02289046
25/10/2019 15:00,20.96048477
25/10/2019 16:00,20.85357756
25/10/2019 17:00,21.05902109
25/10/2019 18:00,20.80684957
25/10/2019 19:00,20.8437115
25/10/2019 20:00,20.7342179
25/10/2019 21:00,20.91946896
25/10/2019 22:00,21.00858807
25/10/2019 23:00,21.14863754
26/10/2019 0:00,21.43200813
26/10/2019 1:00,21.44941682
26/10/2019 2:00,21.50216806
26/10/2019 3:00,21.5486363
26/10/2019 4:00,21.45563092
26/10/2019 5:00,21.39636806
26/10/2019 6:00,21.23633412
26/10/2019 7:00,21.19374367
26/10/2019 8:00,21.29937222
26/10/2019 9:00,21.34728877
26/10/2019 10:00,21.35419073
26/10/2019 11:00,21.33945585
26/10/2019 12:00,21.34288629
26/10/2019 13:00,21.35939573
26/10/2019 14:00,21.13536343
26/10/2019 15:00,21.08805271
26/10/2019 16:00,21.02133913
26/10/2019 17:00,21.23164079
26/10/2019 18:00,21.04464628
26/10/2019 19:00,20.95294267
26/10/2019 20:00,21.00095748
26/10/2019 21:00,21.06056687
26/10/2019 22:00,21.15870334
26/10/2019 23:00,21.30499866
27/10/2019 0:00,21.38808278
27/10/2019 1:00,21.48145489
27/10/2019 2:00,21.50271207
27/10/2019 3:00,21.52421638
27/10/2019 4:00,21.47202085
27/10/2019 5:00,21.38709911
27/10/2019 6:00,21.19264784
27/10/2019 7:00,21.21097206
27/10/2019 8:00,21.30934407
27/10/2019 9:00,21.33376506
27/10/2019 10:00,21.41599009
27/10/2019 11:00,21.25100527
27/10/2019 12:00,21.32769927
27/10/2019 13:00,21.39834335
27/10/2019 14:00,21.17681499
27/10/2019 15:00,21.07258559
27/10/2019 16:00,21.05333206
27/10/2019 17:00,21.20391896
27/10/2019 18:00,21.00346164
27/10/2019 19:00,20.93323605
27/10/2019 20:00,20.97959498
27/10/2019 21:00,21.08308501
27/10/2019 22:00,21.14743804
27/10/2019 23:00,21.34963388
28/10/2019 0:00,21.28408763
28/10/2019 1:00,21.34443893
28/10/2019 2:00,21.36659393
28/10/2019 3:00,21.42196211
28/10/2019 4:00,21.40434706
28/10/2019 5:00,21.24314737
28/10/2019 6:00,21.04037847
28/10/2019 7:00,20.96411085
28/10/2019 8:00,21.20195352
28/10/2019 9:00,21.18027704
28/10/2019 10:00,21.17313712
28/10/2019 11:00,21.17505203
28/10/2019 12:00,21.22223167
28/10/2019 13:00,21.23394709
28/10/2019 14:00,21.02394822
28/10/2019 15:00,20.87779188
28/10/2019 16:00,20.88972728
28/10/2019 17:00,21.02341774
28/10/2019 18:00,20.87478251
28/10/2019 19:00,20.80453877
28/10/2019 20:00,20.74495287
28/10/2019 21:00,20.97747819
28/10/2019 22:00,21.03830862
28/10/2019 23:00,21.07970908
29/10/2019 0:00,21.2879208
29/10/2019 1:00,21.37215828
29/10/2019 2:00,21.3858991
29/10/2019 3:00,21.40489206
29/10/2019 4:00,21.36105423
29/10/2019 5:00,21.22974962
29/10/2019 6:00,21.08368064
29/10/2019 7:00,20.9551376
29/10/2019 8:00,21.15204706
29/10/2019 9:00,21.18669143
29/10/2019 10:00,21.24943606
29/10/2019 11:00,21.12008954
29/10/2019 12:00,21.18655067
29/10/2019 13:00,21.20793724
29/10/2019 14:00,21.04832717
29/10/2019 15:00,20.9274174
29/10/2019 16:00,20.83363497
29/10/2019 17:00,21.08654058
29/10/2019 18:00,20.8644105
29/10/2019 19:00,20.75735468
29/10/2019 20:00,20.76179352
29/10/2019 21:00,20.91535724
29/10/2019 22:00,21.03542589
29/10/2019 23:00,21.16962708
30/10/2019 0:00,21.33597479
30/10/2019 1:00,21.38033753
30/10/2019 2:00,21.37717371
30/10/2019 3:00,21.41966403
30/10/2019 4:00,21.34063497
30/10/2019 5:00,21.22167077
30/10/2019 6:00,21.02598654
30/10/2019 7:00,20.94844141
30/10/2019 8:00,21.15692318
30/10/2019 9:00,21.18482409
30/10/2019 10:00,21.24828454
30/10/2019 11:00,21.08684877
30/10/2019 12:00,21.12308379
30/10/2019 13:00,21.21912335
30/10/2019 14:00,21.00884772
30/10/2019 15:00,20.84601453
30/10/2019 16:00,20.87194038
30/10/2019 17:00,21.09673719
30/10/2019 18:00,20.79548366
30/10/2019 19:00,20.72620561
30/10/2019 20:00,20.78307528
30/10/2019 21:00,20.92311955
30/10/2019 22:00,21.08866887
30/10/2019 23:00,21.16323816
31/10/2019 0:00,21.26473281
31/10/2019 1:00,21.3512427
31/10/2019 2:00,21.35276024
31/10/2019 3:00,21.4189516
31/10/2019 4:00,21.38870006
31/10/2019 5:00,21.24908222
31/10/2019 6:00,21.05232369
31/10/2019 7:00,20.98917677
31/10/2019 8:00,21.189958
31/10/2019 9:00,21.17662937
31/10/2019 10:00,21.18590509
31/10/2019 11:00,21.16636709
31/10/2019 12:00,21.14864189
31/10/2019 13:00,21.25153918
31/10/2019 14:00,20.9853286
31/10/2019 15:00,20.85212347
31/10/2019 16:00,20.82721292
31/10/2019 17:00,21.07322752
31/10/2019 18:00,20.94776221
31/10/2019 19:00,20.75729189
31/10/2019 20:00,20.81637826
31/10/2019 21:00,20.92856278
31/10/2019 22:00,21.02742555
31/10/2019 23:00,21.18215833
1/11/2019 0:00,21.43090131
1/11/2019 1:00,21.48330575
1/11/2019 2:00,21.5083284
1/11/2019 3:00,21.49068232
1/11/2019 4:00,21.49073282
1/11/2019 5:00,21.39057455
1/11/2019 6:00,21.22537781
1/11/2019 7:00,21.17610853
1/11/2019 8:00,21.30210963
1/11/2019 9:00,21.42527632
1/11/2019 10:00,21.3499879
1/11/2019 11:00,21.27191159
1/11/2019 12:00,21.34821177
1/11/2019 13:00,21.37618891
1/11/2019 14:00,21.19907168
1/11/2019 15:00,21.10634398
1/11/2019 16:00,21.05146434
1/11/2019 17:00,21.28671176
1/11/2019 18:00,21.06581803
1/11/2019 19:00,20.88821696
1/11/2019 20:00,21.02715327
1/11/2019 21:00,21.0401875
1/11/2019 22:00,21.18730523
1/11/2019 23:00,21.35763015
2/11/2019 0:00,21.50793518
2/11/2019 1:00,21.5626258
2/11/2019 2:00,21.59522588
2/11/2019 3:00,21.59781482
2/11/2019 4:00,21.56595979
2/11/2019 5:00,21.47681817
2/11/2019 6:00,21.32262217
2/11/2019 7:00,21.31674031
2/11/2019 8:00,21.46283898
2/11/2019 9:00,21.47943351
2/11/2019 10:00,21.43159575
2/11/2019 11:00,21.42080738
2/11/2019 12:00,21.40233624
2/11/2019 13:00,21.45082973
2/11/2019 14:00,21.33201603
2/11/2019 15:00,21.23814253
2/11/2019 16:00,21.22390476
2/11/2019 17:00,21.40682434
2/11/2019 18:00,21.19420112
2/11/2019 19:00,21.08697787
2/11/2019 20:00,21.18408361
2/11/2019 21:00,21.22679503
2/11/2019 22:00,21.31652544
2/11/2019 23:00,21.45328995
3/11/2019 0:00,21.52743661
3/11/2019 1:00,21.57759175
3/11/2019 2:00,21.60100339
3/11/2019 3:00,21.62129907
3/11/2019 4:00,21.58821925
3/11/2019 5:00,21.46341744
3/11/2019 6:00,21.37122554
3/11/2019 7:00,21.32299441
3/11/2019 8:00,21.44375123
3/11/2019 9:00,21.44461646
3/11/2019 10:00,21.4628285
3/11/2019 11:00,21.41819229
3/11/2019 12:00,21.44509421
3/11/2019 13:00,21.48303863
3/11/2019 14:00,21.36711078
3/11/2019 15:00,21.1966586
3/11/2019 16:00,21.24661457
3/11/2019 17:00,21.35408517
3/11/2019 18:00,21.16491199
3/11/2019 19:00,21.14064301
3/11/2019 20:00,21.1365891
3/11/2019 21:00,21.21737429
3/11/2019 22:00,21.29582431
3/11/2019 23:00,21.44428684
4/11/2019 0:00,21.44069986
4/11/2019 1:00,21.47240862
4/11/2019 2:00,21.49106645
4/11/2019 3:00,21.51001017
4/11/2019 4:00,21.48560244
4/11/2019 5:00,21.42160071
4/11/2019 6:00,21.19980721
4/11/2019 7:00,21.12657843
4/11/2019 8:00,21.29710647
4/11/2019 9:00,21.33501336
4/11/2019 10:00,21.35839274
4/11/2019 11:00,21.29945676
4/11/2019 12:00,21.30360875
4/11/2019 13:00,21.3464815
4/11/2019 14:00,21.19489692
4/11/2019 15:00,21.10622622
4/11/2019 16:00,21.0633868
4/11/2019 17:00,21.22301246
4/11/2019 18:00,21.03904734
4/11/2019 19:00,20.93263992
4/11/2019 20:00,20.97997534
4/11/2019 21:00,21.05325879
4/11/2019 22:00,21.16128223
4/11/2019 23:00,21.31184529
5/11/2019 0:00,21.44116518
5/11/2019 1:00,21.46924825
5/11/2019 2:00,21.49414545
5/11/2019 3:00,21.54436842
5/11/2019 4:00,21.45138422
5/11/2019 5:00,21.37592266
5/11/2019 6:00,21.20226737
5/11/2019 7:00,21.14333662
5/11/2019 8:00,21.32415175
5/11/2019 9:00,21.33593499
5/11/2019 10:00,21.37465327
5/11/2019 11:00,21.31424131
5/11/2019 12:00,21.34599285
5/11/2019 13:00,21.32014235
5/11/2019 14:00,21.20296624
5/11/2019 15:00,21.06133238
5/11/2019 16:00,21.11806009
5/11/2019 17:00,21.20035019
5/11/2019 18:00,20.99324768
5/11/2019 19:00,20.94049229
5/11/2019 20:00,21.0029769
5/11/2019 21:00,21.06704754
5/11/2019 22:00,21.13300022
5/11/2019 23:00,21.3565153
6/11/2019 0:00,21.39671513
6/11/2019 1:00,21.48040793
6/11/2019 2:00,21.4953407
6/11/2019 3:00,21.51556896
6/11/2019 4:00,21.4862713
6/11/2019 5:00,21.37933102
6/11/2019 6:00,21.24403195
6/11/2019 7:00,21.15358409
6/11/2019 8:00,21.35385192
6/11/2019 9:00,21.33822588
6/11/2019 10:00,21.38028159
6/11/2019 11:00,21.33816205
6/11/2019 12:00,21.31912957
6/11/2019 13:00,21.39234471
6/11/2019 14:00,21.18683274
6/11/2019 15:00,21.12731052
6/11/2019 16:00,21.04245357
6/11/2019 17:00,21.2575246
6/11/2019 18:00,21.04355509
6/11/2019 19:00,20.93337824
6/11/2019 20:00,21.02178987
6/11/2019 21:00,21.08161054
6/11/2019 22:00,21.23960258
6/11/2019 23:00,21.29840347
7/11/2019 0:00,21.37575853
7/11/2019 1:00,21.40727808
7/11/2019 2:00,21.49326539
7/11/2019 3:00,21.4967438
7/11/2019 4:00,21.51217724
7/11/2019 5:00,21.34554928
7/11/2019 6:00,21.19136475
7/11/2019 7:00,21.19555802
7/11/2019 8:00,21.27521734
7/11/2019 9:00,21.35297024
7/11/2019 10:00,21.38012886
7/11/2019 11:00,21.29638752
7/11/2019 12:00,21.35178902
7/11/2019 13:00,21.33257244
7/11/2019 14:00,21.21867595
7/11/2019 15:00,21.11551611
7/11/2019 16:00,21.0878695
7/11/2019 17:00,21.21280147
7/11/2019 18:00,21.04909232
7/11/2019 19:00,20.99270981
7/11/2019 20:00,21.01603891
7/11/2019 21:00,21.08078665
7/11/2019 22:00,21.23030411
7/11/2019 23:00,21.34169486
8/11/2019 0:00,21.36836542
8/11/2019 1:00,21.47940265
8/11/2019 2:00,21.501002
8/11/2019 3:00,21.5177359
8/11/2019 4:00,21.48613781
8/11/2019 5:00,21.36523623
8/11/2019 6:00,21.18661547
8/11/2019 7:00,21.18998513
8/11/2019 8:00,21.33268004
8/11/2019 9:00,21.30841219
8/11/2019 10:00,21.36085961
8/11/2019 11:00,21.25246598
8/11/2019 12:00,21.37077485
8/11/2019 13:00,21.34360323
8/11/2019 14:00,21.12482882
8/11/2019 15:00,21.08721192
8/11/2019 16:00,21.0601984
8/11/2019 17:00,21.22283518
8/11/2019 18:00,21.047156
8/11/2019 19:00,20.95530547
8/11/2019 20:00,21.00680195
8/11/2019 21:00,21.09969788
8/11/2019 22:00,21.16279699
8/11/2019 23:00,21.30253315
9/11/2019 0:00,21.51484256
9/11/2019 1:00,21.54720998
9/11/2019 2:00,21.59221383
9/11/2019 3:00,21.61343665
9/11/2019 4:00,21.58340135
9/11/2019 5:00,21.49009163
9/11/2019 6:00,21.37455579
9/11/2019 7:00,21.33675615
9/11/2019 8:00,21.44325933
9/11/2019 9:00,21.42555087
9/11/2019 10:00,21.5399358
9/11/2019 11:00,21.43733543
9/11/2019 12:00,21.41203231
9/11/2019 13:00,21.47094439
9/11/2019 14:00,21.31342662
9/11/2019 15:00,21.24088603
9/11/2019 16:00,21.23973771
9/11/2019 17:00,21.41769288
9/11/2019 18:00,21.18893547
9/11/2019 19:00,21.14732399
9/11/2019 20:00,21.18989292
9/11/2019 21:00,21.25112704
9/11/2019 22:00,21.29542486
9/11/2019 23:00,21.38537116
10/11/2019 0:00,21.51544245
10/11/2019 1:00,21.56839811
10/11/2019 2:00,21.60659511
10/11/2019 3:00,21.59438522
10/11/2019 4:00,21.54474685
10/11/2019 5:00,21.4947735
10/11/2019 6:00,21.40509616
10/11/2019 7:00,21.30894633
10/11/2019 8:00,21.4115855
10/11/2019 9:00,21.49981884
10/11/2019 10:00,21.48424792
10/11/2019 11:00,21.42611643
10/11/2019 12:00,21.45192158
10/11/2019 13:00,21.49270158
10/11/2019 14:00,21.31119649
10/11/2019 15:00,21.25634688
10/11/2019 16:00,21.26115898
10/11/2019 17:00,21.41315279
10/11/2019 18:00,21.15924443
10/11/2019 19:00,21.10505209
10/11/2019 20:00,21.16416152
10/11/2019 21:00,21.24956008
10/11/2019 22:00,21.34907285
10/11/2019 23:00,21.45668356
11/11/2019 0:00,21.4225437
11/11/2019 1:00,21.50418232
11/11/2019 2:00,21.50871192
11/11/2019 3:00,21.51671382
11/11/2019 4:00,21.46634847
11/11/2019 5:00,21.3799879
11/11/2019 6:00,21.19084837
11/11/2019 7:00,21.14455331
11/11/2019 8:00,21.28331556
11/11/2019 9:00,21.34109333
11/11/2019 10:00,21.37372435
11/11/2019 11:00,21.33611228
11/11/2019 12:00,21.31092668
11/11/2019 13:00,21.32185114
11/11/2019 14:00,21.18515775
11/11/2019 15:00,21.02703854
11/11/2019 16:00,21.11036402
11/11/2019 17:00,21.26511965
11/11/2019 18:00,20.99985112
11/11/2019 19:00,20.93445216
11/11/2019 20:00,20.94971596
11/11/2019 21:00,21.08025994
11/11/2019 22:00,21.22155471
11/11/2019 23:00,21.31892959
12/11/2019 0:00,21.44594023
12/11/2019 1:00,21.4846796
12/11/2019 2:00,21.47679
12/11/2019 3:00,21.49520578
12/11/2019 4:00,21.47108866
12/11/2019 5:00,21.41741868
12/11/2019 6:00,21.2226692
12/11/2019 7:00,21.21851686
12/11/2019 8:00,21.28143086
12/11/2019 9:00,21.36543641
12/11/2019 10:00,21.39878151
12/11/2019 11:00,21.31074463
12/11/2019 12:00,21.34478454
12/11/2019 13:00,21.32675954
12/11/2019 14:00,21.2166922
12/11/2019 15:00,21.13485283
12/11/2019 16:00,21.13247297
12/11/2019 17:00,21.23516943
12/11/2019 18:00,21.04726069
12/11/2019 19:00,20.99562707
12/11/2019 20:00,20.9540291
12/11/2019 21:00,21.05854232
12/11/2019 22:00,21.19805293
12/11/2019 23:00,21.28055061
13/11/2019 0:00,21.39926065
13/11/2019 1:00,21.47866005
13/11/2019 2:00,21.51436814
13/11/2019 3:00,21.49620236
13/11/2019 4:00,21.47044817
13/11/2019 5:00,21.37531223
13/11/2019 6:00,21.23611398
13/11/2019 7:00,21.16706793
13/11/2019 8:00,21.3307116
13/11/2019 9:00,21.35536456
13/11/2019 10:00,21.34105748
13/11/2019 11:00,21.3286112
13/11/2019 12:00,21.3679895
13/11/2019 13:00,21.38638514
13/11/2019 14:00,21.16704121
13/11/2019 15:00,21.08201766
13/11/2019 16:00,21.06733923
13/11/2019 17:00,21.24867122
13/11/2019 18:00,21.01223932
13/11/2019 19:00,20.97470849
13/11/2019 20:00,20.98458782
13/11/2019 21:00,21.10299339
13/11/2019 22:00,21.22238472
13/11/2019 23:00,21.32922129
14/11/2019 0:00,21.42135182
14/11/2019 1:00,21.46340827
14/11/2019 2:00,21.49056933
14/11/2019 3:00,21.57788974
14/11/2019 4:00,21.4935432
14/11/2019 5:00,21.38782582
14/11/2019 6:00,21.171219
14/11/2019 7:00,21.21400791
14/11/2019 8:00,21.30546811
14/11/2019 9:00,21.3170106
14/11/2019 10:00,21.40403363
14/11/2019 11:00,21.30168021
14/11/2019 12:00,21.34874232
14/11/2019 13:00,21.37334543
14/11/2019 14:00,21.21795632
14/11/2019 15:00,21.11026444
14/11/2019 16:00,20.96923142
14/11/2019 17:00,21.20961556
14/11/2019 18:00,20.99158714
14/11/2019 19:00,20.92620527
14/11/2019 20:00,21.0504892
14/11/2019 21:00,21.06720796
14/11/2019 22:00,21.16717501
14/11/2019 23:00,21.33446039
15/11/2019 0:00,21.39280937
15/11/2019 1:00,21.44855084
15/11/2019 2:00,21.46032574
15/11/2019 3:00,21.51865347
15/11/2019 4:00,21.49909914
15/11/2019 5:00,21.38715861
15/11/2019 6:00,21.17314107
15/11/2019 7:00,21.23562099
15/11/2019 8:00,21.36312488
15/11/2019 9:00,21.35095363
15/11/2019 10:00,21.38461623
15/11/2019 11:00,21.31197119
15/11/2019 12:00,21.30666423
15/11/2019 13:00,21.37513466
15/11/2019 14:00,21.24983269
15/11/2019 15:00,21.02555138
15/11/2019 16:00,21.0966462
15/11/2019 17:00,21.26317425
15/11/2019 18:00,20.99152068
15/11/2019 19:00,20.95792345
15/11/2019 20:00,20.99733254
15/11/2019 21:00,21.06441325
15/11/2019 22:00,21.16687593
15/11/2019 23:00,21.32184064
16/11/2019 0:00,21.49203802
16/11/2019 1:00,21.59615224
16/11/2019 2:00,21.57606081
16/11/2019 3:00,21.6144373
16/11/2019 4:00,21.55140874
16/11/2019 5:00,21.48745492
16/11/2019 6:00,21.36560343
16/11/2019 7:00,21.31071174
16/11/2019 8:00,21.41652111
16/11/2019 9:00,21.45774214
16/11/2019 10:00,21.50870859
16/11/2019 11:00,21.44667898
16/11/2019 12:00,21.4514888
16/11/2019 13:00,21.47919238
16/11/2019 14:00,21.32012283
16/11/2019 15:00,21.30279919
16/11/2019 16:00,21.21451523
16/11/2019 17:00,21.37516149
16/11/2019 18:00,21.21824218
16/11/2019 19:00,21.1463199
16/11/2019 20:00,21.17292965
16/11/2019 21:00,21.33366306
16/11/2019 22:00,21.35312912
16/11/2019 23:00,21.45259774
17/11/2019 0:00,21.50977676
17/11/2019 1:00,21.57406253
17/11/2019 2:00,21.59143763
17/11/2019 3:00,21.57790238
17/11/2019 4:00,21.55753692
17/11/2019 5:00,21.47315469
17/11/2019 6:00,21.36159161
17/11/2019 7:00,21.31224742
17/11/2019 8:00,21.43749119
17/11/2019 9:00,21.47437383
17/11/2019 10:00,21.48080594
17/11/2019 11:00,21.44900752
17/11/2019 12:00,21.42061642
17/11/2019 13:00,21.48194287
17/11/2019 14:00,21.32393598
17/11/2019 15:00,21.21112858
17/11/2019 16:00,21.19873535
17/11/2019 17:00,21.40167953
17/11/2019 18:00,21.18220495
17/11/2019 19:00,21.09793317
17/11/2019 20:00,21.14083427
17/11/2019 21:00,21.26751137
17/11/2019 22:00,21.35208735
17/11/2019 23:00,21.41431186
18/11/2019 0:00,21.42956557
18/11/2019 1:00,21.46835336
18/11/2019 2:00,21.46549716
18/11/2019 3:00,21.51193566
18/11/2019 4:00,21.49199311
18/11/2019 5:00,21.39865204
18/11/2019 6:00,21.20360956
18/11/2019 7:00,21.22243883
18/11/2019 8:00,21.31822756
18/11/2019 9:00,21.34562833
18/11/2019 10:00,21.34493644
18/11/2019 11:00,21.29583325
18/11/2019 12:00,21.34751509
18/11/2019 13:00,21.33481923
18/11/2019 14:00,21.20475046
18/11/2019 15:00,21.13039399
18/11/2019 16:00,21.06723984
18/11/2019 17:00,21.19576514
18/11/2019 18:00,21.02295332
18/11/2019 19:00,20.9435651
18/11/2019 20:00,20.93851013
18/11/2019 21:00,21.12519307
18/11/2019 22:00,21.23322756
18/11/2019 23:00,21.35294493
19/11/2019 0:00,21.40543414
19/11/2019 1:00,21.45916235
19/11/2019 2:00,21.46611759
19/11/2019 3:00,21.50664459
19/11/2019 4:00,21.48580799
19/11/2019 5:00,21.37905765
19/11/2019 6:00,21.20954192
19/11/2019 7:00,21.23179939
19/11/2019 8:00,21.24387682
19/11/2019 9:00,21.33867046
19/11/2019 10:00,21.36847876
19/11/2019 11:00,21.29638093
19/11/2019 12:00,21.31186252
19/11/2019 13:00,21.36440565
19/11/2019 14:00,21.21220554
19/11/2019 15:00,21.06804526
19/11/2019 16:00,21.04552276
19/11/2019 17:00,21.25403703
19/11/2019 18:00,20.98094416
19/11/2019 19:00,20.93339987
19/11/2019 20:00,20.96992626
19/11/2019 21:00,21.03545326
19/11/2019 22:00,21.19664935
19/11/2019 23:00,21.30603749
20/11/2019 0:00,21.39611858
20/11/2019 1:00,21.47673007
20/11/2019 2:00,21.49395883
20/11/2019 3:00,21.50878701
20/11/2019 4:00,21.49638714
20/11/2019 5:00,21.32732198
20/11/2019 6:00,21.25154521
20/11/2019 7:00,21.22017946
20/11/2019 8:00,21.27913297
20/11/2019 9:00,21.33611554
20/11/2019 10:00,21.39800926
20/11/2019 11:00,21.29712932
20/11/2019 12:00,21.29395234
20/11/2019 13:00,21.36256067
20/11/2019 14:00,21.1205649
20/11/2019 15:00,21.14457535
20/11/2019 16:00,21.03845271
20/11/2019 17:00,21.20157558
20/11/2019 18:00,20.99863991
20/11/2019 19:00,20.95141051
20/11/2019 20:00,21.00516771
20/11/2019 21:00,21.06564295
20/11/2019 22:00,21.17439278
20/11/2019 23:00,21.29909433
21/11/2019 0:00,21.39121667
21/11/2019 1:00,21.48251964
21/11/2019 2:00,21.49922292
21/11/2019 3:00,21.52812989
21/11/2019 4:00,21.48546196
21/11/2019 5:00,21.35644206
21/11/2019 6:00,21.20981014
21/11/2019 7:00,21.10842861
21/11/2019 8:00,21.30586616
21/11/2019 9:00,21.35193641
21/11/2019 10:00,21.37242297
21/11/2019 11:00,21.32846537
21/11/2019 12:00,21.33143668
21/11/2019 13:00,21.33518006
21/11/2019 14:00,21.19203232
21/11/2019 15:00,21.11550782
21/11/2019 16:00,21.09315081
21/11/2019 17:00,21.24610078
21/11/2019 18:00,21.02601009
21/11/2019 19:00,20.9007654
21/11/2019 20:00,21.04134688
21/11/2019 21:00,21.08993083
21/11/2019 22:00,21.19321953
21/11/2019 23:00,21.358222
22/11/2019 0:00,21.43109227
22/11/2019 1:00,21.47584426
22/11/2019 2:00,21.50982984
22/11/2019 3:00,21.50758181
22/11/2019 4:00,21.48113591
22/11/2019 5:00,21.3914734
22/11/2019 6:00,21.2009809
22/11/2019 7:00,21.1340466
22/11/2019 8:00,21.27100327
22/11/2019 9:00,21.398729
22/11/2019 10:00,21.36158401
22/11/2019 11:00,21.31702537
22/11/2019 12:00,21.32630006
22/11/2019 13:00,21.37164049
22/11/2019 14:00,21.19283996
22/11/2019 15:00,21.08605029
22/11/2019 16:00,21.0826806
22/11/2019 17:00,21.25764285
22/11/2019 18:00,21.04347831
22/11/2019 19:00,20.93553945
22/11/2019 20:00,20.97444998
22/11/2019 21:00,21.05261643
22/11/2019 22:00,21.21109876
22/11/2019 23:00,21.30684235
23/11/2019 0:00,21.5020579
23/11/2019 1:00,21.54126306
23/11/2019 2:00,21.58897387
23/11/2019 3:00,21.60495833
23/11/2019 4:00,21.57055225
23/11/2019 5:00,21.51171824
23/11/2019 6:00,21.3544879
23/11/2019 7:00,21.30867672
23/11/2019 8:00,21.42201865
23/11/2019 9:00,21.47590761
23/11/2019 10:00,21.48467012
23/11/2019 11:00,21.45387527
23/11/2019 12:00,21.43645802
23/11/2019 13:00,21.48005147
23/11/2019 14:00,21.34519705
23/11/2019 15:00,21.25971299
23/11/2019 16:00,21.22720611
23/11/2019 17:00,21.37830058
23/11/2019 18:00,21.17620795
23/11/2019 19:00,21.13578939
23/11/2019 20:00,21.12045776
23/11/2019 21:00,21.19860781
23/11/2019 22:00,21.35760687
23/11/2019 23:00,21.43325705
24/11/2019 0:00,21.53101125
24/11/2019 1:00,21.56610147
24/11/2019 2:00,21.55643494
24/11/2019 3:00,21.60628636
24/11/2019 4:00,21.56781323
24/11/2019 5:00,21.47994625
24/11/2019 6:00,21.37319857
24/11/2019 7:00,21.34620249
24/11/2019 8:00,21.45910709
24/11/2019 9:00,21.48724547
24/11/2019 10:00,21.5435379
24/11/2019 11:00,21.424259
24/11/2019 12:00,21.40888969
24/11/2019 13:00,21.47527131
24/11/2019 14:00,21.37262008
24/11/2019 15:00,21.26683207
24/11/2019 16:00,21.23827809
24/11/2019 17:00,21.39037346
24/11/2019 18:00,21.17052374
24/11/2019 19:00,21.09916402
24/11/2019 20:00,21.2001661
24/11/2019 21:00,21.21842114
24/11/2019 22:00,21.30057857
24/11/2019 23:00,21.39568574
25/11/2019 0:00,21.35226011
25/11/2019 1:00,21.48021841
25/11/2019 2:00,21.44210491
25/11/2019 3:00,21.51749935
25/11/2019 4:00,21.48941853
25/11/2019 5:00,21.37180288
25/11/2019 6:00,21.22883158
25/11/2019 7:00,21.17281888
25/11/2019 8:00,21.34504667
25/11/2019 9:00,21.35904318
25/11/2019 10:00,21.34524587
25/11/2019 11:00,21.31392426
25/11/2019 12:00,21.32666049
25/11/2019 13:00,21.35128643
25/11/2019 14:00,21.16266227
25/11/2019 15:00,21.14379787
25/11/2019 16:00,21.04538696
25/11/2019 17:00,21.24098483
25/11/2019 18:00,21.02290655
25/11/2019 19:00,20.90561454
25/11/2019 20:00,21.03631162
25/11/2019 21:00,21.1119203
25/11/2019 22:00,21.25137101
25/11/2019 23:00,21.32707741
26/11/2019 0:00,21.38502631
26/11/2019 1:00,21.46482294
26/11/2019 2:00,21.51997996
26/11/2019 3:00,21.51988588
26/11/2019 4:00,21.50657309
26/11/2019 5:00,21.40416305
26/11/2019 6:00,21.2020613
26/11/2019 7:00,21.21672912
26/11/2019 8:00,21.28467911
26/11/2019 9:00,21.35544723
26/11/2019 10:00,21.37319033
26/11/2019 11:00,21.31990211
26/11/2019 12:00,21.31171472
26/11/2019 13:00,21.34460114
26/11/2019 14:00,21.18755898
26/11/2019 15:00,21.07447408
26/11/2019 16:00,21.07320698
26/11/2019 17:00,21.22145381
26/11/2019 18:00,21.03977566
26/11/2019 19:00,20.94393744
26/11/2019 20:00,21.0046227
26/11/2019 21:00,21.09429429
26/11/2019 22:00,21.21655232
26/11/2019 23:00,21.30237236
27/11/2019 0:00,21.38544907
27/11/2019 1:00,21.43933486
27/11/2019 2:00,21.51842183
27/11/2019 3:00,21.48763133
27/11/2019 4:00,21.48415877
27/11/2019 5:00,21.36569632
27/11/2019 6:00,21.23775803
27/11/2019 7:00,21.17959432
27/11/2019 8:00,21.30387483
27/11/2019 9:00,21.38794864
27/11/2019 10:00,21.36017944
27/11/2019 11:00,21.27838353
27/11/2019 12:00,21.33383
27/11/2019 13:00,21.32992387
27/11/2019 14:00,21.20143686
27/11/2019 15:00,21.06365246
27/11/2019 16:00,21.13687433
27/11/2019 17:00,21.16897907
27/11/2019 18:00,20.97837955
27/11/2019 19:00,20.95431312
27/11/2019 20:00,21.06306401
27/11/2019 21:00,21.07060957
27/11/2019 22:00,21.23765029
27/11/2019 23:00,21.30292769
28/11/2019 0:00,21.40460551
28/11/2019 1:00,21.48099442
28/11/2019 2:00,21.47401137
28/11/2019 3:00,21.49642796
28/11/2019 4:00,21.459319
28/11/2019 5:00,21.37890017
28/11/2019 6:00,21.25177157
28/11/2019 7:00,21.15457883
28/11/2019 8:00,21.31553517
28/11/2019 9:00,21.38276699
28/11/2019 10:00,21.34244724
28/11/2019 11:00,21.25905147
28/11/2019 12:00,21.33016635
28/11/2019 13:00,21.31070545
28/11/2019 14:00,21.19263603
28/11/2019 15:00,21.10246072
28/11/2019 16:00,21.08465653
28/11/2019 17:00,21.18975687
28/11/2019 18:00,21.05454684
28/11/2019 19:00,20.91738915
28/11/2019 20:00,21.01443529
28/11/2019 21:00,21.09439235
28/11/2019 22:00,21.1683731
28/11/2019 23:00,21.3229716
29/11/2019 0:00,21.42197677
29/11/2019 1:00,21.44009125
29/11/2019 2:00,21.46509422
29/11/2019 3:00,21.49935298
29/11/2019 4:00,21.49061291
29/11/2019 5:00,21.39047808
29/11/2019 6:00,21.21058438
29/11/2019 7:00,21.17384494
29/11/2019 8:00,21.33651618
29/11/2019 9:00,21.33615498
29/11/2019 10:00,21.37255173
29/11/2019 11:00,21.35504666
29/11/2019 12:00,21.35259277
29/11/2019 13:00,21.37401076
29/11/2019 14:00,21.1983213
29/11/2019 15:00,21.03082916
29/11/2019 16:00,21.05720287
29/11/2019 17:00,21.25737893
29/11/2019 18:00,21.02110004
29/11/2019 19:00,20.95675215
29/11/2019 20:00,20.98392817
29/11/2019 21:00,21.06130144
29/11/2019 22:00,21.16334811
29/11/2019 23:00,21.3143309
30/11/2019 0:00,21.48989792
30/11/2019 1:00,21.54555369
30/11/2019 2:00,21.5991961
30/11/2019 3:00,21.56764401
30/11/2019 4:00,21.56835154
30/11/2019 5:00,21.50581342
30/11/2019 6:00,21.31157935
30/11/2019 7:00,21.27542333
30/11/2019 8:00,21.43366203
30/11/2019 9:00,21.4801971
30/11/2019 10:00,21.49190486
30/11/2019 11:00,21.42125494
30/11/2019 12:00,21.42488981
30/11/2019 13:00,21.46689367
30/11/2019 14:00,21.33565166
30/11/2019 15:00,21.20917381
30/11/2019 16:00,21.23479036
30/11/2019 17:00,21.34373886
30/11/2019 18:00,21.20279764
30/11/2019 19:00,21.11069589
30/11/2019 20:00,21.17000355
30/11/2019 21:00,21.23929591
30/11/2019 22:00,21.34550243
30/11/2019 23:00,21.40712919
1/12/2019 0:00,21.53248615
1/12/2019 1:00,21.57297733
1/12/2019 2:00,21.55456082
1/12/2019 3:00,21.58656946
1/12/2019 4:00,21.61221031
1/12/2019 5:00,21.50074587
1/12/2019 6:00,21.39198384
1/12/2019 7:00,21.34793869
1/12/2019 8:00,21.49864303
1/12/2019 9:00,21.47283048
1/12/2019 10:00,21.51047966
1/12/2019 11:00,21.43492963
1/12/2019 12:00,21.48453713
1/12/2019 13:00,21.47660654
1/12/2019 14:00,21.34841849
1/12/2019 15:00,21.20943512
1/12/2019 16:00,21.18725796
1/12/2019 17:00,21.35071371
1/12/2019 18:00,21.20387989
1/12/2019 19:00,21.06337053
1/12/2019 20:00,21.21165874
1/12/2019 21:00,21.27524622
1/12/2019 22:00,21.33858545
1/12/2019 23:00,21.38846874
2/12/2019 0:00,21.41767081
2/12/2019 1:00,21.4660581
2/12/2019 2:00,21.52187771
2/12/2019 3:00,21.49387566
2/12/2019 4:00,21.45975414
2/12/2019 5:00,21.36149199
2/12/2019 6:00,21.2301306
2/12/2019 7:00,21.20278697
2/12/2019 8:00,21.33993075
2/12/2019 9:00,21.34693055
2/12/2019 10:00,21.39622099
2/12/2019 11:00,21.33924524
2/12/2019 12:00,21.33547103
2/12/2019 13:00,21.36846686
2/12/2019 14:00,21.20550921
2/12/2019 15:00,21.0658624
2/12/2019 16:00,21.05347045
2/12/2019 17:00,21.23931757
2/12/2019 18:00,21.0223587
2/12/2019 19:00,20.97984978
2/12/2019 20:00,20.99150927
2/12/2019 21:00,21.07498011
2/12/2019 22:00,21.23930143
2/12/2019 23:00,21.28952639
3/12/2019 0:00,21.43210878
3/12/2019 1:00,21.46066475
3/12/2019 2:00,21.47319848
3/12/2019 3:00,21.49424398
3/12/2019 4:00,21.47739677
3/12/2019 5:00,21.38717801
3/12/2019 6:00,21.18663291
3/12/2019 7:00,21.16384302
3/12/2019 8:00,21.32675225
3/12/2019 9:00,21.37167519
3/12/2019 10:00,21.42192091
3/12/2019 11:00,21.30834188
3/12/2019 12:00,21.33180202
3/12/2019 13:00,21.33517957
3/12/2019 14:00,21.18532352
3/12/2019 15:00,21.04758319
3/12/2019 16:00,21.08534184
3/12/2019 17:00,21.20316979
3/12/2019 18:00,21.04615803
3/12/2019 19:00,20.91585471
3/12/2019 20:00,21.04541605
3/12/2019 21:00,21.07229189
3/12/2019 22:00,21.25274533
3/12/2019 23:00,21.32023002
4/12/2019 0:00,21.40399252
4/12/2019 1:00,21.47271358
4/12/2019 2:00,21.51457739
4/12/2019 3:00,21.49569074
4/12/2019 4:00,21.48004058
4/12/2019 5:00,21.39000938
4/12/2019 6:00,21.21163302
4/12/2019 7:00,21.10811075
4/12/2019 8:00,21.28308388
4/12/2019 9:00,21.32562856
4/12/2019 10:00,21.36408932
4/12/2019 11:00,21.30747116
4/12/2019 12:00,21.38776288
4/12/2019 13:00,21.37759889
4/12/2019 14:00,21.20988972
4/12/2019 15:00,21.15092591
4/12/2019 16:00,21.10211692
4/12/2019 17:00,21.28780447
4/12/2019 18:00,21.02976213
4/12/2019 19:00,20.91436205
4/12/2019 20:00,20.95688354
4/12/2019 21:00,21.06657715
4/12/2019 22:00,21.22422266
4/12/2019 23:00,21.36060382
5/12/2019 0:00,21.45069824
5/12/2019 1:00,21.48744284
5/12/2019 2:00,21.51156305
5/12/2019 3:00,21.51396868
5/12/2019 4:00,21.49750045
5/12/2019 5:00,21.37153732
5/12/2019 6:00,21.21919277
5/12/2019 7:00,21.18378948
5/12/2019 8:00,21.28428223
5/12/2019 9:00,21.38133456
5/12/2019 10:00,21.36531683
5/12/2019 11:00,21.31305483
5/12/2019 12:00,21.33847756
5/12/2019 13:00,21.34179488
5/12/2019 14:00,21.17128337
5/12/2019 15:00,21.12177621
5/12/2019 16:00,21.07073381
5/12/2019 17:00,21.22729606
5/12/2019 18:00,21.03760775
5/12/2019 19:00,20.92283466
5/12/2019 20:00,20.98543332
5/12/2019 21:00,21.02139543
5/12/2019 22:00,21.24006191
5/12/2019 23:00,21.31671537
6/12/2019 0:00,21.43268395
6/12/2019 1:00,21.45052897
6/12/2019 2:00,21.52514475
6/12/2019 3:00,21.50477602
6/12/2019 4:00,21.49013901
6/12/2019 5:00,21.39545761
6/12/2019 6:00,21.25262335
6/12/2019 7:00,21.1971978
6/12/2019 8:00,21.28602913
6/12/2019 9:00,21.35464104
6/12/2019 10:00,21.3610728
6/12/2019 11:00,21.27174154
6/12/2019 12:00,21.32453591
6/12/2019 13:00,21.3762811
6/12/2019 14:00,21.18394816
6/12/2019 15:00,21.10981706
6/12/2019 16:00,21.08212321
6/12/2019 17:00,21.27609456
6/12/2019 18:00,20.99746979
6/12/2019 19:00,20.95797815
6/12/2019 20:00,20.98885628
6/12/2019 21:00,21.11265978
6/12/2019 22:00,21.1850454
6/12/2019 23:00,21.33224141
7/12/2019 0:00,21.52188334
7/12/2019 1:00,21.54605661
7/12/2019 2:00,21.575572
7/12/2019 3:00,21.60190903
7/12/2019 4:00,21.60224568
7/12/2019 5:00,21.43375157
7/12/2019 6:00,21.30941595
7/12/2019 7:00,21.30925835
7/12/2019 8:00,21.45202147
7/12/2019 9:00,21.47406651
7/12/2019 10:00,21.50067321
7/12/2019 11:00,21.41144733
7/12/2019 12:00,21.44754468
7/12/2019 13:00,21.49556578
7/12/2019 14:00,21.35178851
7/12/2019 15:00,21.22174745
7/12/2019 16:00,21.18462618
7/12/2019 17:00,21.33501184
7/12/2019 18:00,21.17342609
7/12/2019 19:00,21.13146032
7/12/2019 20:00,21.26035962
7/12/2019 21:00,21.22986363
7/12/2019 22:00,21.33665406
7/12/2019 23:00,21.43181839
8/12/2019 0:00,21.51837351
8/12/2019 1:00,21.58271397
8/12/2019 2:00,21.57925434
8/12/2019 3:00,21.59187398
8/12/2019 4:00,21.56259424
8/12/2019 5:00,21.4723208
8/12/2019 6:00,21.33596884
8/12/2019 7:00,21.33678527
8/12/2019 8:00,21.43801772
8/12/2019 9:00,21.46998506
8/12/2019 10:00,21.48796355
8/12/2019 11:00,21.41685059
8/12/2019 12:00,21.43951186
8/12/2019 13:00,21.43893905
8/12/2019 14:00,21.28694621
8/12/2019 15:00,21.24955719
8/12/2019 16:00,21.33322433
8/12/2019 17:00,21.34144432
8/12/2019 18:00,21.20987936
8/12/2019 19:00,21.14810846
8/12/2019 20:00,21.1782574
8/12/2019 21:00,21.24973005
8/12/2019 22:00,21.32217305
8/12/2019 23:00,21.46656376
9/12/2019 0:00,21.43627908
9/12/2019 1:00,21.45567771
9/12/2019 2:00,21.48332631
9/12/2019 3:00,21.49941021
9/12/2019 4:00,21.49314812
9/12/2019 5:00,21.40089279
9/12/2019 6:00,21.22675368
9/12/2019 7:00,21.1772912
9/12/2019 8:00,21.27600728
9/12/2019 9:00,21.4019848
9/12/2019 10:00,21.38033594
9/12/2019 11:00,21.3462615
9/12/2019 12:00,21.37093069
9/12/2019 13:00,21.34029641
9/12/2019 14:00,21.18139639
9/12/2019 15:00,21.07772892
9/12/2019 16:00,21.03525492
9/12/2019 17:00,21.2480261
9/12/2019 18:00,21.04294183
9/12/2019 19:00,20.86471328
9/12/2019 20:00,21.00365415
9/12/2019 21:00,21.05638097
9/12/2019 22:00,21.19708375
9/12/2019 23:00,21.35857443
10/12/2019 0:00,21.45680309
10/12/2019 1:00,21.47385656
10/12/2019 2:00,21.47522498
10/12/2019 3:00,21.49674221
10/12/2019 4:00,21.46050535
10/12/2019 5:00,21.40108826
10/12/2019 6:00,21.16815353
10/12/2019 7:00,21.21183076
10/12/2019 8:00,21.30763664
10/12/2019 9:00,21.35419542
10/12/2019 10:00,21.37918509
10/12/2019 11:00,21.27950196
10/12/2019 12:00,21.34776608
10/12/2019 13:00,21.39435589
10/12/2019 14:00,21.19627326
10/12/2019 15:00,21.10461505
10/12/2019 16:00,20.95434455
10/12/2019 17:00,21.21673555
10/12/2019 18:00,21.04216349
10/12/2019 19:00,20.98218061
10/12/2019 20:00,21.05990959
10/12/2019 21:00,21.11231909
10/12/2019 22:00,21.1940424
10/12/2019 23:00,21.27901599
11/12/2019 0:00,21.3894767
11/12/2019 1:00,21.45792767
11/12/2019 2:00,21.50100434
11/12/2019 3:00,21.50618423
11/12/2019 4:00,21.48800311
11/12/2019 5:00,21.34072856
11/12/2019 6:00,21.21800509
11/12/2019 7:00,21.18664487
11/12/2019 8:00,21.36727467
11/12/2019 9:00,21.35825238
11/12/2019 10:00,21.35568391
11/12/2019 11:00,21.33926374
11/12/2019 12:00,21.34856786
11/12/2019 13:00,21.34384182
11/12/2019 14:00,21.23865287
11/12/2019 15:00,21.05743884
11/12/2019 16:00,21.08184116
11/12/2019 17:00,21.24506585
11/12/2019 18:00,21.06601651
11/12/2019 19:00,20.93033277
11/12/2019 20:00,20.90996795
11/12/2019 21:00,21.05490462
11/12/2019 22:00,21.22145152
11/12/2019 23:00,21.28612003
12/12/2019 0:00,21.42010284
12/12/2019 1:00,21.43531722
12/12/2019 2:00,21.47989057
12/12/2019 3:00,21.56441573
12/12/2019 4:00,21.49730724
12/12/2019 5:00,21.35802405
12/12/2019 6:00,21.20860538
12/12/2019 7:00,21.21296468
12/12/2019 8:00,21.32767994
12/12/2019 9:00,21.39796
12/12/2019 10:00,21.37640673
12/12/2019 11:00,21.25678525
12/12/2019 12:00,21.31002098
12/12/2019 13:00,21.31054952
12/12/2019 14:00,21.17045305
12/12/2019 15:00,21.05774703
12/12/2019 16:00,20.99929129
12/12/2019 17:00,21.22412379
12/12/2019 18:00,21.03474058
12/12/2019 19:00,20.90660469
12/12/2019 20:00,20.94486446
12/12/2019 21:00,21.09501656
12/12/2019 22:00,21.21746021
12/12/2019 23:00,21.31036654
13/12/2019 0:00,21.39566109
13/12/2019 1:00,21.44670022
13/12/2019 2:00,21.52154692
13/12/2019 3:00,21.476302
13/12/2019 4:00,21.49035212
13/12/2019 5:00,21.38500662
13/12/2019 6:00,21.23766
13/12/2019 7:00,21.10615757
13/12/2019 8:00,21.3057967
13/12/2019 9:00,21.37295744
13/12/2019 10:00,21.35466628
13/12/2019 11:00,21.29303026
13/12/2019 12:00,21.33445398
13/12/2019 13:00,21.342279
13/12/2019 14:00,21.21953805
13/12/2019 15:00,21.10655524
13/12/2019 16:00,21.12951101
13/12/2019 17:00,21.26960248
13/12/2019 18:00,20.96789883
13/12/2019 19:00,20.88450304
13/12/2019 20:00,20.99287287
13/12/2019 21:00,21.02680882
13/12/2019 22:00,21.20174577
13/12/2019 23:00,21.31965377
14/12/2019 0:00,21.51832661
14/12/2019 1:00,21.56274647
14/12/2019 2:00,21.59143893
14/12/2019 3:00,21.58402795
14/12/2019 4:00,21.57121607
14/12/2019 5:00,21.47672616
14/12/2019 6:00,21.32603729
14/12/2019 7:00,21.31685572
14/12/2019 8:00,21.45547803
14/12/2019 9:00,21.49730854
14/12/2019 10:00,21.48600462
14/12/2019 11:00,21.4402264
14/12/2019 12:00,21.44975443
14/12/2019 13:00,21.4789721
14/12/2019 14:00,21.27629956
14/12/2019 15:00,21.2858329
14/12/2019 16:00,21.28137149
14/12/2019 17:00,21.36058861
14/12/2019 18:00,21.20527806
14/12/2019 19:00,21.11418958
14/12/2019 20:00,21.14977585
14/12/2019 21:00,21.20345866
14/12/2019 22:00,21.37208716
14/12/2019 23:00,21.44607373
15/12/2019 0:00,21.51164459
15/12/2019 1:00,21.54784457
15/12/2019 2:00,21.55341541
15/12/2019 3:00,21.58690937
15/12/2019 4:00,21.57456678
15/12/2019 5:00,21.50685182
15/12/2019 6:00,21.36308529
15/12/2019 7:00,21.34073694
15/12/2019 8:00,21.42196672
15/12/2019 9:00,21.46567496
15/12/2019 10:00,21.51441165
15/12/2019 11:00,21.44577481
15/12/2019 12:00,21.43349013
15/12/2019 13:00,21.47180307
15/12/2019 14:00,21.32518325
15/12/2019 15:00,21.2400122
15/12/2019 16:00,21.18243628
15/12/2019 17:00,21.36367377
15/12/2019 18:00,21.20554753
15/12/2019 19:00,21.15157207
15/12/2019 20:00,21.15947432
15/12/2019 21:00,21.30284795
15/12/2019 22:00,21.34095366
15/12/2019 23:00,21.43889624
16/12/2019 0:00,21.44236903
16/12/2019 1:00,21.48073575
16/12/2019 2:00,21.47983482
16/12/2019 3:00,21.50687648
16/12/2019 4:00,21.47610237
16/12/2019 5:00,21.37226523
16/12/2019 6:00,21.21023373
16/12/2019 7:00,21.14879582
16/12/2019 8:00,21.30965437
16/12/2019 9:00,21.38780729
16/12/2019 10:00,21.33718927
16/12/2019 11:00,21.30304646
16/12/2019 12:00,21.34427332
16/12/2019 13:00,21.39140875
16/12/2019 14:00,21.18473635
16/12/2019 15:00,21.09495214
16/12/2019 16:00,21.01316241
16/12/2019 17:00,21.24439307
16/12/2019 18:00,21.05645736
16/12/2019 19:00,20.91156882
16/12/2019 20:00,20.96316471
16/12/2019 21:00,21.07440619
16/12/2019 22:00,21.17830348
16/12/2019 23:00,21.31465648
17/12/2019 0:00,21.40838869
17/12/2019 1:00,21.43945556
17/12/2019 2:00,21.48328192
17/12/2019 3:00,21.51414166
17/12/2019 4:00,21.45208213
17/12/2019 5:00,21.43172489
17/12/2019 6:00,21.15607988
17/12/2019 7:00,21.2325449
17/12/2019 8:00,21.32736713
17/12/2019 9:00,21.3533587
17/12/2019 10:00,21.37389852
17/12/2019 11:00,21.2829856
17/12/2019 12:00,21.35102052
17/12/2019 13:00,21.35126176
17/12/2019 14:00,21.20803247
17/12/2019 15:00,21.07829082
17/12/2019 16:00,21.06403747
17/12/2019 17:00,21.23150011
17/12/2019 18:00,21.04685972
17/12/2019 19:00,20.962462
17/12/2019 20:00,20.98522326
17/12/2019 21:00,21.0497381
17/12/2019 22:00,21.21401126
17/12/2019 23:00,21.33483322
18/12/2019 0:00,21.40030597
18/12/2019 1:00,21.46308639
18/12/2019 2:00,21.47944504
18/12/2019 3:00,21.52750916
18/12/2019 4:00,21.51215453
18/12/2019 5:00,21.39097701
18/12/2019 6:00,21.23390724
18/12/2019 7:00,21.18636316
18/12/2019 8:00,21.32790133
18/12/2019 9:00,21.33547125
18/12/2019 10:00,21.38075355
18/12/2019 11:00,21.30804313
18/12/2019 12:00,21.32553356
18/12/2019 13:00,21.35708621
18/12/2019 14:00,21.19624661
18/12/2019 15:00,21.07429373
18/12/2019 16:00,21.09015451
18/12/2019 17:00,21.19711428
18/12/2019 18:00,21.03638884
18/12/2019 19:00,20.99139548
18/12/2019 20:00,20.98864991
18/12/2019 21:00,21.10679866
18/12/2019 22:00,21.17861266
18/12/2019 23:00,21.2599467
19/12/2019 0:00,21.43009289
19/12/2019 1:00,21.45589049
19/12/2019 2:00,21.52772285
19/12/2019 3:00,21.50282076
19/12/2019 4:00,21.4950392
19/12/2019 5:00,21.39302264
19/12/2019 6:00,21.24312706
19/12/2019 7:00,21.16297983
19/12/2019 8:00,21.2870531
19/12/2019 9:00,21.35219013
19/12/2019 10:00,21.39374446
19/12/2019 11:00,21.27180738
19/12/2019 12:00,21.34749061
19/12/2019 13:00,21.41194824
19/12/2019 14:00,21.18208249
19/12/2019 15:00,21.12531093
19/12/2019 16:00,21.03035579
19/12/2019 17:00,21.24335141
19/12/2019 18:00,21.00827614
19/12/2019 19:00,20.89321777
19/12/2019 20:00,21.03681667
19/12/2019 21:00,21.09774614
19/12/2019 22:00,21.19938204
19/12/2019 23:00,21.27633074
20/12/2019 0:00,21.42736828
20/12/2019 1:00,21.47416229
20/12/2019 2:00,21.48603347
20/12/2019 3:00,21.52154748
20/12/2019 4:00,21.47512867
20/12/2019 5:00,21.41364858
20/12/2019 6:00,21.15158609
20/12/2019 7:00,21.22173945
20/12/2019 8:00,21.3188846
20/12/2019 9:00,21.35262702
20/12/2019 10:00,21.32915033
20/12/2019 11:00,21.34397595
20/12/2019 12:00,21.2796238
20/12/2019 13:00,21.34259
20/12/2019 14:00,21.181658
20/12/2019 15:00,21.11975591
20/12/2019 16:00,21.04279799
20/12/2019 17:00,21.25212613
20/12/2019 18:00,20.98605618
20/12/2019 19:00,20.97911113
20/12/2019 20:00,20.99905034
20/12/2019 21:00,21.09740759
20/12/2019 22:00,21.22489715
20/12/2019 23:00,21.29571665
21/12/2019 0:00,21.50972872
21/12/2019 1:00,21.54053971
21/12/2019 2:00,21.61608054
21/12/2019 3:00,21.5852443
21/12/2019 4:00,21.53301657
21/12/2019 5:00,21.49861177
21/12/2019 6:00,21.30594038
21/12/2019 7:00,21.33243327
21/12/2019 8:00,21.46352769
21/12/2019 9:00,21.47610286
21/12/2019 10:00,21.46788608
21/12/2019 11:00,21.45351403
21/12/2019 12:00,21.46317889
21/12/2019 13:00,21.46595174
21/12/2019 14:00,21.33747992
21/12/2019 15:00,21.23244899
21/12/2019 16:00,21.21789918
21/12/2019 17:00,21.3555956
21/12/2019 18:00,21.20684645
21/12/2019 19:00,21.11675217
21/12/2019 20:00,21.19356887
21/12/2019 21:00,21.20334273
21/12/2019 22:00,21.35155152
21/12/2019 23:00,21.41155877
22/12/2019 0:00,21.52353199
22/12/2019 1:00,21.55730748
22/12/2019 2:00,21.59584831
22/12/2019 3:00,21.61714013
22/12/2019 4:00,21.60186808
22/12/2019 5:00,21.50994691
22/12/2019 6:00,21.35751062
22/12/2019 7:00,21.32044569
22/12/2019 8:00,21.41350025
22/12/2019 9:00,21.47881096
22/12/2019 10:00,21.50555384
22/12/2019 11:00,21.46660721
22/12/2019 12:00,21.4413844
22/12/2019 13:00,21.45120206
22/12/2019 14:00,21.30806315
22/12/2019 15:00,21.23099063
22/12/2019 16:00,21.20939844
22/12/2019 17:00,21.3305645
22/12/2019 18:00,21.1853765
22/12/2019 19:00,21.10415607
22/12/2019 20:00,21.17600782
22/12/2019 21:00,21.27414021
22/12/2019 22:00,21.35271856
22/12/2019 23:00,21.43487129
23/12/2019 0:00,21.41207247
23/12/2019 1:00,21.42441087
23/12/2019 2:00,21.49345019
23/12/2019 3:00,21.48963915
23/12/2019 4:00,21.48640091
23/12/2019 5:00,21.38604542
23/12/2019 6:00,21.24939208
23/12/2019 7:00,21.2060791
23/12/2019 8:00,21.30016812
23/12/2019 9:00,21.35368676
23/12/2019 10:00,21.3533021
23/12/2019 11:00,21.30809614
23/12/2019 12:00,21.33880709
23/12/2019 13:00,21.31206885
23/12/2019 14:00,21.19922201
23/12/2019 15:00,21.05448635
23/12/2019 16:00,21.07832634
23/12/2019 17:00,21.21653008
23/12/2019 18:00,20.99741086
23/12/2019 19:00,20.93647232
23/12/2019 20:00,21.07619609
23/12/2019 21:00,21.07918795
23/12/2019 22:00,21.16275196
23/12/2019 23:00,21.3009183
24/12/2019 0:00,21.40387573
24/12/2019 1:00,21.49636043
24/12/2019 2:00,21.50842063
24/12/2019 3:00,21.503594
24/12/2019 4:00,21.47017908
24/12/2019 5:00,21.35198678
24/12/2019 6:00,21.21678313
24/12/2019 7:00,21.17257792
24/12/2019 8:00,21.31196674
24/12/2019 9:00,21.37642252
24/12/2019 10:00,21.42600731
24/12/2019 11:00,21.30128794
24/12/2019 12:00,21.32543284
24/12/2019 13:00,21.37617264
24/12/2019 14:00,21.24191404
24/12/2019 15:00,21.07020598
24/12/2019 16:00,21.07219691
24/12/2019 17:00,21.21933705
24/12/2019 18:00,20.96600387
24/12/2019 19:00,21.0212922
24/12/2019 20:00,21.01927621
24/12/2019 21:00,21.08642202
24/12/2019 22:00,21.15644992
24/12/2019 23:00,21.35344295
25/12/2019 0:00,21.37211037
25/12/2019 1:00,21.45976657
25/12/2019 2:00,21.49676188
25/12/2019 3:00,21.51466436
25/12/2019 4:00,21.48642364
25/12/2019 5:00,21.35570732
25/12/2019 6:00,21.24222538
25/12/2019 7:00,21.17440651
25/12/2019 8:00,21.32198554
25/12/2019 9:00,21.37116942
25/12/2019 10:00,21.31487105
25/12/2019 11:00,21.30157882
25/12/2019 12:00,21.31466302
25/12/2019 13:00,21.3351294
25/12/2019 14:00,21.23654624
25/12/2019 15:00,21.03478193
25/12/2019 16:00,21.1461241
25/12/2019 17:00,21.25580414
25/12/2019 18:00,21.0438236
25/12/2019 19:00,20.92295416
25/12/2019 20:00,20.98759143
25/12/2019 21:00,21.08506971
25/12/2019 22:00,21.19759858
25/12/2019 23:00,21.33748346
26/12/2019 0:00,21.44518766
26/12/2019 1:00,21.44811314
26/12/2019 2:00,21.48200319
26/12/2019 3:00,21.48225747
26/12/2019 4:00,21.49320525
26/12/2019 5:00,21.36364095
26/12/2019 6:00,21.22061049
26/12/2019 7:00,21.1504195
26/12/2019 8:00,21.28737123
26/12/2019 9:00,21.34842706
26/12/2019 10:00,21.38226714
26/12/2019 11:00,21.2881218
26/12/2019 12:00,21.31390886
26/12/2019 13:00,21.37797469
26/12/2019 14:00,21.23394052
26/12/2019 15:00,21.10015141
26/12/2019 16:00,21.01479307
26/12/2019 17:00,21.20423297
26/12/2019 18:00,21.06563123
26/12/2019 19:00,20.98620895
26/12/2019 20:00,20.95107001
26/12/2019 21:00,21.11582033
26/12/2019 22:00,21.18298882
26/12/2019 23:00,21.32870151
27/12/2019 0:00,21.37891338
27/12/2019 1:00,21.47762747
27/12/2019 2:00,21.47359236
27/12/2019 3:00,21.50770954
27/12/2019 4:00,21.47321574
27/12/2019 5:00,21.42295897
27/12/2019 6:00,21.27340843
27/12/2019 7:00,21.18955
27/12/2019 8:00,21.3047064
27/12/2019 9:00,21.37797487
27/12/2019 10:00,21.39792034
27/12/2019 11:00,21.29660065
27/12/2019 12:00,21.31414821
27/12/2019 13:00,21.36286938
27/12/2019 14:00,21.1703513
27/12/2019 15:00,21.12457259
27/12/2019 16:00,21.07234006
27/12/2019 17:00,21.18748387
27/12/2019 18:00,21.02619544
27/12/2019 19:00,20.93944708
27/12/2019 20:00,20.9153127
27/12/2019 21:00,21.12417874
27/12/2019 22:00,21.17493497
27/12/2019 23:00,21.27324988
28/12/2019 0:00,21.52516882
28/12/2019 1:00,21.54635964
28/12/2019 2:00,21.60352116
28/12/2019 3:00,21.61209661
28/12/2019 4:00,21.56741245
28/12/2019 5:00,21.47510633
28/12/2019 6:00,21.32395501
28/12/2019 7:00,21.28630871
28/12/2019 8:00,21.43331093
28/12/2019 9:00,21.44444834
28/12/2019 10:00,21.49282337
28/12/2019 11:00,21.41505339
28/12/2019 12:00,21.44409002
28/12/2019 13:00,21.46619022
28/12/2019 14:00,21.32254874
28/12/2019 15:00,21.28569311
28/12/2019 16:00,21.25032712
28/12/2019 17:00,21.36327185
28/12/2019 18:00,21.24202388
28/12/2019 19:00,21.09852666
28/12/2019 20:00,21.14142402
28/12/2019 21:00,21.22906147
28/12/2019 22:00,21.36300845
28/12/2019 23:00,21.40640548
29/12/2019 0:00,21.48273381
29/12/2019 1:00,21.55822137
29/12/2019 2:00,21.57999389
29/12/2019 3:00,21.59847766
29/12/2019 4:00,21.56505676
29/12/2019 5:00,21.49237226
29/12/2019 6:00,21.3507974
29/12/2019 7:00,21.30205328
29/12/2019 8:00,21.38154101
29/12/2019 9:00,21.494101
29/12/2019 10:00,21.48650134
29/12/2019 11:00,21.4574291
29/12/2019 12:00,21.4148123
29/12/2019 13:00,21.48601543
29/12/2019 14:00,21.36742542
29/12/2019 15:00,21.22494424
29/12/2019 16:00,21.17067889
29/12/2019 17:00,21.35011579
29/12/2019 18:00,21.18895395
29/12/2019 19:00,21.11136099
29/12/2019 20:00,21.12563749
29/12/2019 21:00,21.26113673
29/12/2019 22:00,21.33924676
29/12/2019 23:00,21.44394616
30/12/2019 0:00,21.43819385
30/12/2019 1:00,21.46891857
30/12/2019 2:00,21.47425921
30/12/2019 3:00,21.50077244
30/12/2019 4:00,21.46568725
30/12/2019 5:00,21.37583127
30/12/2019 6:00,21.1983485
30/12/2019 7:00,21.20431946
30/12/2019 8:00,21.31329713
30/12/2019 9:00,21.34354393
30/12/2019 10:00,21.36439672
30/12/2019 11:00,21.30012692
30/12/2019 12:00,21.32919409
30/12/2019 13:00,21.36732016
30/12/2019 14:00,21.10026708
30/12/2019 15:00,21.05693387
30/12/2019 16:00,21.04604868
30/12/2019 17:00,21.23790042
30/12/2019 18:00,21.0435626
30/12/2019 19:00,20.94875018
30/12/2019 20:00,20.9850313
30/12/2019 21:00,21.13941452
30/12/2019 22:00,21.24115402
30/12/2019 23:00,21.3292066
31/12/2019 0:00,21.40895757
31/12/2019 1:00,21.46716247
31/12/2019 2:00,21.46732722
31/12/2019 3:00,21.53796474
31/12/2019 4:00,21.49246407
31/12/2019 5:00,21.34516129
31/12/2019 6:00,21.20917195
31/12/2019 7:00,21.1574716
31/12/2019 8:00,21.25963021
31/12/2019 9:00,21.36855257
31/12/2019 10:00,21.3759589
31/12/2019 11:00,21.31827832
31/12/2019 12:00,21.37681016
31/12/2019 13:00,21.3683765
31/12/2019 14:00,21.16942438
31/12/2019 15:00,21.07204381
31/12/2019 16:00,21.04226161
31/12/2019 17:00,21.24290985
31/12/2019 18:00,21.05040539
31/12/2019 19:00,20.89801893
31/12/2019 20:00,21.01230289
31/12/2019 21:00,21.07041702
31/12/2019 22:00,21.19268644
31/12/2019 23:00,21.27817827
